"gene"	"C6_Tu_time18-WT_Tu_time18"	"C6_no_time6-WT_no_time6"	"C6_no_time6-WT_Tu_time18"	"C6_no_time6-WT_Tu_time18_ESTIMATE"	"C6_no_time6-C6_no_time18"	"WT_no_time6-WT_no_time18"	"C6_Tu_time18-WT_Tu_time18_padj"	"C6_no_time6-WT_no_time6_padj"	"C6_no_time6-C6_no_time18_padj"	"WT_no_time6-WT_no_time18_padj"
"A2M.P01023"	"A2M.P01023"	0.00367891648714717	0.113472685081138	0.0266646105459003	-0.977794158659645	0.901640477568118	0.736531822494955	1	1	1	1
"AAAS.Q9NRG9"	"AAAS.Q9NRG9"	0.0650815368722214	0.0122384059206372	0.0201232074951946	-0.206269068849166	0.00276160069544252	8.00503687498857e-06	1	1	1	0.0456127001136848
"AAGAB.Q6PD74"	"AAGAB.Q6PD74"	0.640860534941779	0.018171028213001	0.493883039703601	-0.113307398040049	0.672817668941593	0.770873222253454	1	1	1	1
"AAK1.Q2M2I8"	"AAK1.Q2M2I8"	0.181376811561977	0.497368553005747	3.90937367466953e-06	-0.622816074892476	0.00811841101673162	0.852286679591982	1	1	1	1
"AAMP.Q13685"	"AAMP.Q13685"	0.313900845755394	0.000317640896639182	0.000215714769305703	0.536480587139731	0.0353009150546534	0.164017648552104	1	1	1	1
"AAR2.Q9Y312"	"AAR2.Q9Y312"	0.432160731503307	0.000330330187026953	0.218692085943163	0.237162580637823	0.946118746744441	0.00180024212003744	1	1	1	1
"AARS1.P49588"	"AARS1.P49588"	0.0181211800033151	0.138034385538993	1.17644979186542e-06	-0.580754931097328	0.856130981668658	0.0123534053399146	1	1	1	1
"AARS2.Q5JTZ9"	"AARS2.Q5JTZ9"	0.0644691826375216	0.292652287207077	0.0850628748557752	-0.29965177742577	0.910308871489643	0.00533710161968145	1	1	1	1
"AARSD1.Q9BTE6"	"AARSD1.Q9BTE6"	0.0352649420826278	0.776756044106533	0.277403959502605	0.11303713089843	0.210830979096816	1.49228736240564e-05	1	1	1	0.0844783875857835
"AASDHPPT.Q9NRN7"	"AASDHPPT.Q9NRN7"	1.40207320418065e-07	1.720216943467e-06	1.23144140740425e-07	0.648232527043708	0.768176090732936	1.5993798139243e-05	0.000809697275414325	0.0097570705033448	1	0.0904609222755582
"AASS.Q9UDR5"	"AASS.Q9UDR5"	3.20124147121465e-06	0.00141955793820379	6.8523600575205e-06	-1.37499509554198	0.0227294464349186	0.00934551397317957	0.0180518006561794	1	1	1
"AATF.Q9NY61"	"AATF.Q9NY61"	0.00153084797318599	0.611582445859357	0.00133062661714302	-0.373995471690687	0.0724178777344332	0.000666024380550691	1	1	1	1
"ABAT.P80404"	"ABAT.P80404"	3.84357297379881e-07	2.46425288121533e-06	9.82251339904796e-08	-0.693553413224785	0.351467987242997	9.09399147173257e-05	0.00220582652966314	0.01395013556056	1	0.499169191883401
"ABCA13.Q86UQ4"	"ABCA13.Q86UQ4"	0.062479791808643	0.874850863960187	0.0678342874600119	0.483995348409946	0.0480862447654475	0.947019441797808	1	1	1	1
"ABCB10.Q9NRK6"	"ABCB10.Q9NRK6"	0.033352176688944	0.75096586715152	0.000138021102644939	-1.10239253297855	0.00195336279962096	5.19246111181355e-06	1	1	1	0.0297320323262444
"ABCB7.O75027"	"ABCB7.O75027"	0.43264469192951	0.00413293115412225	0.0606420560894428	-0.25088814752824	0.0368233450829823	0.0190090620247275	1	1	1	1
"ABCC1.P33527"	"ABCC1.P33527"	0.00911826233261404	0.0560628487842397	0.00169647795341353	0.402285912918811	0.00639416949327093	0.0139074400095908	1	1	1	1
"ABCC4.O15439"	"ABCC4.O15439"	0.026590082779847	0.257815483582118	0.706928749796587	-0.11211096825043	0.26845495416063	0.00042266775730968	1	1	1	1
"ABCD3.P28288"	"ABCD3.P28288"	0.027491056711303	0.00294450081145027	0.00024082783665965	-0.514623450650702	0.00577331922615497	3.30391951413871e-06	1	1	1	0.0189876254477552
"ABCE1.P61221"	"ABCE1.P61221"	0.136267664921755	0.0684280227294123	0.28106210446136	0.112093770293332	0.559767878527955	0.0141637897441244	1	1	1	1
"ABCF1.Q8NE71"	"ABCF1.Q8NE71"	3.14855990907278e-05	0.0116909869239855	0.0112605680699637	0.197853086838558	0.228628986736175	0.4458724744843	0.171942856634465	1	1	1
"ABCF2.Q9UG63"	"ABCF2.Q9UG63"	0.524257004771736	0.0477140710865009	0.137626033747836	-0.127477111555579	0.00932687223910161	0.641973115656563	1	1	1	1
"ABCF3.Q9NUQ8"	"ABCF3.Q9NUQ8"	0.325327502053993	0.11187892020793	0.196032495980638	0.246535018297169	0.52383184107598	0.707480174131957	1	1	1	1
"ABHD10.Q9NUJ1"	"ABHD10.Q9NUJ1"	0.744792449714286	0.679272667943894	0.10756056447883	-0.225930071110683	0.0209270089342433	0.00232399445694144	1	1	1	1
"ABHD11.Q8NFV4"	"ABHD11.Q8NFV4"	0.0367987169737025	0.0376908736061493	0.085909941021923	-0.450372733879078	0.698505404312411	0.616980672360387	1	1	1	1
"ABHD12.Q8N2K0"	"ABHD12.Q8N2K0"	0.00545920159496169	0.581824363865414	0.634197759046365	-0.0573657423049538	0.147248974873673	0.000729140542428498	1	1	1	1
"ABHD14B.Q96IU4"	"ABHD14B.Q96IU4"	3.31650286417388e-08	2.57595123092624e-07	3.79612710952137e-08	-0.836482230705895	0.00580698163022344	2.46030585918631e-05	0.000192357166122085	0.00148271752852114	1	0.138244586227679
"ABHD16A.O95870"	"ABHD16A.O95870"	0.0122932053507225	0.0162983287138999	0.66563075421691	0.138278422518327	0.172675765846984	0.359805045489772	1	1	1	1
"ABI1.Q8IZP0"	"ABI1.Q8IZP0"	0.325636823171911	0.443209038358481	0.0157413778337843	0.240963830309237	0.042466245854817	0.000497507086409981	1	1	1	1
"ABI2.Q9NYB9"	"ABI2.Q9NYB9"	0.168322046677398	0.122296182006424	0.00559390836275388	0.349674893241739	0.0425081913682655	0.0614872970998287	1	1	1	1
"ABI3.Q9P2A4"	"ABI3.Q9P2A4"	0.679322260506206	0.220861250605268	0.197639368283001	0.594540438806582	0.25513684295591	0.739646087918825	1	1	1	1
"ABITRAM.Q9NX38"	"ABITRAM.Q9NX38"	0.535638176077362	0.86128194823531	0.3757704598814	-0.168457389802074	0.504724417418637	0.33008180056538	1	1	1	1
"ABL2.P42684"	"ABL2.P42684"	0.0122502623723404	0.0431773977729399	0.0021911981790448	0.461124868840741	0.176160813035165	0.00994373570455324	1	1	1	1
"ABLIM1.O14639"	"ABLIM1.O14639"	0.0219867430086134	0.0279714627844208	0.232928306119809	-0.091387142711556	0.00912738642291685	0.398480828502828	1	1	1	1
"ABRACL.Q9P1F3"	"ABRACL.Q9P1F3"	0.0928185630680847	0.00258316551382303	0.767153501852844	0.0489124003482726	0.000868030714273139	6.76436392889988e-08	1	1	1	0.000396865231708556
"ABRAXAS2.Q15018"	"ABRAXAS2.Q15018"	0.124987994574073	0.0021160775128077	0.277658127519376	-0.133876384410488	0.156065951358006	0.756041654741415	1	1	1	1
"ABR.Q12979"	"ABR.Q12979"	0.86667224197474	0.262181968730781	0.801453074563949	0.0693148761653217	0.440434738865779	0.942243830037295	1	1	1	1
"ABT1.Q9ULW3"	"ABT1.Q9ULW3"	0.754434405880199	0.0466035497804594	0.55281534914598	-0.215415002648646	0.518216426772853	0.864837121453382	1	1	1	1
"ACAA1.P09110"	"ACAA1.P09110"	5.16566214702589e-10	4.72259850142578e-05	7.28353946172719e-13	-1.85352932702626	1.63530941374015e-06	5.70487958932995e-09	3.02862771680128e-06	0.255539804912149	0.00964832554106689	3.36131505403321e-05
"ACAA2.P42765"	"ACAA2.P42765"	0.0493447722317921	0.485434015109915	0.00463939633078289	-0.386772834721696	0.0206070694757145	0.0169898101556364	1	1	1	1
"ACACA.Q13085"	"ACACA.Q13085"	0.281768739530361	0.232956737279865	0.0134536645395685	0.251245243229806	0.0221924355331008	0.154854831987819	1	1	1	1
"ACAD8.Q9UKU7"	"ACAD8.Q9UKU7"	0.0110869903227397	0.607584754151926	0.00921205178431451	-1.58447585638807	0.457585280719664	0.0436234899849542	1	1	1	1
"ACAD9.Q9H845"	"ACAD9.Q9H845"	0.0417706256996616	0.770778930760563	0.0385942022043237	-0.219593224656406	0.000426062997281953	2.95159957160195e-05	1	1	1	0.165407639992573
"ACADM.P11310"	"ACADM.P11310"	1.19760532898729e-05	0.00106865777963866	7.31808360013355e-05	-0.55675642881857	0.996492767765528	0.00374820204904839	0.0662994310127365	1	1	1
"ACADSB.P45954"	"ACADSB.P45954"	0.045014412577963	0.743053139079617	0.0293892451732297	-0.439917165431841	0.0997192253006909	0.00719179214730956	1	1	1	1
"ACADVL.P49748"	"ACADVL.P49748"	0.653778274563499	0.217458865241247	0.181934083670361	-0.113566873392419	0.425378229486214	0.00143974344540779	1	1	1	1
"ACAP2.Q15057"	"ACAP2.Q15057"	0.0124564354504865	0.00432102294473095	0.0299238861329825	0.402328191730301	0.217366270205524	0.0380813029440702	1	1	1	1
"ACAT1.P24752"	"ACAT1.P24752"	0.49039805300201	0.010104385621625	0.257957958609048	-0.155322895391298	0.00217047350872294	0.000149953365604231	1	1	1	0.811247707918891
"ACAT2.Q9BWD1"	"ACAT2.Q9BWD1"	0.0637802703239223	0.245656451796925	0.207471957435018	-0.177594703576378	0.34240712620737	0.376399621813858	1	1	1	1
"ACBD3.Q9H3P7"	"ACBD3.Q9H3P7"	0.0354138858321764	0.0537065474149938	0.201624783575128	-0.112823725815139	0.0575512751770848	0.722990348651654	1	1	1	1
"ACBD5.Q5T8D3"	"ACBD5.Q5T8D3"	0.0707778256690701	0.69657288120403	0.634715355094714	-0.147817835963149	0.543046972721436	0.0440507696038458	1	1	1	1
"ACBD6.Q9BR61"	"ACBD6.Q9BR61"	0.00150810379459012	0.004465962566144	0.00127996817015044	0.520879887133878	0.0443022557101573	0.00225701415622847	1	1	1	1
"ACIN1.Q9UKV3"	"ACIN1.Q9UKV3"	0.827989064913523	0.597239018516131	0.0620539954063177	-0.180170558021519	0.000219471158693088	0.0147717913143374	1	1	1	1
"ACLY.P53396"	"ACLY.P53396"	5.20717549453751e-09	7.25913515879571e-10	4.13167253224379e-09	0.614893562473687	0.0607058700328086	0.0658507749624423	3.03734546596373e-05	4.25167546250665e-06	1	1
"ACO1.P21399"	"ACO1.P21399"	7.49609817378963e-08	0.000151173383965879	0.000257735532658279	0.45944903236883	0.0244222307831166	0.137194827706402	0.000433574318371992	0.800916588251227	1	1
"ACO2.Q99798"	"ACO2.Q99798"	0.764330907778089	0.765257378440652	0.0873219425290651	0.120649248668428	0.520678205012734	0.011069508255821	1	1	1	1
"ACOT13.Q9NPJ3"	"ACOT13.Q9NPJ3"	0.26670643669604	0.189329202341811	0.100535275436108	0.501643850920841	0.00187095457546867	0.0570822532479454	1	1	1	1
"ACOT2.P49753"	"ACOT2.P49753"	0.00163039923590496	0.00135195162779519	0.0036069897660307	-0.290304180909487	0.395546450456396	4.89508336860316e-05	1	1	1	0.271921881125905
"ACOT7.O00154"	"ACOT7.O00154"	0.00048720286115126	1.23562747384332e-07	0.000520558356157597	0.255681911617764	0.708889148269328	0.334394447630839	1	0.000712957052407595	1	1
"ACOT9.Q9Y305"	"ACOT9.Q9Y305"	0.31101754657778	0.303338975882931	0.270469322520966	-0.142156435000866	0.00406684195007136	0.000214507670775907	1	1	1	1
"ACOX1.Q15067.2"	"ACOX1.Q15067.2"	1.21136441149207e-08	9.22823126884951e-10	1.53074133274549e-08	-0.972788193018181	0.295232510065937	0.120679787079386	7.05014087488383e-05	5.40405223103827e-06	1	1
"ACOX3.O15254"	"ACOX3.O15254"	0.205297819831113	0.105309380457696	0.209443973395068	-0.238238167474552	0.0204047872303589	0.000606898788910192	1	1	1	1
"ACP1.P24666"	"ACP1.P24666"	0.598680336107803	0.131676423334139	0.543085975773628	0.114385206009366	0.992950316362353	0.00888004861153619	1	1	1	1
"ACP2.P11117"	"ACP2.P11117"	0.0247182688965735	0.206779827349358	0.222677718505627	0.356297016323436	0.991559003096176	0.918956592942009	1	1	1	1
"ACP6.Q9NPH0"	"ACP6.Q9NPH0"	0.00239756838235179	0.0958576562855316	0.0388927711495784	-1.29139159080001	0.148271884235804	0.998469404946022	1	1	1	1
"ACSF2.Q96CM8"	"ACSF2.Q96CM8"	0.00394474124359062	0.189198292063027	0.0101976323289531	-0.446498906505183	0.90657246582728	0.144065912659811	1	1	1	1
"ACSL1.P33121"	"ACSL1.P33121"	0.0164915739210699	0.525712746591294	0.160293630373643	0.194587813993439	0.806884878777746	0.720535492827748	1	1	1	1
"ACSL3.O95573"	"ACSL3.O95573"	0.278508516655472	0.283809258177019	0.637667555500238	0.0585602713072706	0.0502820326887956	6.59177434379545e-05	1	1	1	0.363931861520947
"ACSL4.O60488"	"ACSL4.O60488"	0.000158817298172934	0.0186525837975168	0.984894504717464	0.00190252789602223	0.644814155664726	6.52914740141338e-05	0.838872968949435	1	1	0.360604810980061
"ACTA2.P62736"	"ACTA2.P62736"	0.0909918854916353	0.00284134982838673	0.0881778855132018	-0.266138610228426	0.823754592281405	0.574314380840308	1	1	1	1
"ACTBL2.Q562R1"	"ACTBL2.Q562R1"	0.0491159134302261	0.155301769839367	0.078210071685054	-0.431354983475154	0.950236774829549	0.974012125036021	1	1	1	1
"ACTB.P60709"	"ACTB.P60709"	2.61462343401765e-05	1.25145727882237e-05	0.000755019994065429	-0.228850739663603	0.861061148681547	0.443045977944315	0.143333656652847	0.0693807915379124	1	1
"ACTG1.P63261"	"ACTG1.P63261"	0.056502176791931	0.0404290201991103	0.353407613681477	0.282230503766273	2.53097082123664e-05	0.787933853020328	1	1	0.14866922603944	1
"ACTL6A.O96019"	"ACTL6A.O96019"	0.828569939462909	0.307757628786338	0.336902461334112	0.124746590488186	0.538376387641216	0.689946381085589	1	1	1	1
"ACTN1.P12814"	"ACTN1.P12814"	2.97945178358047e-12	1.41238845103625e-11	1.91240960215183e-12	-0.689981875774497	0.0409652090326117	0.40792027428796	1.75459915535054e-08	8.30766886899524e-08	1	1
"ACTN2.P35609"	"ACTN2.P35609"	0.00317861012508157	0.881818239173236	0.000391050593224898	-0.923992652811026	0.0953232747834099	0.029852117756487	1	1	1	1
"ACTN3.Q08043"	"ACTN3.Q08043"	0.00794302953098344	0.879806643762208	0.113042962208546	-1.29748317356942	0.53660533260453	0.417324080303971	1	1	1	1
"ACTN4.O43707"	"ACTN4.O43707"	0.106874891887117	0.22584114983347	0.0224259442559865	0.144631150999082	0.026072699184539	0.31458145530571	1	1	1	1
"ACTR10.Q9NZ32"	"ACTR10.Q9NZ32"	0.0034876848886654	0.0068608983230034	0.260348245728482	-0.0820980873922802	0.0629465289685323	0.000556544263074376	1	1	1	1
"ACTR1A.P61163"	"ACTR1A.P61163"	0.00327185373300117	0.0237482233094329	0.00482509203121186	-0.295946901120973	0.295377693177898	0.0387809740948689	1	1	1	1
"ACTR1B.P42025"	"ACTR1B.P42025"	0.648203175969844	0.842787720828107	0.385204121719885	-0.105913894915551	0.522658367912928	0.0296101147204696	1	1	1	1
"ACTR2.P61160"	"ACTR2.P61160"	1.12742818437329e-05	0.000129131958637717	0.000212589097630336	-0.430896690598248	0.477519972026626	0.255223645017042	0.0624482471324364	0.686207228200829	1	1
"ACTR3B.Q9P1U1"	"ACTR3B.Q9P1U1"	0.325082602241035	0.0198777036185162	0.00143377593139245	-1.64765977063919	0.046405336554415	3.39529506442267e-05	1	1	1	0.189830947051872
"ACTR3.P61158"	"ACTR3.P61158"	0.000577582092062368	0.00698829697607234	7.93835012126563e-05	-0.773955157559179	0.210029140360714	0.843794624718185	1	1	1	1
"ACTR5.Q9H9F9"	"ACTR5.Q9H9F9"	0.996401697576359	0.000697525183459034	0.0180965335641402	0.361120609249382	0.0685184233413484	0.00602839798527915	1	1	1	1
"ACTR6.Q9GZN1"	"ACTR6.Q9GZN1"	0.252887669449807	0.145952860507133	0.634593151851374	0.102908620660902	0.134655690542166	0.783583312393615	1	1	1	1
"ACTR8.Q9H981"	"ACTR8.Q9H981"	0.0342041990779138	0.0106874818798314	0.0576359367543675	-0.864217501427441	0.494972371204851	5.13834122826368e-06	1	1	1	0.0294272802142661
"ACY1.Q03154"	"ACY1.Q03154"	5.87349303915006e-06	1.93313345867977e-06	3.93758223427668e-07	-0.772575314016431	0.0295969862048344	0.000247543816683767	0.032797585130614	0.0109570004437969	1	1
"ACYP1.P07311"	"ACYP1.P07311"	0.319428718069705	0.0123902027727609	0.499639353102712	0.152184161725613	0.230111479101287	0.586784440947943	1	1	1	1
"ADAM10.O14672"	"ADAM10.O14672"	0.0779788963460589	0.00203469606372539	0.0311221771738855	0.245589985231143	0.0847878686112079	0.0163562661195142	1	1	1	1
"ADAM15.Q13444"	"ADAM15.Q13444"	0.8646333194073	0.0971762142124348	9.66838018942743e-05	0.857208513770188	0.0456633682981368	0.15270944058639	1	1	1	1
"ADAM17.P78536"	"ADAM17.P78536"	0.0160337392679867	0.185218460918661	0.117725812642507	-0.309599352901981	0.403852601608658	0.00226781452272034	1	1	1	1
"ADAM9.Q13443"	"ADAM9.Q13443"	0.086519516585789	5.21635270385361e-05	2.66277630995418e-10	0.787013182421685	0.404462043056827	1.46182284022503e-06	1	0.281578718954018	1	0.00845956877638227
"ADAR.P55265"	"ADAR.P55265"	0.00628923362197841	0.894740305745906	0.0103079299633408	0.222145337057051	0.420343061782705	0.00959321436489011	1	1	1	1
"ADAR.P55265.2"	"ADAR.P55265.2"	0.0526972604421008	0.228044788000546	0.272761212445654	-0.320042084029083	0.20505069011766	0.306536969376329	1	1	1	1
"ADAT2.Q7Z6V5"	"ADAT2.Q7Z6V5"	0.391345561732196	0.644139103832027	0.922660591423507	-0.0397612583756317	0.493949486871502	0.517895622729184	1	1	1	1
"ADA.P00813"	"ADA.P00813"	0.847087639020006	0.171338237240574	0.310040453540109	0.380232312407459	0.252036636209278	0.907531969607038	1	1	1	1
"ADCK1.Q86TW2"	"ADCK1.Q86TW2"	0.297756716374495	0.00102466837718854	0.078492940774763	0.52431552031917	0.154389049162587	0.0127856274190107	1	1	1	1
"ADCY3.O60266"	"ADCY3.O60266"	0.342536462180344	0.275622968880912	0.311169270307765	0.235640447976301	0.0533669760738855	0.117682523280908	1	1	1	1
"ADD1.P35611"	"ADD1.P35611"	0.00619968196463725	1.14303436237687e-05	1.05833116378792e-09	0.563312487608126	8.13323974551486e-05	0.383442405158606	1	0.0634955588300354	0.476363851894805	1
"ADD3.Q9UEY8"	"ADD3.Q9UEY8"	0.249593472100951	0.0164417509624271	0.427772825709085	0.142324520029254	0.317441467623452	0.0440055631423928	1	1	1	1
"ADGB.Q8N7X0"	"ADGB.Q8N7X0"	0.295995235776993	0.00684245373677989	0.000168716288134799	0.481367851572476	5.48295784276678e-07	0.0139631263058276	1	1	0.00323549342301668	1
"ADGRE5.P48960"	"ADGRE5.P48960"	0.118882775897941	0.40223403522259	0.0219159511774156	0.355042152450273	0.558359591204535	0.265479178678515	1	1	1	1
"ADGRL2.O95490"	"ADGRL2.O95490"	0.301790310448988	0.244939852627338	0.240207972215573	0.262897210018947	0.493344447767811	0.710571847078073	1	1	1	1
"ADH5.P11766"	"ADH5.P11766"	0.0527181394026112	0.0268637943964191	1.42393497840159e-05	0.411069037526966	3.2637227289765e-06	6.48475647111825e-07	1	1	0.0192429092100454	0.00377477674183793
"ADI1.Q9BV57"	"ADI1.Q9BV57"	5.7167233220009e-05	0.000357626996252164	1.66772563580101e-06	0.822903156929024	0.00153782855136346	0.000525959838664554	0.308760226621269	1	1	1
"ADK.P55263"	"ADK.P55263"	0.156237583729197	0.0105167493870059	0.0441338459789259	-0.19029285658595	0.0693015460171841	0.0313879082542374	1	1	1	1
"ADNP.Q9H2P0"	"ADNP.Q9H2P0"	0.0428340514644876	0.111572617727921	0.118934573294515	0.103024481178349	0.336262921405514	1.65107386165934e-05	1	1	1	0.0932856731837526
"ADO.Q96SZ5"	"ADO.Q96SZ5"	0.784554634515622	0.418008844068395	0.228306945206717	0.316876240149985	0.607632325706154	0.053256312129402	1	1	1	1
"ADPGK.Q9BRR6"	"ADPGK.Q9BRR6"	0.0892818776569291	0.169451527528639	0.0120565543728269	0.302795198210493	0.393938670401592	0.00923607195755155	1	1	1	1
"ADPRS.Q9NX46"	"ADPRS.Q9NX46"	0.535350631181269	0.891735266254899	0.645883929053702	-0.0457826497191204	0.154315632039101	1.43136782017883e-06	1	1	1	0.00828475694319506
"ADRM1.Q16186"	"ADRM1.Q16186"	0.0394325713419493	0.000686941569020427	0.00390271158714669	0.48224554605013	0.422112039263084	0.798965568371262	1	1	1	1
"ADSL.P30566"	"ADSL.P30566"	0.660919798995815	0.343540451971499	0.00179582500734048	-0.252012044879478	0.250856249185471	1.10023125475517e-05	1	1	1	0.0625261422077364
"ADSS2.P30520"	"ADSS2.P30520"	2.36084487522315e-07	7.15153674553484e-07	0.00110498141575404	0.253331315297355	0.474356026937698	5.9925433496968e-06	0.00135984664812854	0.00408996386477138	1	0.0342413927001675
"AEBP1.Q8IUX7"	"AEBP1.Q8IUX7"	0.052579157288459	4.82231530079612e-07	0.00350743685853728	-0.541930354811791	0.81604815525622	1.42470809492754e-06	1	0.00276415113041634	1	0.00824763516153556
"AEBP2.Q6ZN18"	"AEBP2.Q6ZN18"	0.534025796529158	0.000483715191440858	0.244827246075145	0.12718094862895	0.00247713007962563	0.712620299646557	1	1	1	1
"AEN.Q8WTP8"	"AEN.Q8WTP8"	0.000153247068106086	0.252793573052625	0.570616304393083	-0.148512229038128	0.0701267673825644	0.267853477470082	0.810676990281193	1	1	1
"AFAP1L1.Q8TED9"	"AFAP1L1.Q8TED9"	0.0536092503785561	0.604690237015172	0.838883374794853	0.0724610825011617	0.121347300438981	0.0983732023020645	1	1	1	1
"AFAP1.Q8N556"	"AFAP1.Q8N556"	0.469596955047011	0.0148291199023153	0.000413671118879606	0.793199141542663	0.480227572973225	0.0574849433703583	1	1	1	1
"AFDN.P55196"	"AFDN.P55196"	2.98338797319296e-05	4.04849549818869e-09	0.00151404824914423	0.190650773069253	0.981337573331792	0.802894654549728	0.163131654374191	2.36432137094219e-05	1	1
"AFF4.Q9UHB7"	"AFF4.Q9UHB7"	0.0966845000154467	0.380553103027195	0.223672955134262	0.151876610375546	0.498199970430785	0.00311994624781365	1	1	1	1
"AFG3L2.Q9Y4W6"	"AFG3L2.Q9Y4W6"	0.402565275570791	0.811566821545551	0.018597389444212	-0.371480731964712	0.00444095357212345	0.00349631495475017	1	1	1	1
"AFTPH.Q6ULP2"	"AFTPH.Q6ULP2"	0.862956470494753	0.0691206457069299	0.00269125678730247	0.613657627609668	0.428445660825227	0.0708470661618764	1	1	1	1
"AGFG1.P52594"	"AGFG1.P52594"	0.763843309891064	0.107182028357896	0.391413428708619	-0.0976395323265378	0.810505791945582	0.281053178671804	1	1	1	1
"AGK.Q53H12"	"AGK.Q53H12"	0.00127594418035027	0.000315172301325816	0.00117207238799987	-0.596047535116743	0.486752481623941	0.133949752643053	1	1	1	1
"AGL.P35573"	"AGL.P35573"	0.0630800552496241	0.0781336139556675	0.54851652916417	-0.0840110793983204	0.00465563980528345	0.0919600700795775	1	1	1	1
"AGO2.Q9UKV8"	"AGO2.Q9UKV8"	0.830190599860776	0.115348760528603	0.742844788181138	0.0371356702535807	0.224971343295602	0.016852280475379	1	1	1	1
"AGPAT1.Q99943"	"AGPAT1.Q99943"	0.616839568083418	0.229183071338646	0.393519863528737	-0.29617490425995	0.992310258406199	0.000757123942311581	1	1	1	1
"AGPAT2.O15120"	"AGPAT2.O15120"	0.0329357529464516	0.170368692759166	0.210401180802078	0.307608859818173	0.99029048875797	0.197181239835915	1	1	1	1
"AGPS.O00116"	"AGPS.O00116"	0.877668644426146	0.907504665731555	0.081034194940352	-0.175061710471228	0.0581886042382398	1.64109664867205e-05	1	1	1	0.0927547825829443
"AGRN.O00468.6"	"AGRN.O00468.6"	7.78144752805273e-09	1.30797640559854e-06	1.05804438411608e-11	-1.53008762700546	0.839243923057859	0.00481747244260908	4.53347132984352e-05	0.0074384618186389	1	1
"AGTRAP.Q6RW13"	"AGTRAP.Q6RW13"	0.121191328690802	0.131708552557763	0.692075964010759	-0.206015534720243	0.376569984661104	0.189230116388648	1	1	1	1
"AHCTF1.Q8WYP5"	"AHCTF1.Q8WYP5"	0.241274216348382	0.145886849785996	0.175664592649384	0.206911494988212	0.428168013095064	1.77342001200251e-06	1	1	1	0.0102432739893265
"AHCYL1.O43865"	"AHCYL1.O43865"	0.000113986233170954	0.0182375103476846	1.7257184517545e-06	-0.473659746665345	0.397126174933815	0.153081164330267	0.60697669163533	1	1	1
"AHCY.P23526"	"AHCY.P23526"	8.79799966487537e-05	3.58587018275817e-05	0.0515433493717043	0.135139534872945	0.657255500999508	0.0908068567053982	0.470517022077535	0.1951430553457	1	1
"AHNAK2.Q8IVF2"	"AHNAK2.Q8IVF2"	0.000132908751151575	0.00180320207443413	0.0412684175461252	-0.271211911243842	0.229345679422519	0.263042333845165	0.705213833610256	1	1	1
"AHNAK.Q09666"	"AHNAK.Q09666"	0.288247552749105	0.229681318320562	0.0244657885732817	0.385019293608948	0.229436515493153	0.856580054659501	1	1	1	1
"AHSA1.O95433"	"AHSA1.O95433"	0.198482374153974	0.635570981171023	0.43176536105969	-0.157663984931518	0.764074024241349	0.517299427813149	1	1	1	1
"AHSG.P02765"	"AHSG.P02765"	2.57204864815756e-07	3.77951647171609e-05	7.0081198592494e-05	-0.839264801809261	0.00540619906533689	0.00266220279864965	0.00147969958728504	0.205454515402487	1	1
"AIDA.Q96BJ3"	"AIDA.Q96BJ3"	0.75140921113799	0.466169770211113	0.395846709818474	0.296990294257657	0.329123403309376	0.668025369497198	1	1	1	1
"AIF1L.Q9BQI0"	"AIF1L.Q9BQI0"	0.451001108884841	0.609967040930061	0.0140425529826477	-1.01735982875841	0.0823124434855172	0.3598329356626	1	1	1	1
"AIFM1.O95831"	"AIFM1.O95831"	0.415645382283621	0.998296817421191	0.0328626917163841	-0.272422169378326	0.0603903206785023	0.000820037645711891	1	1	1	1
"AIFM2.Q9BRQ8"	"AIFM2.Q9BRQ8"	0.136298777805783	0.234910075723909	0.0962129327927733	0.187831575948995	0.411748324228978	0.679402985219615	1	1	1	1
"AIMP1.Q12904"	"AIMP1.Q12904"	0.249200386091104	0.0209225514023648	0.918769500471082	-0.0125744827293732	0.0760685988960415	0.196598845897027	1	1	1	1
"AIMP2.Q13155"	"AIMP2.Q13155"	0.116458689463956	0.00478435174033155	0.664715135232729	-0.0521612858027113	0.374730939745695	0.60683757499537	1	1	1	1
"AIMP2.Q13155.2"	"AIMP2.Q13155.2"	0.0127521745200078	0.16309544568587	0.0332293849284681	1.3771178448132	0.8718566294276	0.490696328405494	1	1	1	1
"AIP.O00170"	"AIP.O00170"	0.00293991110537134	0.000841591742257149	5.91985796881929e-07	0.712557189317323	0.196203562614788	5.31651224441095e-05	1	1	1	0.294853769075031
"AJUBA.Q96IF1"	"AJUBA.Q96IF1"	0.188331561393	0.0117893097532506	0.915633704195177	0.0294565013850182	0.984729761933337	0.0129451212515076	1	1	1	1
"AK1.P00568"	"AK1.P00568"	0.000932817013476138	0.000627036499538174	0.0418966758880448	0.267827941695509	0.936418580941338	0.000562428666620255	1	1	1	1
"AK2.P54819"	"AK2.P54819"	3.4951499348365e-05	4.12482370774818e-05	0.000134781871017596	-0.343860260114393	0.554971037753206	0.385397967548139	0.190555574447286	0.223771686145339	1	1
"AK3.Q9UIJ7"	"AK3.Q9UIJ7"	6.04296923470013e-05	0.000179874479821041	0.000569617794240779	-0.476564959205961	0.30750110427146	0.526122105109503	0.326078619904419	0.948837881055994	1	1
"AK4.P27144"	"AK4.P27144"	0.590345589350987	0.939977215873905	0.230587611808063	-0.182838195241989	0.00659060136024754	0.00574634788731447	1	1	1	1
"AK6.Q9Y3D8"	"AK6.Q9Y3D8"	0.997439342463939	0.668725073988069	0.162241303193911	-0.338034861560741	0.0447649171957984	0.889341937858477	1	1	1	1
"AKAP10.O43572"	"AKAP10.O43572"	0.584677200409241	0.795242772974333	0.61237714726064	0.200578914039254	0.166239483909506	0.245994664766809	1	1	1	1
"AKAP12.Q02952"	"AKAP12.Q02952"	0.909992374634454	0.0352461819233226	0.490078208336064	0.0811871432903128	0.0868030773668173	0.231804656527805	1	1	1	1
"AKAP13.Q12802"	"AKAP13.Q12802"	0.000829473206893624	0.855533729859655	0.000220962926647023	1.54643573577388	0.177720581364462	0.0352243052580186	1	1	1	1
"AKAP1.Q92667"	"AKAP1.Q92667"	0.166480560233174	0.241901209902189	0.884952983684336	0.010326328481759	0.00261723684451872	2.33274524983401e-09	1	1	1	1.37608642287708e-05
"AKAP2.Q9Y2D5.4"	"AKAP2.Q9Y2D5.4"	3.10236282508423e-08	2.8743947235271e-05	9.84106410082397e-05	-0.349607980371079	0.00334995875092676	0.698194785482054	0.000180030114739638	0.157143159535226	1	1
"AKAP8L.Q9ULX6"	"AKAP8L.Q9ULX6"	0.119533059838123	0.0224375450056133	0.402655270855494	-0.101457438512974	0.0944225122015056	0.488785139220607	1	1	1	1
"AKAP8.O43823"	"AKAP8.O43823"	0.00227474295523016	0.00536579634901241	0.129563701188501	-0.15045939492267	0.859681003427455	0.824763270389204	1	1	1	1
"AKR1A1.P14550"	"AKR1A1.P14550"	0.000523552488134844	8.5859883931048e-06	0.115437274796809	0.125544122803416	0.00199396253966641	0.000525867678104399	1	0.0478926432567386	1	1
"AKR1B1.P15121"	"AKR1B1.P15121"	0.000141909304075203	0.0137518094626846	0.00822245640836703	0.301177132930739	0.829900971895369	0.000871370427780108	0.751409765078202	1	1	1
"AKR7A2.O43488"	"AKR7A2.O43488"	0.222190218706037	1.12966926760185e-05	0.108054067795765	0.164868763727076	0.0529043361916625	0.489634856391097	1	0.0627644245079589	1	1
"AKT1S1.Q96B36"	"AKT1S1.Q96B36"	0.000183354722961098	0.102560982277575	2.05387463882276e-08	0.879670810655032	0.000322461005099653	2.52594799082262e-08	0.965545971113142	1	1	0.000148449963420645
"AKT2.P31751"	"AKT2.P31751"	0.114551003865466	0.00549915814155104	0.0163319445682032	0.933007774132055	0.746788284797169	0.161676045252359	1	1	1	1
"AKTIP.Q9H8T0"	"AKTIP.Q9H8T0"	0.665357137114195	0.984167836313107	0.449175780524475	0.343659317177828	0.503950244763217	0.110831453718925	1	1	1	1
"ALAS1.P13196"	"ALAS1.P13196"	3.35319966023679e-05	3.90832786458377e-05	8.72837184274073e-05	-0.712525639024807	0.0181533334543517	0.000367132150902924	0.182984105459121	0.212261286325545	1	1
"ALB.P02768"	"ALB.P02768"	0.00671125152501975	0.0444495375296504	0.00215982443540627	-0.817029137273262	0.285390510770312	0.714092720797461	1	1	1	1
"ALCAM.Q13740"	"ALCAM.Q13740"	0.711381620016367	0.114983220010937	0.245593790799862	-0.171060730956081	0.00166461152346884	0.438421542386099	1	1	1	1
"ALCAM.Q13740.2"	"ALCAM.Q13740.2"	0.207824484262846	1.61825357908338e-05	0.650068874902015	-0.126119961344449	0.0303016368627931	0.00016792743357984	1	0.0892628674222394	1	0.905296794428916
"ALDH16A1.Q8IZ83"	"ALDH16A1.Q8IZ83"	0.760936358516517	0.000698381499371875	0.583094426067931	0.0719140084114175	0.965664030064753	0.457274765270684	1	1	1	1
"ALDH18A1.P54886"	"ALDH18A1.P54886"	0.0297180475436356	4.46713446019629e-05	0.000690568191004033	-0.38891449741775	0.029109480677028	0.00469631941882058	1	0.242163359087241	1	1
"ALDH1B1.P30837"	"ALDH1B1.P30837"	0.114008079600429	0.101587636514757	0.104710131910451	-0.299904807980502	0.0624164474555851	0.13242866628005	1	1	1	1
"ALDH1L2.Q3SY69"	"ALDH1L2.Q3SY69"	0.608354288488947	0.35793074731117	0.00475905784434743	-1.15803210024125	0.413316400788499	0.0794558979638679	1	1	1	1
"ALDH2.P05091"	"ALDH2.P05091"	0.19747294157376	0.0464041996891051	0.771954950840231	-0.0783356666209052	0.0457201107589279	0.048717696014984	1	1	1	1
"ALDH3A2.P51648"	"ALDH3A2.P51648"	0.193977770724153	0.535467940555087	0.541099693618882	-0.179842767936487	0.00252106727484022	0.00345425164000996	1	1	1	1
"ALDH4A1.P30038"	"ALDH4A1.P30038"	0.0332119965977101	5.65384330558069e-05	0.126362635405546	0.32200111579986	0.830996500639685	0.00043805614911877	1	0.304798692603855	1	1
"ALDH5A1.P51649"	"ALDH5A1.P51649"	0.543927928180872	0.414626537158987	0.332596426273373	-0.253471904300644	0.15534782189482	0.0906712317119574	1	1	1	1
"ALDH6A1.Q02252"	"ALDH6A1.Q02252"	0.18004609325249	0.516339177488332	0.0148419485136323	-0.570654539873277	0.378616743404791	0.430137656953139	1	1	1	1
"ALDH7A1.P49419.2"	"ALDH7A1.P49419.2"	0.0971166316889614	0.00767443656573617	0.00771427532047226	0.351312123447861	0.635557025519584	0.397959852956763	1	1	1	1
"ALDH9A1.P49189"	"ALDH9A1.P49189"	0.379836348766646	0.244466950706388	0.000816188135134477	-0.702569951256338	0.0065523000031792	0.191396439969446	1	1	1	1
"ALDOA.P04075"	"ALDOA.P04075"	2.40413356446793e-06	8.09935659108982e-07	5.06668795991602e-06	0.308630476558939	0.391457238040239	4.78957564780386e-07	0.0136073959748885	0.00462797235614872	1	0.00279375947536399
"ALDOC.P09972"	"ALDOC.P09972"	0.464183369806167	0.0232769939931233	0.758270101813957	-0.0809671345677011	0.263807750558729	0.490064985256259	1	1	1	1
"ALG10.Q5BKT4"	"ALG10.Q5BKT4"	0.683137449615884	0.645937979866077	0.902466381561895	-0.0381259352032634	0.490118321016755	0.127886825037147	1	1	1	1
"ALG11.Q2TAA5"	"ALG11.Q2TAA5"	0.437835707823432	0.31463250496696	0.0585481429197162	-0.490517104931836	0.0300560163933482	0.239883732687117	1	1	1	1
"ALG12.Q9BV10"	"ALG12.Q9BV10"	0.881252439861563	0.00433396695410158	0.358035576637605	-0.52062656748896	0.46225074340465	0.000169283985794855	1	1	1	0.911932831476884
"ALG1.Q9BT22"	"ALG1.Q9BT22"	0.799903801192124	0.0577748396537607	0.393372087473315	0.14770783631049	0.789584679058556	0.000309445180037878	1	1	1	1
"ALG2.Q9H553"	"ALG2.Q9H553"	1.01477452948019e-06	2.85343440274265e-05	0.419636539376845	0.0918600782002644	0.0205171824663442	1.62282417123331e-06	0.00578218526897812	0.156025793141968	1	0.00938154653389974
"ALG3.Q92685"	"ALG3.Q92685"	0.686924229691103	0.0135846944054572	0.0439729201338156	-0.750882006377626	0.128279357476693	1.88028134775733e-06	1	1	1	0.0108548642206031
"ALG5.Q9Y673"	"ALG5.Q9Y673"	0.809872555149415	0.688334929678453	0.328967992577909	-0.829998385853441	0.289065606849905	0.739031649825075	1	1	1	1
"ALG6.Q9Y672"	"ALG6.Q9Y672"	0.136634951032402	0.0201639088984651	0.268857061774336	-0.257735450149816	0.637166557565785	0.260416943937169	1	1	1	1
"ALG8.Q9BVK2"	"ALG8.Q9BVK2"	0.260245425622759	0.0595554828973274	0.991331673965328	0.00217926066655909	0.968914974972564	0.0312922225677416	1	1	1	1
"ALG9.Q9H6U8"	"ALG9.Q9H6U8"	0.0549309848442558	0.00185319483890305	0.00258720413014433	0.366847795578059	0.766825128356777	6.62251926796712e-05	1	1	1	0.365563063591785
"ALKBH1.Q13686"	"ALKBH1.Q13686"	0.446196753351936	0.759304415847312	0.395691325282053	0.172390575769532	0.262882078122772	0.130477004729401	1	1	1	1
"ALKBH5.Q6P6C2"	"ALKBH5.Q6P6C2"	0.0601563979384148	0.732213894761506	0.00743734568881798	0.293172861733384	0.171274717736821	0.778085290433502	1	1	1	1
"ALKBH6.Q3KRA9"	"ALKBH6.Q3KRA9"	0.527664640701319	0.563106647204837	0.676864843807542	-0.153165393099866	0.628840267089345	0.126453175795918	1	1	1	1
"ALKBH7.Q9BT30"	"ALKBH7.Q9BT30"	0.917252678614445	0.143959960780739	0.826426169544292	-0.0656239005884825	0.932256534186478	0.240140355332235	1	1	1	1
"ALKBH8.Q96BT7"	"ALKBH8.Q96BT7"	0.0262857848183273	0.562976527467389	0.494055505852335	0.430775519175009	0.00371237782772436	0.695186410658836	1	1	1	1
"ALMS1.Q8TCU4"	"ALMS1.Q8TCU4"	0.956176571325985	0.552828771393157	0.962938133798476	-0.008844074030949	0.984763847031258	0.979026031468772	1	1	1	1
"ALYREF.Q86V81"	"ALYREF.Q86V81"	0.0698751895846542	0.0600980301239464	0.0616624809436444	-0.381081454082858	0.0445454800988818	0.783303439022466	1	1	1	1
"AMBRA1.Q9C0C7"	"AMBRA1.Q9C0C7"	0.194937520712791	0.928826713503757	0.00205152476526935	0.827958786956903	0.0375998599062667	0.187175074773994	1	1	1	1
"AMDHD2.Q9Y303"	"AMDHD2.Q9Y303"	0.225726255831449	0.573663662503823	0.291479356458472	0.218527839574222	0.147303040000291	0.0303206713334381	1	1	1	1
"AMFR.Q9UKV5"	"AMFR.Q9UKV5"	0.022029723249832	0.0131303171731128	0.0102521584232316	0.895035269146449	0.0859512356861702	0.0010602777285834	1	1	1	1
"AMOTL2.Q9Y2J4"	"AMOTL2.Q9Y2J4"	0.325697855230621	0.569114605944492	5.41764749236697e-10	1.02741343595232	0.475638184454505	0.693861553857293	1	1	1	1
"AMPD2.Q01433"	"AMPD2.Q01433"	5.80491969343778e-07	7.74644666627687e-06	1.13573541555309e-07	-0.558035762601738	0.700502762258382	0.000599223406024568	0.00332331652449313	0.0432639046311563	1	1
"AMPH.P49418"	"AMPH.P49418"	0.192786769523087	0.487854372709817	0.673474431487924	0.0575974722685688	0.0068285594269669	0.27806567494119	1	1	1	1
"ANAPC10.Q9UM13"	"ANAPC10.Q9UM13"	0.602464367225213	0.322337163138909	0.716644078553282	-0.0871816127951582	0.668809850451143	0.857210244822969	1	1	1	1
"ANAPC16.Q96DE5"	"ANAPC16.Q96DE5"	0.534710266199615	0.500760964824527	0.00686903642661889	0.514365738712639	0.00416281521435947	0.274418934721661	1	1	1	1
"ANAPC1.Q9H1A4"	"ANAPC1.Q9H1A4"	0.329388609658004	0.0726128781356275	0.268897971024546	-0.109176539050283	0.0214176696704403	0.0189382194326181	1	1	1	1
"ANAPC2.Q9UJX6"	"ANAPC2.Q9UJX6"	8.56709350414304e-05	0.967926004437612	0.00981328550652354	-0.280850220252834	0.364022762036985	0.0208990669722516	0.458425173406694	1	1	1
"ANAPC4.Q9UJX5"	"ANAPC4.Q9UJX5"	0.143439401785469	0.384480831114329	0.974378816274016	0.00688321670851075	0.502293274919686	0.389094903778255	1	1	1	1
"ANAPC5.Q9UJX4"	"ANAPC5.Q9UJX4"	0.232212867863268	0.0121982891279532	0.347379926850575	-0.115356025946007	0.00251267404987891	0.00155576644536455	1	1	1	1
"ANAPC7.Q9UJX3"	"ANAPC7.Q9UJX3"	0.000125545678692779	0.00176165563296276	0.000451097441395645	0.425180785610677	0.576321164527175	0.214647733924663	0.667149736573428	1	1	1
"ANGEL2.Q5VTE6"	"ANGEL2.Q5VTE6"	0.00228834017013605	0.111657261795694	0.936936892836285	-0.0214796989671014	0.0255341081600784	0.129486169452574	1	1	1	1
"ANKFY1.Q9P2R3"	"ANKFY1.Q9P2R3"	0.725815791145141	0.149338530338066	0.235764362832122	-0.244765746220639	0.88530055930015	0.0600160262455006	1	1	1	1
"ANKHD1.Q8IWZ3"	"ANKHD1.Q8IWZ3"	0.329584521510782	0.00161698646926906	0.218922110027551	-0.105581321908608	0.286460489618951	0.643478848430517	1	1	1	1
"ANKLE2.Q86XL3"	"ANKLE2.Q86XL3"	0.0717046617258853	0.512545527509919	0.307147721270472	0.126651452429156	0.333159647845311	0.07386445219237	1	1	1	1
"ANKRD11.Q6UB99"	"ANKRD11.Q6UB99"	0.495375211914504	0.00229810389078582	0.512335436190685	0.132292193476769	0.0311088334305318	0.000202260347196043	1	1	1	1
"ANKRD13A.Q8IZ07"	"ANKRD13A.Q8IZ07"	0.014691294169959	0.00275313911636192	0.000486685234892551	1.08692285431139	0.588842802002978	0.859364725629208	1	1	1	1
"ANKRD17.O75179"	"ANKRD17.O75179"	0.637251682525521	5.20240432848349e-06	0.496505116341315	0.0502727019988377	0.0780924532517406	0.242803839466371	1	0.0291906906871209	1	1
"ANKRD1.Q15327"	"ANKRD1.Q15327"	0.0206000496664635	0.262171495472431	0.497318456163496	-0.311616031290409	0.569728062599253	0.557817691653752	1	1	1	1
"ANKRD27.Q96NW4"	"ANKRD27.Q96NW4"	0.916533984470443	0.00864246372961656	0.96653437396108	-0.0162805596101803	0.709554239988752	0.00384467144348533	1	1	1	1
"ANKRD28.O15084"	"ANKRD28.O15084"	0.776639807362297	0.813171305352666	0.263752521521036	-0.181213152258983	0.671864909017022	0.800273814203783	1	1	1	1
"ANKRD39.Q53RE8"	"ANKRD39.Q53RE8"	0.474279985872824	0.00192330433228114	6.97159568104685e-06	0.802632540248579	0.0275347665998781	0.090661631656516	1	1	1	1
"ANKRD40.Q6AI12"	"ANKRD40.Q6AI12"	0.0159455584767761	0.0944845563431619	1.27544124802929e-06	0.779515398877594	0.555340568735866	0.000329668090659738	1	1	1	1
"ANKRD50.Q9ULJ7"	"ANKRD50.Q9ULJ7"	0.111171061771457	0.276671756942944	0.627180829899183	0.145777918300844	0.129973284834564	0.144379342535892	1	1	1	1
"ANKRD52.Q8NB46"	"ANKRD52.Q8NB46"	0.0338556057126224	0.647893407129507	2.44545532158597e-05	0.844768600802667	0.705754658829908	0.216978658811117	1	1	1	1
"ANKS1A.Q92625"	"ANKS1A.Q92625"	0.473241195511728	0.464273552037434	0.116347165275627	3.68157622578811	0.034160990474778	0.962357202286585	1	1	1	1
"ANLN.Q9NQW6"	"ANLN.Q9NQW6"	5.47350829448754e-05	0.00045231060025894	0.0848870645286122	0.234825955634985	0.297282064307627	0.180057947185579	0.295843123317051	1	1	1
"ANO10.Q9NW15"	"ANO10.Q9NW15"	0.718688469568054	0.261410554595567	0.0155674727204944	-1.0121148278869	0.607870535986885	0.133552258476113	1	1	1	1
"ANP32A.P39687"	"ANP32A.P39687"	2.84386508605637e-08	0.149857826418858	4.10507534586937e-08	0.594139513649177	0.00998201636395685	1.70094418017723e-10	0.000165114806896433	1	1	1.00406734955862e-06
"ANP32B.Q92688"	"ANP32B.Q92688"	0.868170923911511	0.154314367786169	0.167241866285078	0.240487591122717	0.683221556964936	0.0632988135270671	1	1	1	1
"ANP32E.Q9BTT0"	"ANP32E.Q9BTT0"	0.0421435133127363	0.0331401612586289	0.725413512601987	0.0790604004811456	0.49117288605806	0.309151673625933	1	1	1	1
"ANTXR1.Q9H6X2"	"ANTXR1.Q9H6X2"	4.87999877112897e-06	0.00407082562465443	0.123590619360686	-0.334098064297981	0.825725542232351	0.000775401120390588	0.0273475131134068	1	1	1
"ANTXR2.P58335"	"ANTXR2.P58335"	0.201982611011951	0.00989535777340788	0.00427487581493505	-1.46656002615007	0.170710532631156	5.60292077165759e-07	1	1	1	0.00326426164156771
"ANXA11.P50995"	"ANXA11.P50995"	0.540813920067737	0.512889028768963	0.0531119884837826	-0.232733486893855	0.0125487960223276	0.257094175599652	1	1	1	1
"ANXA1.P04083"	"ANXA1.P04083"	0.350250125491866	0.664635620991712	0.333897727689182	-0.181000753605406	0.0208435990030379	0.985433273841205	1	1	1	1
"ANXA2.P07355"	"ANXA2.P07355"	0.00558375704279559	0.00489446702615882	0.010836241513256	0.356570281767889	0.469065931320166	0.338746564164177	1	1	1	1
"ANXA3.P12429"	"ANXA3.P12429"	2.21532270254703e-07	1.28221695902059e-06	4.18883218082408e-09	-0.9571088270077	0.226602920847024	0.259984085704225	0.00127624740893735	0.00729453227986815	1	1
"ANXA4.P09525"	"ANXA4.P09525"	0.00934623568307106	0.299014495605656	0.0001048787016016	-0.508397833425276	0.415603690112123	0.00519102355680957	1	1	1	1
"ANXA5.P08758"	"ANXA5.P08758"	0.319832497245312	0.16150555567969	0.526954552748432	-0.171976686936018	0.0466882333015179	0.524265608453718	1	1	1	1
"ANXA6.P08133"	"ANXA6.P08133"	0.00180085344245583	0.00201864038564026	3.77857544198568e-07	-0.520722590588386	0.943611920625719	0.298058525606796	1	1	1	1
"ANXA7.P20073"	"ANXA7.P20073"	0.742320209250195	0.126736240762348	0.66921126738851	-0.0610150451369808	0.163418131380755	0.903024595218643	1	1	1	1
"ANXA8.P13928"	"ANXA8.P13928"	1.20670701956035e-11	1.20356995707451e-12	1.79988729596807e-12	1.51111135212858	0.190246796287909	0.000132653737483022	7.09785068905395e-08	7.08661990725473e-09	1	0.720575102007776
"AP1B1.Q10567"	"AP1B1.Q10567"	0.00294882863243875	0.00838736271968515	0.663779950435617	-0.0277429670566105	0.000853845727619447	0.364595795559118	1	1	1	1
"AP1G1.O43747"	"AP1G1.O43747"	0.000728098872162837	0.0525811971980166	0.0862516840688256	0.114447008309864	0.612340056291042	0.1691549431437	1	1	1	1
"AP1G2.O75843"	"AP1G2.O75843"	0.263940895550761	0.26142827557815	0.173440474755273	0.506526720220539	0.957656398615467	0.475174268847971	1	1	1	1
"AP1M1.Q9BXS5"	"AP1M1.Q9BXS5"	0.0108161632932616	0.000401869703343424	0.45412949365793	0.0617719978122989	0.40985748229128	0.260737065279629	1	1	1	1
"AP1S1.P61966"	"AP1S1.P61966"	0.291844338569925	0.01688658917185	0.00534813504788308	0.971591757702089	0.296418167677531	0.539271860350306	1	1	1	1
"AP1S2.P56377"	"AP1S2.P56377"	0.564301689066756	0.815949190435741	0.285381446684693	-0.338510000372325	0.869143214857883	0.471033167647027	1	1	1	1
"AP2A1.O95782"	"AP2A1.O95782"	9.91854927151212e-05	0.00489126712375024	0.00161592817735532	0.338808218865468	0.2302680654609	0.662999297321042	0.529253789127887	1	1	1
"AP2A2.O94973"	"AP2A2.O94973"	0.00653672514798443	0.0033140616089133	0.00924347217279946	0.358182830590379	0.979388515077092	0.341180257446638	1	1	1	1
"AP2B1.P63010"	"AP2B1.P63010"	0.000403997647306929	0.000758639248282201	0.0284719137360572	0.17623585707839	0.00756727693564864	0.326841160965553	1	1	1	1
"AP2M1.Q96CW1"	"AP2M1.Q96CW1"	0.000277035201636679	0.125092249527349	0.00527005331383202	0.401460190908111	0.0781077065831767	0.631995318246791	1	1	1	1
"AP2S1.P53680"	"AP2S1.P53680"	0.881585103711043	0.000128076110114314	0.402374404367229	0.155867757043457	0.243298233328189	0.000405793898217948	1	0.680852601367693	1	1
"AP3B1.O00203"	"AP3B1.O00203"	9.65743359893353e-06	0.000167781475654647	0.299556846638864	0.114839057845131	0.00190784453743824	0.701401758950275	0.0535794416068832	0.886725098834812	1	1
"AP3D1.O14617"	"AP3D1.O14617"	2.42969637081557e-08	4.7267630529121e-07	0.045394143326362	0.228232801078243	0.00822389853699636	0.1244552795034	0.000141165359144385	0.00271079861084509	1	1
"AP3M1.Q9Y2T2"	"AP3M1.Q9Y2T2"	0.000562107584206581	0.00253846744136381	0.0131515746888819	0.343466340066667	0.81999190900493	0.861572590630201	1	1	1	1
"AP3M2.P53677"	"AP3M2.P53677"	0.017311934238588	0.271421225921438	0.27110193656426	0.310760061947772	0.795764755087342	0.166318207872724	1	1	1	1
"AP3S1.Q92572"	"AP3S1.Q92572"	0.847584090333565	0.00100863980558303	0.139969843570032	0.409578089878316	0.156648608630684	0.637563704237348	1	1	1	1
"AP5B1.Q2VPB7"	"AP5B1.Q2VPB7"	0.77302569457408	0.00451569744684646	0.999870638085423	-3.6493490693526e-05	0.202782055136986	0.00398999579706223	1	1	1	1
"APBB1.O00213"	"APBB1.O00213"	0.4068002774587	0.875297501890518	0.0263741719087726	0.343181295938913	0.914157243416305	0.341476251232211	1	1	1	1
"APBB2.Q92870"	"APBB2.Q92870"	0.645219565479293	0.175383526573581	0.00630034142517639	0.563187602563641	0.0573788609973587	0.475756023950606	1	1	1	1
"APC.P25054"	"APC.P25054"	0.523227832483102	0.809482287192082	0.000814721944599343	0.559885072041874	0.225623081830833	0.845526805411185	1	1	1	1
"APEH.P13798"	"APEH.P13798"	7.40128637740177e-08	4.02945770027402e-08	3.7216633236081e-09	-1.18028622020415	0.86756142619295	0.0173956572665918	0.000428164416932693	0.000233466779153877	1	1
"APEX1.P27695"	"APEX1.P27695"	0.844581465320277	0.0336243393851322	0.227773043994257	-0.123482710838781	0.489006987773407	0.832203608700514	1	1	1	1
"API5.Q9BZZ5.2"	"API5.Q9BZZ5.2"	0.807315737554093	0.0457819335241849	0.0793355825226943	-0.144286067331107	0.0777603333888346	0.0958917025546618	1	1	1	1
"APIP.Q96GX9"	"APIP.Q96GX9"	0.570060050466318	0.280851838948324	0.707846306845658	0.0593327648741559	0.00101318087909096	0.0199726048268312	1	1	1	1
"APLP2.Q06481"	"APLP2.Q06481"	0.00507255879189158	0.00114177455467538	0.33377694595999	-0.170236535533585	0.0585554314175131	0.915856610903434	1	1	1	1
"APMAP.Q9HDC9"	"APMAP.Q9HDC9"	0.246270424478107	0.425517704762889	0.840405730273171	0.0453515927158229	0.289691340063816	0.00982424738865568	1	1	1	1
"APOA1.P02647"	"APOA1.P02647"	8.54521826850797e-06	0.599586298110998	0.000836108853402852	-1.09114898996264	0.0953857471836222	0.346897814935545	0.0474686874815618	1	1	1
"APOBEC3B.Q9UH17"	"APOBEC3B.Q9UH17"	0.450931414317496	0.0025742593597616	0.948653315143371	0.00903664803980023	0.00024883744570326	0.892675919878318	1	1	1	1
"APOBEC3C.Q9NRW3"	"APOBEC3C.Q9NRW3"	0.0462332213326992	0.142051844885527	0.0989151328018085	0.36619787155764	0.239600026967667	0.11169117480383	1	1	1	1
"APOB.P04114"	"APOB.P04114"	0.179348990124116	0.428087916918326	0.773944338512713	-0.0678084971414927	0.435497749909319	0.00107542318733048	1	1	1	1
"APOC3.P02656"	"APOC3.P02656"	0.00127065200366246	0.00377980245662789	0.0955946446300986	-0.82537518610579	0.248534633822647	0.0315478508480528	1	1	1	1
"APOE.P02649"	"APOE.P02649"	0.018131375345492	0.835423132927935	0.339700679929567	-0.564418287119596	0.84386032150142	0.567404424521265	1	1	1	1
"APOL2.Q9BQE5"	"APOL2.Q9BQE5"	0.986798763974543	0.0400701804435001	0.295496141031581	0.233363930049933	0.20812071446415	0.00344956309576888	1	1	1	1
"APOOL.Q6UXV4"	"APOOL.Q6UXV4"	0.0862696371733805	0.0361492776266478	0.496530861115443	-0.108131303277829	0.400012821991872	0.0205518304436415	1	1	1	1
"APOO.Q9BUR5"	"APOO.Q9BUR5"	0.577268732655986	0.0522308017128532	0.618178595470142	0.266581481535418	0.856648616501262	0.00321243503640111	1	1	1	1
"APPL1.Q9UKG1"	"APPL1.Q9UKG1"	6.99489354578997e-05	0.000621092986917915	0.000444949832442889	-0.471268782074851	0.761499366694158	0.0100203941143123	0.376185374892585	1	1	1
"APP.P05067"	"APP.P05067"	0.00330801327610891	0.113946379515731	3.93733262856518e-07	0.585519905665976	0.134081819638582	0.636512183284116	1	1	1	1
"APRT.P07741"	"APRT.P07741"	0.823109145192453	0.00845485682141746	0.0457460932138845	-0.341359695353172	0.152637436655482	0.637068585361656	1	1	1	1
"APTX.Q7Z2E3"	"APTX.Q7Z2E3"	0.0223072808122578	0.960987360845664	0.272333332492997	-0.186236687414731	0.929045929157155	0.227939524240361	1	1	1	1
"AQR.O60306"	"AQR.O60306"	0.708214491089166	0.178151514676097	0.796444672901563	0.0228979415699953	0.05665326784795	1.28512851409028e-05	1	1	1	0.0728539354637779
"ARAF.P10398"	"ARAF.P10398"	0.715873759200309	0.382765510939385	0.971627294821134	0.0172510779073395	0.538086385542486	0.674121125456756	1	1	1	1
"ARAP1.Q96P48"	"ARAP1.Q96P48"	0.000294933404896884	0.11932790126313	0.00308344746454155	-0.64340756461222	0.993080156389404	0.757693067585937	1	1	1	1
"ARAP3.Q8WWN8"	"ARAP3.Q8WWN8"	0.114248074904759	0.287439588558896	0.160128928323328	-0.34705532937935	0.248741570818713	0.410727297672644	1	1	1	1
"ARCN1.P48444"	"ARCN1.P48444"	8.57962265505394e-10	1.53961879245319e-08	9.3247130851501e-05	0.310320757271488	0.832535005816254	0.0125191213497179	5.02508498906509e-06	8.95134365932288e-05	1	1
"ARF3.P61204"	"ARF3.P61204"	0.902779592732368	0.238900456482227	0.256671967167849	-0.172021942979352	0.88279939104739	0.728857374578834	1	1	1	1
"ARF4.P18085"	"ARF4.P18085"	0.223678090417239	0.866401527625709	0.000705635956735029	-0.828221577457431	0.168913358827862	0.246300998074144	1	1	1	1
"ARF5.P84085"	"ARF5.P84085"	0.745063425709446	0.0435080205938664	0.489838902901475	-0.133708596239263	0.478747096207681	0.278723725438574	1	1	1	1
"ARF6.P62330"	"ARF6.P62330"	0.456364144089196	0.337419442969471	0.694985657806551	0.0553158477887609	0.262087469272123	0.353370965362665	1	1	1	1
"ARFGAP1.Q8N6T3"	"ARFGAP1.Q8N6T3"	0.00344043230391901	9.95555299494521e-06	0.00016053387019275	0.363890477453901	0.169366551240336	0.0169802544414608	1	0.0554026524168701	1	1
"ARFGAP2.Q8N6H7"	"ARFGAP2.Q8N6H7"	0.470771764989407	0.920003128131646	0.704284867948514	-0.0553450249664155	0.0151928466355651	0.00317109780707021	1	1	1	1
"ARFGAP3.Q9NP61"	"ARFGAP3.Q9NP61"	0.338308767727107	0.6455635067373	0.000385183473342291	-0.494179870533317	0.59653297832754	0.0261226889209388	1	1	1	1
"ARFGEF1.Q9Y6D6"	"ARFGEF1.Q9Y6D6"	0.0831654078689446	0.0183175586873446	0.910277015609716	-0.0105311847476947	0.772631769108635	0.206829872953727	1	1	1	1
"ARFGEF2.Q9Y6D5"	"ARFGEF2.Q9Y6D5"	0.906887252983228	0.298242667659021	0.147404330029162	0.179833410602084	0.0725177401186187	0.00294322243135718	1	1	1	1
"ARFGEF3.Q5TH69"	"ARFGEF3.Q5TH69"	0.888584901532197	0.0205610242490403	0.0198207743064103	-0.551739627640162	0.64582476463243	0.483851829702687	1	1	1	1
"ARFIP1.P53367"	"ARFIP1.P53367"	0.446698412839608	0.0559385356691014	0.546485767780941	-0.176561468318613	0.758080717640516	0.882345820337848	1	1	1	1
"ARFIP1.P53367.2"	"ARFIP1.P53367.2"	0.699280605901905	0.0207424184107155	0.29781888207506	0.149464845441192	0.313861204296405	0.276022417067307	1	1	1	1
"ARFIP2.P53365"	"ARFIP2.P53365"	0.513561169634295	0.0752627834262335	0.0156755803919395	-0.291516979326627	0.0339026571777181	0.193382396633319	1	1	1	1
"ARG1.P05089"	"ARG1.P05089"	0.88154163131182	0.0743676223228487	0.185369759314212	0.54376872107657	0.309322265224505	0.561102077521685	1	1	1	1
"ARG2.P78540"	"ARG2.P78540"	1.09093300035101e-06	1.23317707004256e-05	2.89167625077104e-07	-0.985646647591601	0.000155325819361745	0.343862607674789	0.00621286343699903	0.0683796685338597	0.90632615597578	1
"ARHGAP17.Q68EM7"	"ARHGAP17.Q68EM7"	0.0122555807588615	0.0764289856359128	0.0829974096678688	0.224483649822903	0.594336653868103	0.190796534607303	1	1	1	1
"ARHGAP1.Q07960"	"ARHGAP1.Q07960"	0.00357941832055972	0.0332345708393157	0.0331753906827014	-0.226644994659207	0.0102040779758579	0.000976142333097083	1	1	1	1
"ARHGAP21.Q5T5U3"	"ARHGAP21.Q5T5U3"	0.0181614032595485	0.340133388564898	0.338695136419636	-0.237543356053271	0.0403680821870411	0.0377667512785245	1	1	1	1
"ARHGAP28.Q9P2N2"	"ARHGAP28.Q9P2N2"	0.0357223229639504	0.113564373005854	0.138438917277632	0.566277950478247	0.0715781519048967	0.560123072650768	1	1	1	1
"ARHGAP29.Q52LW3"	"ARHGAP29.Q52LW3"	0.0313209707271788	1.44317580579867e-05	1.24393401849841e-07	0.680328268833401	0.12318272041491	0.00269502956132118	1	0.0797787585445503	1	1
"ARHGAP35.Q9NRY4"	"ARHGAP35.Q9NRY4"	0.411381964130677	0.5953366819069	0.230293256474062	0.434283028479589	0.021885541350229	0.322492698382475	1	1	1	1
"ARHGAP5.Q13017"	"ARHGAP5.Q13017"	0.269913403240072	0.0610593289752769	0.0470766775708772	0.393996557821803	0.118315984170621	0.0803565371831387	1	1	1	1
"ARHGDIA.P52565"	"ARHGDIA.P52565"	0.00100213771260612	0.063738217676907	0.0194494993668014	-0.27767504430668	0.142887697983179	0.0162634122861899	1	1	1	1
"ARHGEF10.O15013"	"ARHGEF10.O15013"	0.0120250561478307	0.0103614919776681	0.00319371252286583	0.665139628093014	0.253640936914798	0.450510372801222	1	1	1	1
"ARHGEF18.Q6ZSZ5"	"ARHGEF18.Q6ZSZ5"	0.941301439091004	0.159328699054397	0.0469736725274599	0.280876638355553	0.551267985470161	0.88002707778717	1	1	1	1
"ARHGEF1.Q92888"	"ARHGEF1.Q92888"	0.137169696817086	0.0313445491404435	0.15864812009673	0.124756477183114	0.626268040052922	0.0208913710870267	1	1	1	1
"ARHGEF26.Q96DR7.3"	"ARHGEF26.Q96DR7.3"	0.0344145563638087	0.0265832634744741	0.0660204446202696	-0.750820876633396	9.06435854370163e-05	0.00494457543697561	1	1	0.530446261977419	1
"ARHGEF2.Q92974"	"ARHGEF2.Q92974"	0.384421708659836	0.370922323389629	1.28148447702624e-10	-1.11024212251453	0.118329556208813	0.762176024352688	1	1	1	1
"ARHGEF40.Q8TER5"	"ARHGEF40.Q8TER5"	0.000889789488606038	0.0704593116333469	0.00154526518718582	-0.635494747470046	0.355151295808437	0.330808066832954	1	1	1	1
"ARHGEF7.Q14155"	"ARHGEF7.Q14155"	0.401864880626581	0.0707019318371014	0.761986997836699	0.0369602333984002	0.625625106349277	0.0923825319684265	1	1	1	1
"ARID1A.O14497"	"ARID1A.O14497"	0.00451797245660658	0.0173213204632371	0.0129949128118209	-0.168936058400685	0.721961020448049	0.11356361954757	1	1	1	1
"ARID1B.Q8NFD5"	"ARID1B.Q8NFD5"	0.500163493519573	0.00870346129032988	0.407827226417932	-0.0663081912948026	0.0917207329934971	0.357859166637317	1	1	1	1
"ARID2.Q68CP9"	"ARID2.Q68CP9"	0.333443072964885	0.743639596226498	5.05444393873011e-05	0.616414140479127	0.436305386816242	0.473458989597733	1	1	1	1
"ARID3A.Q99856"	"ARID3A.Q99856"	0.0831660005947372	0.00667694976297989	0.118564675456438	0.467586607236093	0.039443191952842	0.0759561618707694	1	1	1	1
"ARID4B.Q4LE39"	"ARID4B.Q4LE39"	0.250588451706335	0.483216189215141	0.184041651620678	0.175429453075501	0.122911433448982	0.278243666370153	1	1	1	1
"ARIH1.Q9Y4X5"	"ARIH1.Q9Y4X5"	0.40281574587036	0.0978117663200336	0.612941101362178	-0.0554217759588069	0.99425954186631	0.150698629579912	1	1	1	1
"ARIH2.O95376"	"ARIH2.O95376"	3.56311357394913e-06	1.82419162166468e-06	9.60351029489065e-06	-0.89784147158901	0.0721104726513936	0.00209938185250527	0.0200674556484815	0.0103449906864604	1	1
"ARL14EP.Q8N8R7"	"ARL14EP.Q8N8R7"	0.00105725191903025	0.474606873161707	0.620051926273131	0.283487470633915	0.00153610179562271	0.714444513957722	1	1	1	1
"ARL15.Q9NXU5"	"ARL15.Q9NXU5"	0.667844530865452	0.26104199535343	0.938710003656831	-0.014081648560016	0.65365736167685	0.0363994202275326	1	1	1	1
"ARL1.P40616"	"ARL1.P40616"	8.55207133972697e-05	4.2755928688782e-07	0.122973082150173	0.134643907556322	0.817533497078745	7.84337519174833e-07	0.457706858102187	0.00245333518816231	1	0.0045593539989633
"ARL2BP.Q9Y2Y0"	"ARL2BP.Q9Y2Y0"	0.000948602390428371	0.288865719479724	0.162914864057328	0.262798801053305	0.103707223068892	0.000747588786321482	1	1	1	1
"ARL3.P36405"	"ARL3.P36405"	0.105508347222326	0.359541699798473	0.0828958494543912	-0.202317077377854	0.147036349876227	3.25453022334823e-08	1	1	1	0.000191138560017242
"ARL6IP1.Q15041"	"ARL6IP1.Q15041"	0.000438773197668109	0.000400833612879382	2.29905448651233e-07	1.06888189697366	0.933971876874926	0.0348404786293821	1	1	1	1
"ARL6IP4.Q66PJ3"	"ARL6IP4.Q66PJ3"	0.0095172251992944	0.351537570745087	0.328214338688477	0.27103743855298	0.114274494381564	0.416501157779585	1	1	1	1
"ARL6IP5.O75915"	"ARL6IP5.O75915"	0.0271411062718391	0.284002611761034	0.0284542824003648	-0.859103093923014	0.568318350309636	0.0452526967609444	1	1	1	1
"ARL8B.Q9NVJ2"	"ARL8B.Q9NVJ2"	0.00199154488393004	0.022260408858946	0.165774689267713	-0.252637663091004	0.0910143577768861	0.341585663635377	1	1	1	1
"ARMC10.Q8N2F6"	"ARMC10.Q8N2F6"	1.00796344297205e-06	0.0344618659209724	0.000289350043916272	-0.479330475305992	0.221850020917836	0.00833398100705026	0.00574438366149773	1	1	1
"ARMC1.Q9NVT9"	"ARMC1.Q9NVT9"	0.0466663234661013	0.761502113897643	0.940566415378342	-0.0299601240912526	0.0413483226585068	0.111174621708566	1	1	1	1
"ARMC6.Q6NXE6"	"ARMC6.Q6NXE6"	0.041823195342564	0.349162447246235	0.0153435111746949	0.419557177667525	0.13459553221847	0.0335566388306693	1	1	1	1
"ARMC8.Q8IUR7"	"ARMC8.Q8IUR7"	5.48260020204391e-05	0.0297401904963774	0.00129685734660728	-0.4762486525323	0.0352738931058693	0.572512516894595	0.296279714918453	1	1	1
"ARMC9.Q7Z3E5"	"ARMC9.Q7Z3E5"	0.143781806774099	0.603626423884142	0.0156229931929655	-1.1217988775474	0.434574504194571	0.384432959758746	1	1	1	1
"ARMCX3.Q9UH62"	"ARMCX3.Q9UH62"	0.0285228050862188	0.182856346883877	5.22200653867384e-12	-1.00294226306335	0.00591308455750803	1.79506517669063e-06	1	1	1	0.0103665013953884
"ARMH3.Q5T2E6"	"ARMH3.Q5T2E6"	0.912546900511685	0.0585831664237963	0.636921098867867	-0.133442366689474	0.444303150537761	0.255250815619939	1	1	1	1
"ARMT1.Q9H993"	"ARMT1.Q9H993"	0.0289003879280646	2.82212375844926e-05	0.207884700769243	0.159952074862429	0.570988837961408	0.392130314874745	1	0.154370169587175	1	1
"ARNT.P27540"	"ARNT.P27540"	0.680436411892466	0.018016971718804	0.000858988306999524	0.737130545973831	0.961450368388055	0.590219299681444	1	1	1	1
"ARPC1A.Q92747"	"ARPC1A.Q92747"	0.000223470385717849	0.00237722160075397	0.000486310660314011	-0.445736501377493	0.787551537459992	0.247818008089986	1	1	1	1
"ARPC1B.O15143"	"ARPC1B.O15143"	0.0609596831880524	0.289669010249733	0.189777549220853	-0.191291121452207	0.89114108292845	0.544795467246433	1	1	1	1
"ARPC2.O15144"	"ARPC2.O15144"	0.000187441561595246	8.46581777886016e-07	4.92990228621733e-06	-0.489913559515967	0.533388401867456	0.0168102802403632	0.986692380237375	0.00483567511528493	1	1
"ARPC3.O15145"	"ARPC3.O15145"	0.115423180485172	0.000463662213268243	0.0299866685506775	-0.267274629312068	0.0565340828146312	0.0685064261124351	1	1	1	1
"ARPC4.P59998"	"ARPC4.P59998"	0.286833546533499	0.0568551248360807	0.0228791848921572	-0.486645197665879	0.0707407910162333	0.612394865858394	1	1	1	1
"ARPC5L.Q9BPX5"	"ARPC5L.Q9BPX5"	0.0963306799868081	0.312635214757992	0.000177849808576125	-1.40583305843749	0.000578526129579349	0.379089135036728	1	1	1	1
"ARPC5.O15511"	"ARPC5.O15511"	0.000761883451988186	0.133941800102296	0.364259994841973	-0.191557504361501	0.118703015130514	0.424066537656838	1	1	1	1
"ARPP19.P56211"	"ARPP19.P56211"	0.0153359357450545	0.0141832865424965	0.163229168844911	0.270986414044481	0.000369552920366794	6.25496518223328e-07	1	1	1	0.00364226622561444
"ARRB1.P49407"	"ARRB1.P49407"	0.856783138780765	0.313794836831872	0.404360158460499	-0.405028955436656	0.5401595822789	0.211456857547631	1	1	1	1
"ARRB2.P32121"	"ARRB2.P32121"	0.696745508430012	0.503370511623349	0.277664948578185	-0.18195666600756	0.00752750572310907	0.0154018165441449	1	1	1	1
"ARSA.P15289"	"ARSA.P15289"	0.00587649767919489	0.359448833232284	0.679205414147356	0.0948692051574236	0.100728925981346	0.0919806909908558	1	1	1	1
"ARV1.Q9H2C2"	"ARV1.Q9H2C2"	0.00543466266453819	0.0776309409205562	0.0339750973307899	-0.869293657078992	0.518316748217426	1.64573720897868e-05	1	1	1	0.0930006096793854
"ARVCF.O00192"	"ARVCF.O00192"	0.141197256883651	0.143828577995498	0.035197796005744	0.203367715178704	0.134065832932924	0.0385065692843851	1	1	1	1
"ASAH1.Q13510"	"ASAH1.Q13510"	0.0136701949922495	0.210044190970278	0.375775359608929	0.138900786613976	0.98920461778015	0.783993867790951	1	1	1	1
"ASAP1.Q9ULH1"	"ASAP1.Q9ULH1"	3.22595432365722e-06	2.26755735411143e-06	1.06209295146248e-05	-0.662402736806847	0.236748884632481	0.00790883937085387	0.0181879304767794	0.012841177296333	1	1
"ASCC1.Q8N9N2"	"ASCC1.Q8N9N2"	0.664485889562535	0.0293943171295875	0.34181728793843	-0.225603771817753	0.556341393343619	0.0801182457702102	1	1	1	1
"ASCC2.Q9H1I8"	"ASCC2.Q9H1I8"	0.0198987967175075	0.203407736775729	0.974193431056373	0.0158320694135368	0.0350567527887057	0.602930250398942	1	1	1	1
"ASCC3.Q8N3C0"	"ASCC3.Q8N3C0"	0.0638712856145015	0.856653109533993	0.0660128249719972	0.269429800622916	0.707133179293324	0.907684681608832	1	1	1	1
"ASF1A.Q9Y294"	"ASF1A.Q9Y294"	0.325820427845894	0.382067017547986	0.650908201720747	-0.0665885039239888	0.385129538354561	0.671380489609756	1	1	1	1
"ASF1B.Q9NVP2"	"ASF1B.Q9NVP2"	0.784313417952913	0.283213365188159	0.0781726059277259	0.399776508096638	0.351994367942818	0.442442688510983	1	1	1	1
"ASH2L.Q9UBL3"	"ASH2L.Q9UBL3"	0.858741382869361	0.164363449484653	0.808404693198106	-0.0193058796270483	0.362519248638433	0.0355986100339149	1	1	1	1
"ASL.P04424"	"ASL.P04424"	0.0457577493284733	0.134142670112407	0.917100351997979	-0.0186268126203079	0.325307196219002	0.528373864318405	1	1	1	1
"ASMTL.O95671"	"ASMTL.O95671"	1.26430416873224e-06	0.000635219167773685	0.000144969769138219	0.587546455871968	0.955915485183105	0.404437180102226	0.00719262641591773	1	1	1
"ASNS.P08243"	"ASNS.P08243"	0.000310484860529069	0.65461955575542	2.71850799909357e-06	-0.464439501399728	0.827379419978066	0.864554581363048	1	1	1	1
"ASPHD1.Q5U4P2"	"ASPHD1.Q5U4P2"	0.0143027485896969	0.777775673639495	0.0196313009140594	-1.05830774741707	0.352519970028087	0.00224834841140496	1	1	1	1
"ASPH.Q12797"	"ASPH.Q12797"	0.0371956787932133	0.119336316156556	0.015270989067736	-0.285401018840868	0.0477152084761681	0.000666742915409913	1	1	1	1
"ASPSCR1.Q9BZE9"	"ASPSCR1.Q9BZE9"	0.807495409506562	0.271959200315378	0.424236965284419	0.0821564679192829	0.00257943128482937	0.000501228593558601	1	1	1	1
"ASRGL1.Q7L266"	"ASRGL1.Q7L266"	0.996006867363175	0.00166737581210369	0.409492415473228	-0.171048648988694	0.91739324908661	0.103041694617307	1	1	1	1
"ASS1.P00966"	"ASS1.P00966"	1.46771550995197e-07	0.000160793831532425	0.00505012776208304	0.624287509425308	0.570296629432812	0.334754499713509	0.000847312163895275	0.850438574974998	1	1
"ATAD1.Q8NBU5"	"ATAD1.Q8NBU5"	0.000708843010821586	0.000293703510501707	1.00257723323624e-07	-0.878798036013304	2.17958248718646e-05	0.000194998748784025	1	1	0.128050471122205	1
"ATAD2.Q6PL18"	"ATAD2.Q6PL18"	0.356858788720764	0.256854248710662	0.00012791769509741	0.503211853192155	0.049223411798012	1.40647257745039e-05	1	1	1	0.07966260678679
"ATAD3A.Q9NVI7.2"	"ATAD3A.Q9NVI7.2"	0.00192359046831804	1.86119065761707e-05	0.00914031780212979	0.334969033711178	0.0293157109978763	3.75586931457572e-06	1	0.10245854570182	1	0.0215474222577209
"ATAD3B.Q5T9A4"	"ATAD3B.Q5T9A4"	0.0118222745194071	0.46726355488214	0.331103872342613	0.243883522736088	0.0760840063008125	0.310811510024135	1	1	1	1
"ATAD5.Q96QE3"	"ATAD5.Q96QE3"	0.032152786847862	0.701762654748392	0.0218350637389863	0.794160988676301	0.572818412062341	0.145329411516023	1	1	1	1
"ATE1.O95260"	"ATE1.O95260"	0.0381576161819238	0.00396002450453051	0.975188065143791	0.0044419116217249	0.750863294710167	0.372850085760718	1	1	1	1
"ATF1.P18846"	"ATF1.P18846"	0.0201590923754373	0.642150648870841	0.193241879748815	0.800897203377803	0.0051312598221686	0.404237608791094	1	1	1	1
"ATG101.Q9BSB4"	"ATG101.Q9BSB4"	0.44002482944525	0.065338461927063	0.543506627946873	0.12671833982286	0.033906417440714	0.199665330359415	1	1	1	1
"ATG12.O94817"	"ATG12.O94817"	0.0112874556955156	0.0139624884495929	0.012415268420359	0.50442323078226	0.907025822059457	0.0447519906424808	1	1	1	1
"ATG13.O75143"	"ATG13.O75143"	0.310279516156667	0.382629130057714	0.204908502687368	-0.266226298915073	0.0523827163061635	0.192061428730912	1	1	1	1
"ATG16L1.Q676U5"	"ATG16L1.Q676U5"	0.769810441274612	0.00151025334847974	0.674881747048531	0.0471494782059416	0.0871997928735329	0.239866988442857	1	1	1	1
"ATG3.Q9NT62"	"ATG3.Q9NT62"	0.18259157123533	0.632034786116777	0.576394021985484	-0.0976695712654508	0.701080290440384	0.140086888859241	1	1	1	1
"ATG4B.Q9Y4P1"	"ATG4B.Q9Y4P1"	0.249645535618718	0.0514920047476215	0.0091575820182953	1.0380315421887	0.103832306008412	0.26056079955299	1	1	1	1
"ATG5.Q9H1Y0"	"ATG5.Q9H1Y0"	0.885987101021526	0.0895014393539242	0.870641816796656	0.0746608073627068	0.742971466506196	0.559661408610788	1	1	1	1
"ATG7.O95352"	"ATG7.O95352"	1.80378660218418e-06	0.00562291401914044	4.74955348248175e-05	-0.825962716852975	0.0929274955505864	0.850383933063216	0.0102274700343843	1	1	1
"ATG9A.Q7Z3C6"	"ATG9A.Q7Z3C6"	0.585337684186771	0.0728281211505351	0.841286890171804	0.034587270351244	0.348840346990726	0.81626690465783	1	1	1	1
"ATIC.P31939"	"ATIC.P31939"	0.450634171853521	0.999190439558583	0.00301834557548824	-0.257130873464887	0.00996629934991942	0.000291670548697117	1	1	1	1
"ATL2.Q8NHH9"	"ATL2.Q8NHH9"	2.53864210755165e-05	9.55358532119202e-06	1.66246579483326e-07	-0.525282643802669	9.18461247067527e-05	0.00102304145457061	0.139193746757057	0.0532134702390396	0.53739167565921	1
"ATL3.Q6DD88"	"ATL3.Q6DD88"	0.202832765333173	0.773843075527597	0.571565531086282	-0.0595204473000932	0.0384183002078174	0.0875734988424564	1	1	1	1
"ATM.Q13315"	"ATM.Q13315"	0.885303782436131	0.737383541799796	0.962800796186455	0.0222171592452579	0.370635930739117	0.839981193504295	1	1	1	1
"ATN1.P54259"	"ATN1.P54259"	0.366526273154458	0.674514915709122	0.169044678329615	0.337399681995488	0.38466249731729	0.435653594330279	1	1	1	1
"ATOX1.O00244"	"ATOX1.O00244"	0.0233971541536157	0.000194033732663418	0.00257382399055759	0.470626532015279	0.00125473000874585	0.00995339833769342	1	1	1	1
"ATP11A.P98196"	"ATP11A.P98196"	0.00473519359219482	0.331085844932902	0.0940844660649874	0.318736042549659	0.703892746823942	0.804477205943926	1	1	1	1
"ATP13A3.Q9H7F0"	"ATP13A3.Q9H7F0"	0.0506109846627601	0.800410544912857	0.975652062116061	0.00682632829306606	0.154108862354024	0.0686567252865284	1	1	1	1
"ATP1A1.P05023"	"ATP1A1.P05023"	2.30084292837646e-05	0.000226978810482248	0.000224731840318786	-0.433768598499017	0.0314911000737531	0.0040588442584076	0.126362293626435	1	1	1
"ATP1A3.P13637"	"ATP1A3.P13637"	0.513455298960268	0.942877999557698	0.572220705283243	0.0725967937647384	0.12904208418767	0.0022867571830304	1	1	1	1
"ATP1B1.P05026"	"ATP1B1.P05026"	0.118887838309569	0.253601567206867	0.861387910464848	-0.0370766525447931	0.442164694448802	0.241289990275163	1	1	1	1
"ATP1B3.P54709"	"ATP1B3.P54709"	0.00444481554524987	0.00846206527328511	0.000214363601745588	-0.782802078456979	0.0106769582421542	0.0304092542948979	1	1	1	1
"ATP2A1.O14983"	"ATP2A1.O14983"	0.0881203136452021	0.580402614879554	0.392842106866237	-0.244266983505064	0.579867782921016	0.027310790686602	1	1	1	1
"ATP2A2.P16615"	"ATP2A2.P16615"	0.881003249809573	0.870432757345202	0.00102483916596331	-0.65921419014561	0.013467356695327	0.00412742200232878	1	1	1	1
"ATP2A2.P16615.4"	"ATP2A2.P16615.4"	0.0208301367925352	0.131974288882605	0.00083390661263137	-1.42982545633018	0.0709998370213102	0.535225120591027	1	1	1	1
"ATP2B1.P20020"	"ATP2B1.P20020"	0.738836594718582	0.00167164310118763	0.502519343311651	-0.084178460625981	0.908355524966103	0.000220035347521933	1	1	1	1
"ATP2B3.Q16720"	"ATP2B3.Q16720"	0.0323937178869062	0.147577740950197	0.0320984240254625	-0.921313372982475	0.0051260048959371	0.204895122724059	1	1	1	1
"ATP2B4.P23634"	"ATP2B4.P23634"	0.00624657737105701	0.021887800420649	3.08471099614122e-05	-0.403714420252898	0.105634029479633	0.000798670368261475	1	1	1	1
"ATP2C1.P98194"	"ATP2C1.P98194"	0.748316959917726	0.434745584265198	0.153557148804004	-0.236911074233319	0.0318253991659103	0.000212855235114282	1	1	1	1
"ATP5F1A.P25705"	"ATP5F1A.P25705"	0.216595042422555	0.418131219834775	0.0238495582643767	-0.443188978017611	0.0491577960938709	0.0142878336798088	1	1	1	1
"ATP5F1B.P06576"	"ATP5F1B.P06576"	0.0749269076808337	0.078181495333202	0.0311003910556973	-0.334069542654629	0.0733748946213312	0.0808938208748644	1	1	1	1
"ATP5F1C.P36542"	"ATP5F1C.P36542"	0.339693765510838	0.490093124827363	0.596118369133915	0.083769512703419	0.233144714448783	0.0136488463053459	1	1	1	1
"ATP5F1D.P30049"	"ATP5F1D.P30049"	0.0423328414683938	0.586272204863184	0.0805246937555899	-0.360636813916309	0.0841272442172522	0.0620782366177681	1	1	1	1
"ATP5F1E.P56381"	"ATP5F1E.P56381"	0.618861413487193	0.310018268642391	0.280958475437403	-1.10788570028599	0.106085985561026	0.10568797921836	1	1	1	1
"ATP5IF1.Q9UII2"	"ATP5IF1.Q9UII2"	0.748536113275316	0.289304929017605	0.870325948566508	-0.192951188661358	0.783408484080083	0.654240149645843	1	1	1	1
"ATP5MC1.P05496"	"ATP5MC1.P05496"	0.145194697188694	0.395975800907401	0.944979699029554	-0.0584963505629479	0.101496494423059	0.27285336408166	1	1	1	1
"ATP5ME.P56385"	"ATP5ME.P56385"	0.987052866889164	0.308396526139706	0.835673918558844	0.130145045529393	0.5611630337248	0.484383432363921	1	1	1	1
"ATP5MF.P56134"	"ATP5MF.P56134"	0.728258453713654	0.767297105861272	0.20591076979375	-0.369845811415751	0.166145302392281	0.0192214420170205	1	1	1	1
"ATP5MG.O75964"	"ATP5MG.O75964"	0.674290136605716	0.958482538796894	0.277796828505254	-0.222833490979717	0.00979256567426464	0.00581596047632943	1	1	1	1
"ATP5MK.Q96IX5"	"ATP5MK.Q96IX5"	0.0473966231812211	0.51456472419632	0.0754801378181705	-0.72480518044489	0.639840084087851	0.330139508854785	1	1	1	1
"ATP5PB.P24539"	"ATP5PB.P24539"	0.89231523624305	0.209682580147968	0.113398374446071	-0.171954045996319	0.00184425384627258	1.21192124268506e-05	1	1	1	0.0688007689472306
"ATP5PD.O75947"	"ATP5PD.O75947"	0.316415198434763	0.739523622919087	0.256568551824114	-0.465551205311064	0.267004905693728	0.101549106060401	1	1	1	1
"ATP5PF.P18859"	"ATP5PF.P18859"	0.0103917365615705	0.00120201909908822	0.360611147923369	0.13021844067572	0.299052053234304	0.161753544743661	1	1	1	1
"ATP5PO.P48047"	"ATP5PO.P48047"	0.779551249930586	0.162267567535258	0.0144891993010256	-0.616375372302944	0.00142921146128329	0.0317533665649266	1	1	1	1
"ATP6AP1.Q15904"	"ATP6AP1.Q15904"	1.35338463857898e-07	0.248210639873041	6.76393478118267e-06	0.584501138523203	0.018880453544329	0.00350705557240251	0.000781714967243221	1	1	1
"ATP6AP2.O75787"	"ATP6AP2.O75787"	0.050648514250865	0.293481002877447	0.0079498135037854	0.738390019016002	0.77898197584496	0.318502835462315	1	1	1	1
"ATP6V0C.P27449"	"ATP6V0C.P27449"	0.0784628770208892	0.28965746721619	0.674226650057409	0.105910914482891	0.117296261008037	0.965623516833263	1	1	1	1
"ATP6V0D1.P61421"	"ATP6V0D1.P61421"	0.34776791229927	0.713517320386232	0.455027140294902	0.124681563126828	0.45178475939223	0.0397536530804901	1	1	1	1
"ATP6V1A.P38606"	"ATP6V1A.P38606"	0.304701824777628	0.059135827524942	0.880770185862961	-0.0164841376081734	0.34767203643232	0.470973404526181	1	1	1	1
"ATP6V1B2.P21281"	"ATP6V1B2.P21281"	0.611782767723174	0.00635193428730641	0.449928194816089	-0.0729442580510323	0.488821612870259	0.436337103646149	1	1	1	1
"ATP6V1C1.P21283"	"ATP6V1C1.P21283"	0.63488641975124	0.0429586759400979	0.837914953954153	0.0446245706917419	0.190746378950796	0.473801469002865	1	1	1	1
"ATP6V1D.Q9Y5K8"	"ATP6V1D.Q9Y5K8"	3.81493633189533e-06	0.0678516473221438	0.394984091451937	0.165084434634621	0.00150459656109231	0.00613929411648604	0.0214475720579155	1	1	1
"ATP6V1E1.P36543"	"ATP6V1E1.P36543"	0.0552574835523924	0.00362598931904309	0.441634374631786	-0.0916349456024763	0.0563607463931729	0.152982862665038	1	1	1	1
"ATP6V1F.Q16864"	"ATP6V1F.Q16864"	0.00971161461509647	0.0165302425577029	0.560881565358919	0.0622720305763035	0.0318223101382108	0.329646091776237	1	1	1	1
"ATP6V1G1.O75348"	"ATP6V1G1.O75348"	0.344942113508711	0.465959758248522	0.779082550398128	0.067537113165507	0.154084732067601	0.172341497248995	1	1	1	1
"ATP6V1H.Q9UI12"	"ATP6V1H.Q9UI12"	0.809586556716409	0.351430857634563	0.217612215059911	-0.204487044394987	0.160519870802643	0.367831220799526	1	1	1	1
"ATP7A.Q04656"	"ATP7A.Q04656"	0.192967831396106	0.412613740082509	0.0297872436116918	-0.663759180867208	0.955943594500215	0.245428165667908	1	1	1	1
"ATPAF1.Q5TC12"	"ATPAF1.Q5TC12"	0.398945245414487	0.582383092899493	0.284679665485017	-0.109574491594546	0.643650754739145	0.00326268570316669	1	1	1	1
"ATPAF2.Q8N5M1"	"ATPAF2.Q8N5M1"	0.894857740593134	0.280641822381718	0.509107635434517	0.232826569749105	0.0876713938486981	0.717810664564076	1	1	1	1
"ATRIP.Q8WXE1"	"ATRIP.Q8WXE1"	0.56832960935241	0.766104556745749	0.305609888243698	-0.699384662923008	0.374394630860339	0.654040634450901	1	1	1	1
"ATRN.O75882"	"ATRN.O75882"	0.987007857259272	0.00211467229830499	0.283658629934375	0.148955707716664	0.737644537139251	3.76161502568485e-05	1	1	1	0.209747653832187
"ATR.Q13535"	"ATR.Q13535"	0.763480712238631	0.593074909916606	0.553991178275945	0.177118438775547	0.166855456319525	0.792967739182994	1	1	1	1
"ATXN10.Q9UBB4"	"ATXN10.Q9UBB4"	0.0632058839822929	0.0145170895319882	0.072333758319079	0.154208208464394	0.245914967127688	0.00214273675396085	1	1	1	1
"ATXN2L.Q8WWM7"	"ATXN2L.Q8WWM7"	0.712222715628897	0.0111920776545619	0.579303839309515	0.0359161482720971	0.518824313946139	0.000912270086157214	1	1	1	1
"ATXN2.Q99700"	"ATXN2.Q99700"	0.00231548615022434	0.0244107527976294	0.00417937395766078	0.258566760473608	0.312944368714527	0.000483780507194765	1	1	1	1
"ATXN7L3.Q14CW9"	"ATXN7L3.Q14CW9"	0.0560129362927406	0.0385756973126372	0.254253973841204	0.29745714098542	0.295876182791098	0.00753323241244944	1	1	1	1
"ATXN7.O15265"	"ATXN7.O15265"	0.255769298702339	0.0119283888026203	0.042759063082057	-0.567984407927675	0.019386466059169	0.442915504546679	1	1	1	1
"AUP1.Q9Y679"	"AUP1.Q9Y679"	1.45095551647802e-07	4.39694485641225e-06	7.18388983325218e-06	-0.980837548839616	0.59100135147702	0.0436178147229307	0.000837781715214411	0.0247328148173189	1	1
"AURKA.O14965"	"AURKA.O14965"	0.612741242719808	0.0838846429771676	1.4843865169416e-07	1.04894204448442	0.14295529776019	0.321653120869509	1	1	1	1
"AURKB.Q96GD4"	"AURKB.Q96GD4"	0.0677947098395469	0.0300776153110098	4.3685704371148e-07	0.739569268232443	0.620466870899423	0.000192148291735288	1	1	1	1
"AXL.P30530"	"AXL.P30530"	0.00343804527723905	0.0722774439304253	0.0589702093284306	0.159980459666061	0.000114800326384967	1.5760612005338e-05	1	1	0.671237508372903	0.0891577821141971
"B2M.P61769"	"B2M.P61769"	0.00208257383837219	0.0003349637834259	0.555520669658682	0.0771776778636498	0.745379803769114	0.16619893073274	1	1	1	1
"B3GLCT.Q6Y288"	"B3GLCT.Q6Y288"	0.222864930142081	0.00179905183423251	0.377101935852916	-0.16922116455776	0.751892540666855	0.70753342217811	1	1	1	1
"B3GNT2.Q9NY97"	"B3GNT2.Q9NY97"	0.865192047941057	0.70367124440822	0.128986298094275	0.422796873730977	0.991911368303337	0.459414650141875	1	1	1	1
"B4GALT1.P15291"	"B4GALT1.P15291"	0.986663418121397	0.00264176007641636	0.163926456030085	0.17306066015759	0.510507358698658	0.000120416037750117	1	1	1	0.655544909511635
"B4GALT3.O60512"	"B4GALT3.O60512"	0.197873416800167	0.193406079129063	0.0810804415860843	0.7877551196328	0.838038654106801	0.0660415361898502	1	1	1	1
"B4GALT4.O60513"	"B4GALT4.O60513"	0.886075085423481	0.0179582611744205	0.0115149409835067	0.644364263692792	0.270954744056428	0.816315977067659	1	1	1	1
"B4GAT1.O43505"	"B4GAT1.O43505"	0.122026269525527	0.444364546320787	0.496961470849727	-0.327502928939894	0.282757715804981	0.49992212026143	1	1	1	1
"B9D1.Q9UPM9"	"B9D1.Q9UPM9"	0.222284896371603	0.00179491649288647	0.403670848406808	0.305818820044116	0.466653920939498	0.387001371325857	1	1	1	1
"BABAM1.Q9NWV8"	"BABAM1.Q9NWV8"	0.229957610940478	0.00124854051496509	0.261901565666208	0.156860555541196	0.0478513944832562	0.163135954428987	1	1	1	1
"BABAM2.Q9NXR7"	"BABAM2.Q9NXR7"	0.2140804976613	0.104537578168539	0.922982258296598	0.0312528702374117	0.248129543116167	0.167984276382565	1	1	1	1
"BAD.Q92934"	"BAD.Q92934"	0.96878660039141	0.0110484025541447	0.0198608865663811	-0.280174876839644	0.251947880726309	0.339280084054348	1	1	1	1
"BAG2.O95816"	"BAG2.O95816"	0.336349124580728	0.0483698116624927	0.699319933472383	-0.0454112615480347	0.649053921732787	0.0563032338116329	1	1	1	1
"BAG3.O95817"	"BAG3.O95817"	0.422358896318454	0.588837933326725	0.997908933982667	0.000295710712269298	0.966056326494448	0.00811200746499574	1	1	1	1
"BAG4.O95429"	"BAG4.O95429"	0.00165948089276302	0.576588473701626	0.376649486866867	-0.353393126610705	0.790553206487732	0.984155848853259	1	1	1	1
"BAG5.Q9UL15"	"BAG5.Q9UL15"	0.000236451543685317	0.00196869012619453	0.017815937942547	-0.420984351420061	0.315629592490251	0.741043733185202	1	1	1	1
"BAG6.P46379"	"BAG6.P46379"	0.0325336069197809	0.0095346712429885	0.000273787220862575	0.268094202246709	0.951385704700233	2.77058036452836e-06	1	1	1	0.0159474605782252
"BAIAP2L1.Q9UHR4"	"BAIAP2L1.Q9UHR4"	0.00084091278108226	0.712275443218442	0.000258239639535413	-0.568512929423099	0.302438632912176	0.368725565982335	1	1	1	1
"BAIAP2.Q9UQB8"	"BAIAP2.Q9UQB8"	0.10898007874785	0.445121313390455	0.0129418541718921	0.261607634962181	0.589814554867805	0.117745215134009	1	1	1	1
"BANF1.O75531"	"BANF1.O75531"	0.00876760705891102	0.74087957363855	0.0240873825807264	0.180502937125839	0.259837657627329	0.030571906706244	1	1	1	1
"BANP.Q8N9N5"	"BANP.Q8N9N5"	0.187337174339948	0.0896517322553537	0.188070581257751	-0.656282766431859	0.403094310793815	0.00742154982947929	1	1	1	1
"BAP18.Q8IXM2"	"BAP18.Q8IXM2"	0.616866421188821	0.00260147074018562	0.00191802965362598	0.646397470699381	0.0294350279538762	0.166298606539646	1	1	1	1
"BAP1.Q92560"	"BAP1.Q92560"	0.0613594396165856	0.0546762700272735	0.521211846931049	0.125658000527753	0.0134048840912769	0.00771451337046561	1	1	1	1
"BARGIN.Q6ZT62"	"BARGIN.Q6ZT62"	0.0660355378804789	0.0143601358356431	0.0882198362189378	-0.249378570650479	0.372049576094704	0.0192843152071675	1	1	1	1
"BASP1.P80723"	"BASP1.P80723"	2.24658874558953e-09	4.93546519807472e-09	3.6209860714269e-08	5.36696438541262	0.236813086049242	0.601952938456593	1.31223248629884e-05	2.88132458263602e-05	1	1
"BAX.Q07812"	"BAX.Q07812"	0.0509032894836405	0.102968012236606	0.402152518056719	0.25757236457636	0.308254820951079	0.387582680540077	1	1	1	1
"BAZ1A.Q9NRL2"	"BAZ1A.Q9NRL2"	0.620086097364356	0.0904139676330403	0.00142713601972985	0.303947996437247	0.643912154087886	0.00546758125681276	1	1	1	1
"BAZ1B.Q9UIG0"	"BAZ1B.Q9UIG0"	0.000319036914624272	0.0507277219516889	9.04061436334806e-05	0.416289901402457	0.0518231388757385	2.90797036993571e-07	1	1	1	0.00169941788419043
"BAZ2A.Q9UIF9"	"BAZ2A.Q9UIF9"	0.635825446135667	0.237860329018362	0.227061497297162	0.143064925251009	0.021382061875051	2.42194414855607e-06	1	1	1	0.0139503982956829
"BBX.Q8WY36"	"BBX.Q8WY36"	0.101258768905101	0.259704366095229	0.0617017570078971	-0.620500996463629	0.60521654926354	0.00267294779166558	1	1	1	1
"BCAM.P50895"	"BCAM.P50895"	0.00175122826009401	6.54319085688853e-06	7.47394541664005e-13	1.02991328691022	0.33186609469214	0.224299251220424	1	0.0365829800808638	1	1
"BCAP29.Q9UHQ4"	"BCAP29.Q9UHQ4"	0.472079436585798	0.00677348312578149	0.255800660807965	0.202380482394129	0.376671462777833	0.533603708009466	1	1	1	1
"BCAP31.P51572"	"BCAP31.P51572"	0.787489531361039	0.00511061264897818	0.0787319240711785	-0.168945350375331	0.00463037544107306	0.00749691063804426	1	1	1	1
"BCAR1.P56945"	"BCAR1.P56945"	0.190824032123389	0.0907360346241273	9.97399677877886e-07	0.776099755593705	0.00561736711972782	3.52235805648972e-06	1	1	1	0.020218335244251
"BCAS2.O75934"	"BCAS2.O75934"	0.0567143278739859	0.113038853679485	0.709098345148401	0.0229064164008995	0.606573643633139	0.000139330085998153	1	1	1	0.755447726281984
"BCAT1.P54687"	"BCAT1.P54687"	0.00823177701775294	0.659991378200095	0.00528514447517445	-0.23851854823484	0.686937207444542	1.13629965129332e-05	1	1	1	0.0645304571969474
"BCAT2.O15382"	"BCAT2.O15382"	0.00524794888658231	2.13857603452139e-06	0.000800002396234246	0.473834421180479	0.172677852176278	1.46376017930933e-08	1	0.0121150332355637	1	8.61276489505608e-05
"BCCIP.Q9P287"	"BCCIP.Q9P287"	0.0434291227962624	0.326503381082286	0.361057693716792	0.104858707739679	0.000696230896644236	0.0116175486120437	1	1	1	1
"BCKDHA.P12694"	"BCKDHA.P12694"	0.00126486088722866	0.678260751210525	0.0055714311723013	-0.35192875147668	0.115266492197392	0.0121491404762636	1	1	1	1
"BCKDK.O14874"	"BCKDK.O14874"	0.106777698182076	0.0271596321491054	0.0559328574397529	-0.229583658949162	0.446688785451006	0.00181219407638084	1	1	1	1
"BCL2L12.Q9HB09"	"BCL2L12.Q9HB09"	0.0393926481346801	0.00186741287526955	0.00163292510471454	0.505963137335907	0.11257503746618	0.104041470421528	1	1	1	1
"BCL2L13.Q9BXK5"	"BCL2L13.Q9BXK5"	0.717740407600715	0.498943801960184	0.507892830817325	-0.104546824992701	0.798400345751695	0.0232907976509843	1	1	1	1
"BCL2L1.Q07817"	"BCL2L1.Q07817"	0.543430025064322	0.106059488978619	0.153838827851148	1.49729870760449	0.00441754168595548	0.296719938124769	1	1	1	1
"BCL9L.Q86UU0"	"BCL9L.Q86UU0"	0.00621398324498446	0.000737703920322215	2.11058970654252e-05	0.773883108477724	0.560580791973123	0.884952027982105	1	1	1	1
"BCL9.O00512"	"BCL9.O00512"	0.0937623524628127	0.00253373125482267	0.216537975444016	0.203439515478094	0.0156280983690722	0.867898995860395	1	1	1	1
"BCLAF1.Q9NYF8"	"BCLAF1.Q9NYF8"	0.0986024650093363	0.961222567010283	0.284377050489085	0.137512193607456	0.330120105754123	0.540646034662033	1	1	1	1
"BCS1L.Q9Y276"	"BCS1L.Q9Y276"	0.825454610556165	0.426695244278079	0.921511146654841	0.0208421572612671	0.521637894237066	0.00140896409738807	1	1	1	1
"BDH1.Q02338"	"BDH1.Q02338"	0.0225917469166242	0.0752312266116339	0.00761548991179496	-0.580270482877073	0.252570006397706	2.16834127595533e-06	1	1	1	0.0125004874558825
"BEND3.Q5T5X7"	"BEND3.Q5T5X7"	0.116345982040969	0.286440864652672	0.576623593049411	0.127966103981274	0.985407719939975	0.041089814592566	1	1	1	1
"BET1.O15155"	"BET1.O15155"	0.0576112515462749	0.548627829328171	0.00910484733141686	-0.88338674216235	0.6433263495588	0.274665612112306	1	1	1	1
"BICD2.Q8TD16"	"BICD2.Q8TD16"	0.187173145060277	0.000452679197319711	6.03294754947462e-06	0.537226949315282	0.3630049074177	0.0618300355878724	1	1	1	1
"BID.P55957"	"BID.P55957"	0.00312476736002488	5.72932578182584e-07	0.0306461114164181	0.28343933720806	0.644373952501248	0.784851867065643	1	0.00328347660556439	1	1
"BIN1.O00499"	"BIN1.O00499"	0.000428592171176356	0.0585177183584576	5.8635979323465e-05	0.351133470896104	0.112582687574019	7.24070602621597e-06	1	1	1	0.0412865057614835
"BIN3.Q9NQY0"	"BIN3.Q9NQY0"	0.06133741944944	0.425049703878042	0.563597154340593	-0.13958080156286	0.104325806333281	0.0666749187122681	1	1	1	1
"BIRC2.Q13490"	"BIRC2.Q13490"	0.155723341468198	0.0305822573738781	0.193799152676241	-0.849416871079238	0.825792261033824	0.491571175928578	1	1	1	1
"BIRC5.O15392"	"BIRC5.O15392"	0.124055614561138	0.130762187481765	1.70148143349628e-09	1.169681402972	0.00489366170714285	0.0265756404856925	1	1	1	1
"BIRC6.Q9NR09"	"BIRC6.Q9NR09"	8.118836655007e-06	0.00091194314213793	2.95145176180075e-08	-0.655651437942702	0.132764581291528	0.354313894174196	0.045165088311804	1	1	1
"BLMH.Q13867"	"BLMH.Q13867"	0.000393509669004633	0.0557811844390783	0.0111281502053922	0.182432999375941	0.804168850000676	2.78992912491821e-07	1	1	1	0.00163099256642719
"BLM.P54132"	"BLM.P54132"	0.00304654171181709	0.0913693157421016	0.92790482792123	-0.00980877577169674	0.271507791351895	0.0135284346300367	1	1	1	1
"BLOC1S3.Q6QNY0"	"BLOC1S3.Q6QNY0"	0.0679790363364295	0.000195367978538999	0.144230253178745	-0.412007102276314	0.159415314745531	0.164906970898561	1	1	1	1
"BLVRA.P53004"	"BLVRA.P53004"	1.71612663948341e-05	5.82272441129953e-07	0.000202384736530953	0.462396182907063	0.626391604195588	0.0165436942825258	0.0945929003683255	0.00333642108767463	1	1
"BLVRB.P30043"	"BLVRB.P30043"	4.61124820458645e-06	9.28937581633913e-07	0.00137951667342582	0.335341043636935	0.120365354992952	4.64797633563363e-07	0.0258737136759346	0.00530330465354801	1	0.00271255898947579
"BMI1.P35226"	"BMI1.P35226"	0.0925298004087867	0.182014255915888	2.31932812640856e-05	0.922344137383749	0.159863689555697	0.0304126797440231	1	1	1	1
"BMS1.Q14692"	"BMS1.Q14692"	0.14718226904845	0.811305259923142	0.47510427957933	-0.0859854494484247	0.006533252291023	3.88232021751039e-05	1	1	1	0.216322882519679
"BNIP1.Q12981"	"BNIP1.Q12981"	0.64309323238577	0.853567068134191	0.362741009066855	-0.448378575657949	0.519747303380835	0.271305136092045	1	1	1	1
"BNIP2.Q12982"	"BNIP2.Q12982"	0.036798003178425	0.0184189414003606	0.0224290182778516	1.25764733219051	0.628719728353125	0.000177296585743764	1	1	1	0.954032927887192
"BOD1L1.Q8NFC6"	"BOD1L1.Q8NFC6"	0.226294719296707	0.063353673470395	0.0277421371258425	0.209025605506584	0.379202752009411	0.126959334773686	1	1	1	1
"BOD1.Q96IK1"	"BOD1.Q96IK1"	0.534270746584373	0.0155912758079574	0.00213892073337481	0.532144314619465	0.0391563714257899	0.389181022853352	1	1	1	1
"BOLA2B.Q9H3K6"	"BOLA2B.Q9H3K6"	0.0103251646583812	0.83154303470746	0.221201201226041	0.14902838056483	0.235988658959545	5.04722229491951e-05	1	1	1	0.280221781813931
"BOLA3.Q53S33"	"BOLA3.Q53S33"	0.893093758346714	0.0617992562161147	0.420216947449101	-0.241982298654789	0.336562611217608	0.000793438443862228	1	1	1	1
"BOP1.Q14137"	"BOP1.Q14137"	0.43647033212144	0.855638658083094	0.430463332996613	-0.131797660393816	0.444770953790471	0.0125365957055044	1	1	1	1
"BORCS5.Q969J3"	"BORCS5.Q969J3"	0.882177834975092	0.342726859520429	0.30962054054256	-0.502018897361592	0.957688373539072	0.729390271839209	1	1	1	1
"BORCS7.Q96B45"	"BORCS7.Q96B45"	0.978428682336311	0.0111485382356895	0.252214751136007	0.186737684556831	0.0440894839559023	0.709668350110177	1	1	1	1
"BPNT1.O95861"	"BPNT1.O95861"	0.858985606976499	0.419302508173044	0.745204136380027	-0.0485425528320286	0.239729527706763	0.311076601109556	1	1	1	1
"BPNT2.Q9NX62"	"BPNT2.Q9NX62"	0.0479960692843907	1.63024283410985e-06	1.32175617828144e-05	0.787080952430466	0.598872824575063	0.00241701962888129	1	0.00924836759790516	1	1
"BPTF.Q12830"	"BPTF.Q12830"	0.00180308622645673	0.0164906549734848	0.465084754192237	0.058840409663013	0.924998597493852	0.000506875332917733	1	1	1	1
"BRAT1.Q6PJG6"	"BRAT1.Q6PJG6"	0.000665870227076415	0.173171211779823	3.68421035749033e-07	0.450689446173015	0.0610412669231029	0.0270412619750996	1	1	1	1
"BRCC3.P46736"	"BRCC3.P46736"	0.00372500830853719	0.504540112240813	0.601636724524668	-0.0727054347842139	0.0569731614233333	0.283454538331189	1	1	1	1
"BRD2.P25440"	"BRD2.P25440"	0.000141876437142847	0.00853819277909712	0.0140158418619758	-0.199178541357528	0.341258427233179	0.00375766495064598	0.751377611108516	1	1	1
"BRD3.Q15059"	"BRD3.Q15059"	0.0224487116265709	0.371940799104089	0.0178799120358942	0.374855254848554	0.157726941691641	0.443575538114468	1	1	1	1
"BRD4.O60885"	"BRD4.O60885"	0.341872194132408	0.861101492266996	0.000808596869346829	0.450135505452637	0.00369725044046207	0.580729072001585	1	1	1	1
"BRD7.Q9NPI1"	"BRD7.Q9NPI1"	0.591930036677186	0.272521947437666	0.00803487145209467	0.457598390163911	0.0119256786755274	0.568799489774461	1	1	1	1
"BRD8.Q9H0E9.2"	"BRD8.Q9H0E9.2"	0.153219310521579	0.492515683779298	0.30477384898207	0.111917374984368	0.323181148074714	0.00268748104312276	1	1	1	1
"BRI3BP.Q8WY22"	"BRI3BP.Q8WY22"	0.0225101105921303	0.358142515753555	0.0394245859699311	0.342546097285457	0.956201434351935	0.00230263645998318	1	1	1	1
"BRIP1.Q9BX63"	"BRIP1.Q9BX63"	0.132007347074849	0.515852232494908	0.692307759387378	0.10744748906144	0.158861761463549	0.393735108629678	1	1	1	1
"BRIX1.Q8TDN6"	"BRIX1.Q8TDN6"	0.220225946571654	0.124326167031351	0.350463077783134	0.120430718635703	0.168438642719267	0.0113057858907537	1	1	1	1
"BRK1.Q8WUW1"	"BRK1.Q8WUW1"	0.499773660608039	0.655146828064797	0.820837594523766	-0.0363057334469129	0.8059521595755	0.0636243781085273	1	1	1	1
"BROX.Q5VW32"	"BROX.Q5VW32"	0.139630940752623	0.168855725520839	0.740101647693413	0.0855501434154121	0.138983886280722	0.588590460633628	1	1	1	1
"BRPF3.Q9ULD4"	"BRPF3.Q9ULD4"	0.560011025696494	0.69274379372089	0.038529139769335	0.309679925492819	0.788591106414237	0.204128230124111	1	1	1	1
"BSDC1.Q9NW68"	"BSDC1.Q9NW68"	0.576490842504765	0.0235626640147132	0.647582417838187	0.0953849681757714	0.812653522400449	0.642768360608437	1	1	1	1
"BSG.P35613"	"BSG.P35613"	3.14434476836553e-06	0.00110800130400582	2.66697088446965e-08	-0.647556648991881	0.803793470883134	0.000364682258628508	0.0177498262174234	1	1	1
"BSG.P35613.3"	"BSG.P35613.3"	0.276814066419736	0.0121168892287077	4.68800646479181e-05	-1.364346172779	0.0182684905442463	0.959883597453029	1	1	1	1
"BTAF1.O14981"	"BTAF1.O14981"	0.696617546076694	0.378000858916036	0.00841294021515859	-0.363694709774843	0.242945763605616	0.916180835114643	1	1	1	1
"BTF3L4.Q96K17"	"BTF3L4.Q96K17"	0.0776985529316683	0.00570209321448985	0.889286645001091	-0.016584210895983	0.315848447396469	0.0769527211286404	1	1	1	1
"BTF3L4.Q96K17.3"	"BTF3L4.Q96K17.3"	0.811628990702001	0.302149408258921	0.359555780301848	-0.499660600264145	0.0772209642652784	0.635759711657048	1	1	1	1
"BTF3.P20290"	"BTF3.P20290"	0.552497703656001	0.0833394376224428	0.647723364814824	-0.0517693043003849	0.00942339492103005	0.127206848682203	1	1	1	1
"BUB1B.O60566"	"BUB1B.O60566"	0.000473768999798338	0.435026524257636	0.0103150351938829	-0.324402103332133	0.0276994129132001	0.104912867313184	1	1	1	1
"BUB1.O43683"	"BUB1.O43683"	0.00856349754764502	1.81814501439102e-05	1.22328851973822e-08	1.06177978043598	0.975713575528973	0.0742111909127368	1	0.100125245942513	1	1
"BUB3.O43684"	"BUB3.O43684"	0.697109388065797	0.80641756390666	0.925473870438205	-0.0123926256523429	0.236449030921723	0.380784566658636	1	1	1	1
"BUD13.Q9BRD0"	"BUD13.Q9BRD0"	0.0387590663447712	0.000525347164805784	0.000985042591023789	0.528793435629626	0.616291980020489	0.115443801396589	1	1	1	1
"BUD23.O43709"	"BUD23.O43709"	0.168763462368586	0.00185592162503832	0.0245973238220436	-0.361007683049151	0.209329381700909	0.0002133714131824	1	1	1	1
"BUD31.P41223"	"BUD31.P41223"	0.987047355686183	0.445765936030707	0.23428905660885	-0.148257812964734	0.681861108182606	0.786812430264111	1	1	1	1
"BYSL.Q13895"	"BYSL.Q13895"	0.889408238103291	0.978783833239101	0.556295960007474	0.0416845007652258	0.643228489084158	0.0014549709581326	1	1	1	1
"BZW1.Q7L1Q6"	"BZW1.Q7L1Q6"	0.117124992032739	0.0409421336341013	0.00516877862297008	-0.410894027971553	0.885187067396145	0.637839049856372	1	1	1	1
"BZW2.Q9Y6E2"	"BZW2.Q9Y6E2"	0.172230205052242	6.81374483282854e-05	0.21354758593805	0.151530745115971	0.747385668425518	0.784571588917016	1	0.366375059661191	1	1
"C11orf54.Q9H0W9"	"C11orf54.Q9H0W9"	0.0724861061433892	0.00640998951796619	0.00458952328901608	-0.888874468922102	0.0859332695450785	0.00702556349302451	1	1	1	1
"C11orf68.Q9H3H3"	"C11orf68.Q9H3H3"	0.0040158247334109	0.00545079613725246	0.00300017812267633	0.682244594386162	0.946934518065754	0.0154218556842231	1	1	1	1
"C11orf98.E9PRG8"	"C11orf98.E9PRG8"	0.198637355215378	0.000997855695702599	0.0105291832071042	0.780246796674553	0.765688388143618	0.00255735874914197	1	1	1	1
"C12orf29.Q8N999"	"C12orf29.Q8N999"	0.000391658517432013	0.000345161916157596	0.00178555545737906	0.600977945603728	0.580672662964868	0.0389647225333782	1	1	1	1
"C12orf57.Q99622"	"C12orf57.Q99622"	3.89267747219075e-05	1.8271226079543e-05	0.00196030725356169	0.790526843495351	0.21709351206806	0.487324324747095	0.211956288360786	0.100601370793964	1	1
"C15orf40.Q8WUR7"	"C15orf40.Q8WUR7"	0.786137548180076	0.00010474534973445	0.0693962941054486	0.360646031434993	0.288427911706998	0.24533470033504	1	0.558502204784089	1	1
"C17orf75.Q9HAS0"	"C17orf75.Q9HAS0"	0.0561871428014469	0.00136835526630601	0.388627812976135	0.143285427508965	0.255663987540472	0.719821978302949	1	1	1	1
"C18orf25.Q96B23.2"	"C18orf25.Q96B23.2"	0.201493101900584	0.221620750809374	0.00929193631881592	0.459573811968765	0.00384023147480737	0.031604829458986	1	1	1	1
"C18orf32.Q8TCD1"	"C18orf32.Q8TCD1"	0.157293987101835	0.023362916140259	0.35560747139698	0.366542270553196	0.810233567323651	0.00764465852591735	1	1	1	1
"C19orf25.Q9UFG5"	"C19orf25.Q9UFG5"	0.32992295307292	0.0201771361085518	0.30227737335951	-0.339064883548372	0.182826315826562	0.10932164767241	1	1	1	1
"C19orf47.Q8N9M1"	"C19orf47.Q8N9M1"	0.422025747045108	0.888630963721125	0.628019152113794	-0.264230716387972	0.0295257121063031	0.340530154831866	1	1	1	1
"C1GALT1C1.Q96EU7"	"C1GALT1C1.Q96EU7"	0.00767159356343561	0.000707276341405892	9.55241652382925e-05	0.607739014114101	0.196436369635596	0.000924192837386149	1	1	1	1
"C1GALT1.Q9NS00"	"C1GALT1.Q9NS00"	0.496905479539039	0.773475293055572	0.3569107724764	-0.251994574823649	0.0351265658041307	0.130917306577794	1	1	1	1
"C1QBP.Q07021"	"C1QBP.Q07021"	0.10697902939236	0.460825912664802	0.141704409502681	-0.239212692167684	0.1055112962263	0.00140391835555017	1	1	1	1
"C1orf109.Q9NX04"	"C1orf109.Q9NX04"	0.149203950792662	0.210055331160466	0.0117456760208793	-0.767326366820074	0.756754058064399	0.0642742193128889	1	1	1	1
"C1orf122.Q6ZSJ8"	"C1orf122.Q6ZSJ8"	0.19231208351456	0.117956278786918	0.190350603235432	-0.303632260963644	0.801464127021941	0.419394033984878	1	1	1	1
"C1orf131.Q8NDD1"	"C1orf131.Q8NDD1"	0.0106501441354832	0.42179705825187	0.906670154615999	0.0285815299879547	0.00140003106313074	0.827950704720225	1	1	1	1
"C1orf174.Q8IYL3"	"C1orf174.Q8IYL3"	0.379355604386146	0.20465085720484	0.562227248730178	0.200139624704564	0.289587338296364	0.541580407058029	1	1	1	1
"C1orf198.Q9H425"	"C1orf198.Q9H425"	0.573654661007104	0.853623984882332	0.643808312272914	0.115900775181402	0.904502446522758	0.874709842847374	1	1	1	1
"C1orf50.Q9BV19"	"C1orf50.Q9BV19"	6.6872071033049e-05	0.000200558225187496	0.00105653595612666	0.606708450713535	0.203039020185073	0.00282891248645	0.360039230441936	1	1	1
"C1orf52.Q8N6N3"	"C1orf52.Q8N6N3"	0.389241667204572	0.182775699924854	0.341211884706208	0.430984307977955	0.729573524099684	0.230025057126197	1	1	1	1
"C20orf27.Q9GZN8"	"C20orf27.Q9GZN8"	0.00122145398245658	3.50940071896635e-07	0.000580241763281302	0.405787990066442	0.00948794646463712	0.309059331690394	1	0.00201615071304617	1	1
"C2CD5.Q86YS7"	"C2CD5.Q86YS7"	0.749523638489233	0.864276132122832	0.922586384377793	-0.0618751051618887	0.663506418171748	0.738266318781984	1	1	1	1
"C2orf49.Q9BVC5"	"C2orf49.Q9BVC5"	0.00517301659767126	0.158154299917242	0.503916326635674	0.0894549775956457	0.000577248885038055	0.124185212840908	1	1	1	1
"C2orf69.Q8N8R5"	"C2orf69.Q8N8R5"	0.799478357548605	0.699763846062876	0.397717936624904	0.228143385620659	0.414302971326704	0.376638894092067	1	1	1	1
"C3orf38.Q5JPI3"	"C3orf38.Q5JPI3"	0.608863833412202	0.16241250111913	0.585725292825528	0.224901274146326	0.626173683045917	0.151101239762649	1	1	1	1
"C4A.P0C0L4"	"C4A.P0C0L4"	0.00469911488733569	0.0191608956805328	4.20818291237227e-05	-1.49344782967666	0.537227562751917	0.355390095235112	1	1	1	1
"C5orf22.Q49AR2"	"C5orf22.Q49AR2"	0.143485674311431	0.0282584020356222	0.189861784193911	0.231650253317693	0.157299222188503	0.772463130906513	1	1	1	1
"C5orf24.Q7Z6I8"	"C5orf24.Q7Z6I8"	0.0102107851232997	0.0125350848166764	0.502017463580829	-0.169844110677579	0.258167688745984	0.525374353278339	1	1	1	1
"C5orf51.A6NDU8"	"C5orf51.A6NDU8"	0.940792437016082	0.132498772431501	0.940885186741075	-0.0149351625938499	0.999550079059805	0.166274280695447	1	1	1	1
"C6orf120.Q7Z4R8"	"C6orf120.Q7Z4R8"	0.881795449360611	0.655295767054639	0.0658235793925007	0.403712000465807	0.130443443360758	0.106762499369073	1	1	1	1
"C6orf47.O95873"	"C6orf47.O95873"	0.280904942876924	0.00180847071740572	0.345940015734155	0.262415289051561	0.280875124822833	0.000184541764346464	1	1	1	0.991727441597899
"C6orf89.Q6UWU4"	"C6orf89.Q6UWU4"	0.20270554720849	0.615077861633307	0.792830567964465	0.114387673083719	0.239740283145195	0.761556889342049	1	1	1	1
"C7orf26.Q96N11"	"C7orf26.Q96N11"	0.963067584387874	0.0109710523681368	0.365560796343408	0.211716582821376	0.387342537865935	0.000252616076385083	1	1	1	1
"C7orf50.Q9BRJ6"	"C7orf50.Q9BRJ6"	0.217657182355846	0.400199963731096	0.878726317196234	-0.028027041394123	0.390545346449541	0.978617999246061	1	1	1	1
"C8orf33.Q9H7E9"	"C8orf33.Q9H7E9"	0.000187253340704013	0.844163028807911	0.019822754781715	-0.369045740835052	0.974114152154731	0.717007847412964	0.985888838806631	1	1	1
"C8orf82.Q6P1X6"	"C8orf82.Q6P1X6"	2.11301573422005e-06	1.99481809596364e-05	1.02923758239577e-05	-0.822931006916105	0.756926722037709	0.0990910080295044	0.0119723471500908	0.109695047097041	1	1
"C9orf64.Q5T6V5"	"C9orf64.Q5T6V5"	0.000951656934677298	0.169962623142803	0.601462967848011	0.0715033433673148	0.460844811046112	0.00644156811741567	1	1	1	1
"C9orf78.Q9NZ63"	"C9orf78.Q9NZ63"	0.645362025160466	0.279308089678373	0.000309853356349902	0.47938387166776	0.000591181744884165	0.00193991514502622	1	1	1	1
"CA12.O43570"	"CA12.O43570"	6.1481685757226e-05	0.029954819822903	5.35391484211299e-09	2.70325878690861	0.557939642126873	0.983327205985086	0.331529928295526	1	1	1
"CA13.Q8N1Q1"	"CA13.Q8N1Q1"	0.428960338103816	0.403497188411648	0.497003697478051	-0.177661378567117	0.316264815755459	0.0965870836578803	1	1	1	1
"CA2.P00918"	"CA2.P00918"	0.0164062511092543	3.86714874070738e-05	0.142884300609165	0.167723208164771	0.229722719060696	0.592515906529654	1	0.210063519595225	1	1
"CAAP1.Q9H8G2"	"CAAP1.Q9H8G2"	0.554164936997753	0.00831244679925537	0.0293064327054479	-0.447080169630655	0.27452580231997	0.000507516364427697	1	1	1	1
"CAB39.Q9Y376"	"CAB39.Q9Y376"	0.111538718988608	0.143749882419131	0.293032979588334	0.11791218898609	0.0937972233186531	0.00396417160068977	1	1	1	1
"CABIN1.Q9Y6J0"	"CABIN1.Q9Y6J0"	0.00612003288681127	0.0770710791222405	0.00057104591221436	0.618605267938135	0.672610715325057	0.00357415963501905	1	1	1	1
"CACTIN.Q8WUQ7"	"CACTIN.Q8WUQ7"	0.890735431878691	0.000133842474758898	0.0823674882845072	0.205597314597725	0.0464886644747181	4.23889165120208e-06	1	0.710971225919264	1	0.0242973269446903
"CACUL1.Q86Y37"	"CACUL1.Q86Y37"	0.0041273229588021	0.199494151373026	0.755817861373632	0.0296368733371196	0.266257872296112	0.787043216443499	1	1	1	1
"CACYBP.Q9HB71"	"CACYBP.Q9HB71"	0.622436611331547	0.328241462098369	0.755122158293822	0.0364266251989079	0.399209292604096	0.167529873221899	1	1	1	1
"CADM1.Q9BY67"	"CADM1.Q9BY67"	4.08671366632181e-05	0.0013838724089434	5.63420646538417e-09	0.890160431549264	0.0321579928411748	0.581291852690423	0.22211288776459	1	1	1
"CADM3.Q8N126"	"CADM3.Q8N126"	1.59364491572198e-08	5.02080962318006e-08	4.80601980019305e-07	-2.07063432782906	0.0833482356192124	0.610971995535723	9.26704518492329e-05	0.000290704877182125	1	1
"CADM4.Q8NFZ8"	"CADM4.Q8NFZ8"	0.000145083304413244	0.000134827477035542	9.72781139985725e-10	0.881745579674124	0.39878881067428	0.652845838844697	0.768071013563715	0.716068730535765	1	1
"CAD.P27708"	"CAD.P27708"	0.602985724260272	0.835652206766216	0.000178073558360677	-0.285952395665928	0.0292850900020018	0.609244907493355	1	1	1	1
"CALB2.P22676"	"CALB2.P22676"	0.00528307903806376	0.000605168465927532	0.00116407013561557	0.41006410897837	0.0511349085462297	0.000105078686463442	1	1	1	0.574780414955026
"CALCOCO1.Q9P1Z2"	"CALCOCO1.Q9P1Z2"	0.462415916656294	0.258363268095368	0.00405038154333482	-1.33248416986543	0.346021304790617	0.525080034552846	1	1	1	1
"CALCOCO2.Q13137"	"CALCOCO2.Q13137"	0.458361237907927	0.367887068129718	0.0662251433369274	-0.158264439499333	0.00125831232396845	0.908518521167028	1	1	1	1
"CALD1.Q05682.5"	"CALD1.Q05682.5"	6.25728917288165e-09	3.64383192487302e-08	1.36137709765956e-08	-0.856615500744828	0.606786768292528	0.186644049077181	3.64799958779e-05	0.000211232936684889	1	1
"CALM1.P0DP23"	"CALM1.P0DP23"	0.348317840661942	0.590058827783103	0.22003745265962	0.209886624071167	0.867300347008518	0.087861370250699	1	1	1	1
"CALR.P27797"	"CALR.P27797"	0.0465952364848498	0.234176914172378	0.779878414658049	-0.0388733344678308	0.795493150942197	0.590360671377883	1	1	1	1
"CALU.O43852"	"CALU.O43852"	0.806512464080553	0.0606456245714914	0.589033872956353	0.137415015604305	0.732234700080509	0.188700829516973	1	1	1	1
"CAMK2D.Q13557"	"CAMK2D.Q13557"	0.561955535464051	0.417955648092425	0.0800124172739632	-0.533432286318926	0.151216416396165	0.00639567371975228	1	1	1	1
"CAMK2G.Q13555.11"	"CAMK2G.Q13555.11"	0.4214324125849	0.564990527401297	0.243787458559662	0.140916243120234	0.145334027593681	0.449827290213078	1	1	1	1
"CAMK4.Q16566"	"CAMK4.Q16566"	0.118260575358914	0.147200759696429	0.30791749363613	-0.221886601970536	0.980257093807193	0.886099383413646	1	1	1	1
"CAMKK1.Q8N5S9"	"CAMKK1.Q8N5S9"	0.0669456721689675	0.00683729546099545	0.00142038453141317	0.870987479054663	0.0358291338621999	0.357149424191624	1	1	1	1
"CAMSAP1.Q5T5Y3"	"CAMSAP1.Q5T5Y3"	0.204976767850562	0.716885210945941	0.580255176774421	0.141115360629079	0.534472175193448	0.296586816466314	1	1	1	1
"CAMSAP2.Q08AD1"	"CAMSAP2.Q08AD1"	0.0368113783766469	0.0304630958192667	0.609728671625921	0.0522414676549827	0.785096054448662	0.251147937743242	1	1	1	1
"CAND1.Q86VP6"	"CAND1.Q86VP6"	5.13912948949138e-05	2.92803922073555e-07	0.0145703180402806	0.115844217339133	0.631341157053913	0.0151528373687948	0.278129687971273	0.00168391535584502	1	1
"CANT1.Q8WVQ1"	"CANT1.Q8WVQ1"	0.373816953057031	0.245011240676106	0.00147737352137263	0.565300504046807	0.548000580126731	0.661633144094792	1	1	1	1
"CANX.P27824"	"CANX.P27824"	0.0626117732413473	0.314810833741091	0.570019039188772	-0.0644768213678773	0.10614999209184	0.202185533661493	1	1	1	1
"CAP1.Q01518"	"CAP1.Q01518"	0.489588066060151	0.000524211014575931	0.258327503485133	0.0799387626576935	0.266201829396987	0.0411062346575567	1	1	1	1
"CAP1.Q01518.2"	"CAP1.Q01518.2"	0.27569775040719	0.0742912652567072	0.0117853344515221	-0.726274910605852	0.00120312836559652	0.0523547465715169	1	1	1	1
"CAP2.P40123"	"CAP2.P40123"	0.0108887501268471	0.65205918969246	0.00224773048009777	-0.341469807394635	0.550324866873387	0.783677978823134	1	1	1	1
"CAPG.P40121"	"CAPG.P40121"	3.20349789112093e-17	8.77724594307138e-18	1.58543614178971e-18	1.92688423881853	7.47491124216865e-05	4.23262244425277e-08	1.89038410555046e-13	5.18120828019503e-14	0.437955049678661	0.000248454937477638
"CAPN1.P07384"	"CAPN1.P07384"	0.00121783705385726	0.00312091309438814	0.0515829071017311	0.324555930653589	0.0891134330389792	0.276487788620384	1	1	1	1
"CAPN2.P17655"	"CAPN2.P17655"	0.900953339976289	0.15051235116876	0.104094626475911	-0.187670660108971	0.203687071724995	0.956129174686807	1	1	1	1
"CAPN5.O15484"	"CAPN5.O15484"	0.114873020954678	0.372383556085215	0.682714450181924	-0.073016917037627	0.102375729783139	0.0127065842140922	1	1	1	1
"CAPN7.Q9Y6W3"	"CAPN7.Q9Y6W3"	0.685250854397934	0.773082496200373	0.567464064394815	-0.252856263834775	0.132175438213698	0.657237597261553	1	1	1	1
"CAPNS1.P04632"	"CAPNS1.P04632"	0.228971591653083	0.0407347751377946	0.978329615267542	-0.00341872770339257	0.283035628037635	0.183388101195826	1	1	1	1
"CAPRIN1.Q14444"	"CAPRIN1.Q14444"	0.280632566724455	0.794500856945289	0.959618654248602	-0.0101571684156217	0.365516302264266	0.83400779852775	1	1	1	1
"CAPZA1.P52907"	"CAPZA1.P52907"	0.0937086865439344	0.156898116196364	0.53338702362969	-0.0686185513488614	0.696892615111165	0.54379714536785	1	1	1	1
"CAPZA2.P47755"	"CAPZA2.P47755"	0.0559417056553632	0.000977509024645168	0.0066993418625699	0.25054822090065	0.0103634584710252	0.173501899589148	1	1	1	1
"CAPZB.P47756.2"	"CAPZB.P47756.2"	0.120950553581958	0.406317276282334	0.283443070323166	-0.118659735305726	0.356621933656651	0.0047402562383386	1	1	1	1
"CARD19.Q96LW7"	"CARD19.Q96LW7"	0.248477640683911	0.408481133214632	0.428282808719563	0.202905799018961	0.190892357245729	0.142596088910268	1	1	1	1
"CARHSP1.Q9Y2V2"	"CARHSP1.Q9Y2V2"	0.0764966789148751	0.330171771210668	0.0282203027863005	0.204826241453426	0.00826591838106157	1.00743258553324e-05	1	1	1	0.0573027654651305
"CARM1.Q86X55"	"CARM1.Q86X55"	0.150357446169767	0.000234175517611044	0.0221571916526665	0.199722681690573	0.0276067427591278	0.00941225712509498	1	1	1	1
"CARNMT1.Q8N4J0"	"CARNMT1.Q8N4J0"	0.4653782857924	2.75277762462922e-05	0.326435130338598	0.338577379366725	0.235943068488904	0.000101470103724227	1	0.150604463843465	1	0.555853228201313
"CARS1.P49589.3"	"CARS1.P49589.3"	0.0286010511280356	0.23759276904167	1.43788230029154e-07	-0.712188001262741	0.789700977460829	0.034009619024626	1	1	1	1
"CARS2.Q9HA77"	"CARS2.Q9HA77"	0.0768638432823151	0.0459836119426848	4.75102338006671e-05	0.852712446241016	0.107997970066483	0.0208777835855072	1	1	1	1
"CASC3.O15234"	"CASC3.O15234"	0.14340492031422	0.379666559146381	0.00286747008177378	0.467930754473563	0.00222294881284757	0.0662032529779688	1	1	1	1
"CASKIN2.Q8WXE0"	"CASKIN2.Q8WXE0"	0.651433727149111	0.000154148262601144	0.0828066079066402	-1.38145879596552	0.0546615418301947	0.000482844025983134	1	0.816060902210457	1	1
"CASK.O14936"	"CASK.O14936"	0.599819904644304	0.936217664259424	0.127587986162083	-0.21523294011814	0.0187533927683268	0.142740376667462	1	1	1	1
"CASP14.P31944"	"CASP14.P31944"	0.550611727018429	0.174521147770827	0.617258533374846	-0.325010784196326	0.1497045951269	0.393185575314003	1	1	1	1
"CASP2.P42575"	"CASP2.P42575"	0.199973906659544	0.551353742663348	0.0817841330434007	0.394016740709654	0.370046114735515	0.118783736566612	1	1	1	1
"CASP3.P42574"	"CASP3.P42574"	0.598455570410564	2.97745736867492e-05	0.858368701228769	0.0240674928752602	0.0173166487546027	0.149433760321294	1	0.162688270624398	1	1
"CASP4.P49662"	"CASP4.P49662"	0.0708167025486783	0.0273422048431105	0.0132810602788129	-0.696678540298222	0.341470051325466	0.227506726242163	1	1	1	1
"CASP6.P55212"	"CASP6.P55212"	0.027695485579546	0.535244369865085	0.157622925359349	0.207920278713502	0.459357799515923	0.0908733012927058	1	1	1	1
"CASP7.P55210"	"CASP7.P55210"	0.152605609794686	0.00426930404008881	0.0891845998711093	0.254797477843433	0.643444522765497	0.182258223755904	1	1	1	1
"CASP8.Q14790"	"CASP8.Q14790"	0.457503106998921	0.826234969108526	0.0295508336696297	-0.354400244720914	0.447653146602535	0.616339115090335	1	1	1	1
"CAST.P20810.10"	"CAST.P20810.10"	0.332385875417012	0.168678997329799	0.0681078102275258	0.244142137128158	0.497061310788378	0.00121423979280907	1	1	1	1
"CAT.P04040"	"CAT.P04040"	0.00065009102447086	0.00838928146675779	0.0295106358051554	-0.109717078058314	0.133894831704058	0.00287011515006899	1	1	1	1
"CAV1.Q03135"	"CAV1.Q03135"	8.18051267005601e-05	4.98862685781482e-06	8.40506981050827e-10	0.858789197749973	0.00991949971664452	0.753221338880529	0.438475479115002	0.0280061511797724	1	1
"CAV2.P51636"	"CAV2.P51636"	0.260460848993568	0.19484062487306	0.000573114488135652	0.724533678165089	1.12730851243027e-05	0.139340741933207	1	1	0.0663308328713969	1
"CAVIN1.Q6NZI2"	"CAVIN1.Q6NZI2"	0.0015857422760912	0.00160715200576407	2.19364993453849e-06	1.10634364362211	0.643720920008084	0.607293871966854	1	1	1	1
"CAVIN2.O95810"	"CAVIN2.O95810"	0.252247508279374	0.501557116722532	0.259370192263906	0.264053493090267	0.701418324949696	0.592177908782165	1	1	1	1
"CAVIN3.Q969G5"	"CAVIN3.Q969G5"	2.91488853797899e-05	6.28024521756468e-06	1.00428639572295e-05	3.70140520356809	0.595289911875336	0.47159608484974	0.15950270079821	0.0351379719922744	1	1
"CBFB.Q13951.2"	"CBFB.Q13951.2"	0.88677951064619	0.0238656667084164	0.059315753400641	0.278207325689534	0.0249892188217316	0.101742995820025	1	1	1	1
"CBLL1.Q75N03"	"CBLL1.Q75N03"	0.987523053502643	0.494913985300017	0.00516785508456475	0.368448708760891	0.00109249687702178	0.210409427379987	1	1	1	1
"CBL.P22681"	"CBL.P22681"	0.00883301511829765	0.0724354673460981	0.0582228819081942	0.700698417768599	0.803208093511102	0.131421613230448	1	1	1	1
"CBR1.P16152"	"CBR1.P16152"	0.601871163711631	0.957389682831688	0.428164228191769	-0.0890429139788148	0.614858240977288	0.0013657317511057	1	1	1	1
"CBWD2.Q8IUF1"	"CBWD2.Q8IUF1"	0.393892785821907	0.00924625030211708	0.627473331297219	-0.0604712318477495	0.451818919512282	0.122966105888981	1	1	1	1
"CBX1.P83916"	"CBX1.P83916"	0.246602905263543	0.574270885437438	0.0317980360686654	0.573990045640199	0.323896028846054	0.646295861366764	1	1	1	1
"CBX2.Q14781"	"CBX2.Q14781"	0.881938667331022	0.121981835753421	0.903789642140645	0.0373479219299669	0.0408195780852748	0.00998103367232424	1	1	1	1
"CBX3.Q13185"	"CBX3.Q13185"	0.470012189529361	0.0839589902703918	0.5050166373969	-0.127598927877478	0.0114793855204029	0.297247381887398	1	1	1	1
"CBX5.P45973"	"CBX5.P45973"	0.903229944623791	0.829762269543835	0.44917170750782	0.155117160885643	0.0952405502442386	0.16601615329977	1	1	1	1
"CBX8.Q9HC52"	"CBX8.Q9HC52"	0.181795281185123	0.152974998735022	0.598519837160048	0.0844443031851782	0.196685146182811	0.00354270122125166	1	1	1	1
"CC2D1A.Q6P1N0"	"CC2D1A.Q6P1N0"	0.0159561167516249	0.38067401707679	0.895906310625383	-0.0315237154415329	0.161413536340082	0.882981473404025	1	1	1	1
"CC2D1B.Q5T0F9"	"CC2D1B.Q5T0F9"	0.399488327492663	0.0095223297308651	0.467125397701144	0.157870253460579	0.6363141170063	0.0871937959810936	1	1	1	1
"CCAR1.Q8IX12"	"CCAR1.Q8IX12"	0.0603787532242509	0.0019000931628523	0.84040771548188	0.0153602964569001	0.200668347250417	0.000211160228224777	1	1	1	1
"CCAR2.Q8N163"	"CCAR2.Q8N163"	0.014631230613338	0.000414440937470586	0.579664283322464	0.0354460284826645	0.00560869710672552	3.4720104504475e-05	1	1	1	0.194050664075511
"CCDC117.Q8IWD4"	"CCDC117.Q8IWD4"	0.428335770491939	0.52013948188128	0.866490045318476	0.0360119591370437	0.0743011744732308	0.257885021903605	1	1	1	1
"CCDC124.Q96CT7"	"CCDC124.Q96CT7"	0.00914416832414104	0.935568472197472	0.00494027905240575	0.2115244630361	0.353877319847541	8.89366083974269e-06	1	1	1	0.0506316111606552
"CCDC12.Q8WUD4"	"CCDC12.Q8WUD4"	0.385555878803374	0.949055392603515	0.544636351490368	0.336405923057757	0.195953535373551	0.708599228515658	1	1	1	1
"CCDC134.Q9H6E4"	"CCDC134.Q9H6E4"	0.532844452907822	2.37047565092485e-07	0.795521988492151	0.0829532674925386	0.0197293324525017	2.86526343676135e-09	1	0.00136468283223744	1	1.68993237500184e-05
"CCDC137.Q6PK04"	"CCDC137.Q6PK04"	0.0105427877901506	0.888380808614198	0.299247399220876	0.175303418126311	0.083935230835538	0.0891279847198736	1	1	1	1
"CCDC174.Q6PII3"	"CCDC174.Q6PII3"	0.190641218019881	0.0168915451354001	3.90131967803568e-06	-1.66365541008307	0.210821666178409	0.58253029319146	1	1	1	1
"CCDC22.O60826"	"CCDC22.O60826"	0.113706624523342	0.717004152301739	0.995188466582708	-0.000686829719071899	0.89226275560011	0.000868877540890838	1	1	1	1
"CCDC25.Q86WR0"	"CCDC25.Q86WR0"	0.906711123723465	0.015622046160191	0.298909002638877	0.148420317452127	0.000748073886836917	0.0422888263971454	1	1	1	1
"CCDC28A.Q8IWP9"	"CCDC28A.Q8IWP9"	0.18867017251194	0.205049874092761	0.669009340921591	0.230575116034021	0.781710384401386	0.0667227880475981	1	1	1	1
"CCDC43.Q96MW1"	"CCDC43.Q96MW1"	0.0900851511227804	0.867369295516348	0.244337611930074	-0.384809416977351	0.598714130681764	0.307180160655925	1	1	1	1
"CCDC47.Q96A33"	"CCDC47.Q96A33"	3.63937606037416e-05	4.98827088350626e-05	1.24116231292832e-08	-0.673161430209307	0.00276819140964965	0.00245970401834642	0.19823681400858	0.269715806671184	1	1
"CCDC50.Q8IVM0"	"CCDC50.Q8IVM0"	0.949765229139653	0.419675508595346	0.203929713649227	0.143514041976139	0.0181964342314114	0.00118612497336024	1	1	1	1
"CCDC51.Q96ER9"	"CCDC51.Q96ER9"	3.7558015215683e-14	4.95976262491397e-13	1.83513054607665e-12	-1.308510833184	0.0285890991510975	0.0220484527085068	2.21517173742098e-10	2.92229213859931e-09	1	1
"CCDC59.Q9P031"	"CCDC59.Q9P031"	0.00142521523229968	0.000300046626890332	6.32870998631428e-06	-0.647473301117045	0.230005366754719	0.00462752035181989	1	1	1	1
"CCDC6.Q16204"	"CCDC6.Q16204"	0.996163863724011	0.175753956140901	0.488481513707818	-0.172301102444384	0.209986214356727	0.804670919700337	1	1	1	1
"CCDC85C.A6NKD9"	"CCDC85C.A6NKD9"	0.198961989398774	5.7017340073559e-05	2.70661840638682e-05	1.57900105538785	0.0948236903315727	0.081599980575142	1	0.307323462996483	1	1
"CCDC86.Q9H6F5"	"CCDC86.Q9H6F5"	0.901127313965054	0.18503192296291	0.00303018246813636	1.12756259897889	0.153234311771755	0.669333956714613	1	1	1	1
"CCDC88A.Q3V6T2"	"CCDC88A.Q3V6T2"	0.977561924405352	0.0576458685156396	0.0617996189264481	0.231763122288103	0.0466366310102661	0.455801614505833	1	1	1	1
"CCDC91.Q7Z6B0"	"CCDC91.Q7Z6B0"	0.597251247373066	0.457511586775883	0.955462059970972	-0.0105527822485739	0.169652933914524	0.00315006810324506	1	1	1	1
"CCDC93.Q567U6"	"CCDC93.Q567U6"	0.130994338286145	0.393948818010972	0.36853069352427	-0.0878416549407209	0.0254238613037442	0.104795046090149	1	1	1	1
"CCDC97.Q96F63"	"CCDC97.Q96F63"	0.390967566688973	0.00791836902272793	0.859450594983883	0.102819258789238	0.316567420549268	0.055462715713727	1	1	1	1
"CCDC9B.Q6ZUT6"	"CCDC9B.Q6ZUT6"	2.986627022344e-06	1.34044114932362e-07	2.75167563874488e-06	-0.665306083395432	0.11955090819667	0.000708264510034869	0.0168714560492212	0.000772898366699998	1	1
"CCDC9.Q9Y3X0"	"CCDC9.Q9Y3X0"	0.601625297522753	0.162542311928021	0.655076634957694	0.115539465857899	0.36726636570281	0.138657343101795	1	1	1	1
"CCN1.O00622"	"CCN1.O00622"	4.87982422481937e-08	5.10254731425509e-08	0.000553266925718571	-0.756756677497876	0.929090806710951	0.136343242293809	0.000282785813828283	0.000295386464022227	1	1
"CCN2.P29279"	"CCN2.P29279"	1.60404117399091e-10	1.85824350113816e-08	0.0005059277432936	-0.910276775875017	0.00277739330330205	2.60087844387075e-05	9.42053381484859e-07	0.000107945364981115	1	0.146065333407781
"CCNA2.P20248"	"CCNA2.P20248"	0.127950816273973	0.0876612432542534	0.000206910031588567	1.16541595407445	0.231810071687322	0.650683678202873	1	1	1	1
"CCNB1.P14635"	"CCNB1.P14635"	0.00197181075845795	0.000422461756817573	5.32233080163061e-09	0.820043965793653	0.259182757935606	0.379830976595209	1	1	1	1
"CCNB2.O95067"	"CCNB2.O95067"	0.304798629298693	0.100762363969109	5.69311629858385e-08	1.06880076369434	0.0188024570666257	0.161966857491712	1	1	1	1
"CCND2.P30279"	"CCND2.P30279"	0.536251610720823	0.215434562239478	0.176261471805308	-0.693657666453817	0.413429679504757	0.0785337518185812	1	1	1	1
"CCNE1.P24864"	"CCNE1.P24864"	3.99898088383706e-06	1.98923319238181e-06	3.50186956354898e-11	1.74250424076021	0.344341218758854	0.400138229205282	0.0224742725671643	0.0112709952680353	1	1
"CCNH.P51946"	"CCNH.P51946"	0.310243640667245	0.0166162393713727	0.574318293188605	-0.253291795085914	0.329833909415131	0.0206526611324027	1	1	1	1
"CCNK.O75909"	"CCNK.O75909"	0.0705909917421453	0.635485201398185	0.0430900054810306	0.234788631664957	0.407633779017937	0.333390168707575	1	1	1	1
"CCNT1.O60563"	"CCNT1.O60563"	0.362937928477637	0.49005529988244	0.79327862212497	0.0361991568756925	0.343368349906409	0.218028223839351	1	1	1	1
"CCNT2.O60583"	"CCNT2.O60583"	0.575694122163211	0.503984924012748	0.448306935737689	-0.0988701998346083	0.821841864854668	0.00189148247743859	1	1	1	1
"CCNY.Q8ND76"	"CCNY.Q8ND76"	0.364303305428103	0.450465588170139	0.153551808019548	0.664572853107768	0.430803191291091	0.27826093855949	1	1	1	1
"CCPG1.Q9ULG6"	"CCPG1.Q9ULG6"	0.778590505183596	0.213002979498302	0.0159105688279239	-1.03918994319281	0.605245682216664	0.665212658603129	1	1	1	1
"CCT2.P78371"	"CCT2.P78371"	0.381882864615706	0.0190208959829298	0.0657781708690071	-0.19133993019573	0.00581375746094264	0.805965153915389	1	1	1	1
"CCT3.P49368"	"CCT3.P49368"	0.307299670520891	0.365433957540233	0.245566783111088	-0.127283277262899	0.662717779526679	0.167449612847831	1	1	1	1
"CCT4.P50991"	"CCT4.P50991"	0.571469282097552	0.202614539067495	0.988824226196939	0.00265031430755582	0.141749265704522	0.983962734036014	1	1	1	1
"CCT5.P48643"	"CCT5.P48643"	0.672998400028979	0.900965795430344	0.572831440822326	-0.0462925998704352	0.638555817237181	0.00385980179727798	1	1	1	1
"CCT6A.P40227"	"CCT6A.P40227"	0.709978334928175	0.369119983686594	0.327193369710438	0.0638186990818489	0.422952634376872	0.00140019603251257	1	1	1	1
"CCT7.Q99832"	"CCT7.Q99832"	0.200777809493913	0.110252615525692	0.702761570849095	0.0541440840428733	0.36491009640701	0.969991525158734	1	1	1	1
"CCT8.P50990"	"CCT8.P50990"	0.658129728176778	0.242536327025436	0.99918951530731	0.000221409053886248	0.179736891835277	0.769061955956917	1	1	1	1
"CCZ1B.P86790"	"CCZ1B.P86790"	0.000395480740886176	0.00270714385846922	0.00295328474484233	0.441843750522919	0.34960030345672	0.633311768205767	1	1	1	1
"CD109.Q6YHK3"	"CD109.Q6YHK3"	0.000944599476697991	5.9080990838669e-06	2.41665662766431e-10	0.885683023892367	0.428689669747729	0.407431845658237	1	0.0330971710678224	1	1
"CD151.P48509"	"CD151.P48509"	0.214341720625263	0.282948046479318	0.84625881283949	-0.0239472215495485	0.289995923608713	0.000120043898646096	1	1	1	0.653639028127991
"CD164.Q04900"	"CD164.Q04900"	0.428191856645672	0.0974743412481527	6.29430145577023e-05	-4.20320647626994	0.271579586913395	0.363461176961963	1	1	1	1
"CD274.Q9NZQ7"	"CD274.Q9NZQ7"	7.0778302776974e-07	0.000464380984716916	0.0119210104662916	-0.768832492987437	0.00289651464870411	0.802565802529729	0.0040442722206763	1	1	1
"CD276.Q5ZPR3"	"CD276.Q5ZPR3"	0.00037961295129161	0.0233969378003788	0.427011973035978	0.0871956308936241	0.0688778576148049	0.297702107151488	1	1	1	1
"CD2AP.Q9Y5K6"	"CD2AP.Q9Y5K6"	5.17868477549152e-06	7.825596754928e-08	3.27149218730887e-06	0.378584725548321	0.381208170597221	6.80183910032749e-07	0.0289850986884261	0.000452476004369937	1	0.00395730998857054
"CD2BP2.O95400"	"CD2BP2.O95400"	0.456153730547151	0.764155140826872	0.853603795946446	0.057310160275017	0.37084922670802	0.196766807548553	1	1	1	1
"CD40.P25942"	"CD40.P25942"	0.000710637682010718	0.808013886322722	0.00708738579917066	-0.934948968889603	0.389613464533126	0.0181879829183494	1	1	1	1
"CD44.P16070"	"CD44.P16070"	0.0489717879310165	0.872752771190744	0.827241001942893	-0.0398084659532415	0.157983518867347	0.119210542367965	1	1	1	1
"CD46.P15529"	"CD46.P15529"	0.0693122257514746	0.012364126397487	0.972317588466648	-0.00417762599829236	0.000378379228904237	0.199602851570973	1	1	1	1
"CD46.P15529.2"	"CD46.P15529.2"	0.00240852082780039	0.330290878474526	2.88623550771258e-06	-1.13629749680709	0.139699182160539	0.015613754145406	1	1	1	1
"CD55.P08174"	"CD55.P08174"	0.436558609181405	0.036016588034353	0.37824468107785	-0.25332586502293	0.0770091496412076	0.482902555921267	1	1	1	1
"CD59.P13987"	"CD59.P13987"	2.89669344553331e-05	0.00274209006803215	0.620844891880539	-0.0733253200609667	0.654881797985246	0.987459745133262	0.158564999208493	1	1	1
"CD63.P08962"	"CD63.P08962"	0.0788195691985202	0.00271266489281301	0.00166360478839635	0.694752522007763	0.14565861218507	0.000525488155077769	1	1	1	1
"CD68.P34810"	"CD68.P34810"	0.798391756652339	0.660041315448897	0.00265908713942222	1.26908206633603	0.766455123989054	0.33238675044734	1	1	1	1
"CD81.P60033"	"CD81.P60033"	0.0343264104703938	0.97875784540369	0.0155351752434368	0.545355569724822	0.355974874637	0.0342688447605754	1	1	1	1
"CD99L2.Q8TCZ2"	"CD99L2.Q8TCZ2"	0.0024941405980254	0.0270019698487836	0.412414843963357	0.228722046250778	0.661683324493318	0.482258920764943	1	1	1	1
"CD99.P14209"	"CD99.P14209"	0.951827135441987	0.0287563089553022	0.425913912837102	0.117901932577174	0.751536388989345	0.00450429022907322	1	1	1	1
"CD9.P21926"	"CD9.P21926"	0.0176986635108908	0.0373544932021896	0.00328231704864842	0.958436169492357	0.708377173006927	0.547205341842987	1	1	1	1
"CDA.P32320"	"CDA.P32320"	0.94151924976882	0.000117893490719682	0.226961174166356	0.615570216976514	0.458069698709372	0.0466068030457156	1	0.627900731573024	1	1
"CDC123.O75794"	"CDC123.O75794"	0.442592157217915	0.362199878996689	0.00117936396689088	0.732269744355237	0.114726850848719	0.113103824620115	1	1	1	1
"CDC16.Q13042"	"CDC16.Q13042"	0.0440248661201577	0.564371641538342	0.98017155069172	0.00306527264458398	0.0196885566737097	0.00388374634844523	1	1	1	1
"CDC20.Q12834"	"CDC20.Q12834"	0.000232860715242758	1.17884044253441e-05	6.31870646723281e-11	1.25727609885722	0.828343945533171	0.0133046975997329	1	0.0654610097739359	1	1
"CDC23.Q9UJX2"	"CDC23.Q9UJX2"	0.515891852367856	0.227934554282199	0.573199851863103	0.146527416184525	0.328768570226456	0.146677517091609	1	1	1	1
"CDC26.Q8NHZ8"	"CDC26.Q8NHZ8"	0.220072323310855	0.277874136982566	0.633493820447409	0.0663864418509484	0.00231458810672468	0.14170321283776	1	1	1	1
"CDC27.P30260"	"CDC27.P30260"	0.300030216548509	0.000417966683392356	0.0346239657999026	0.269284173750794	0.785558676908169	0.000202643738199343	1	1	1	1
"CDC37L1.Q7L3B6"	"CDC37L1.Q7L3B6"	0.809219975769821	0.00234253589696238	0.0151303394479203	-0.499477311690067	0.685636368221685	0.0508678680799544	1	1	1	1
"CDC37.Q16543"	"CDC37.Q16543"	0.470188225036608	0.671548066717924	0.0449551127729655	-0.320243496155812	0.357590949474876	0.13319859055818	1	1	1	1
"CDC40.O60508"	"CDC40.O60508"	0.154430374726033	0.00228953429345787	0.13467694644787	-0.157587663670337	0.12659404598298	0.00399439580376908	1	1	1	1
"CDC42EP1.Q00587"	"CDC42EP1.Q00587"	3.80414590012774e-06	0.000201608875381497	0.000118677019333745	-0.435732613005464	0.810305648427712	0.0347343283243044	0.0213907123964183	1	1	1
"CDC42EP4.Q9H3Q1"	"CDC42EP4.Q9H3Q1"	0.164856085476053	0.138818475074617	7.68561785243518e-06	0.685533744502892	2.09396228550404e-06	3.95455237581841e-08	1	1	0.0123480955976173	0.000232171769984299
"CDC42SE2.Q9NRR3"	"CDC42SE2.Q9NRR3"	0.729710846826732	0.171379727874014	0.73346938112014	-0.195049118086206	0.0797099266121981	0.12606912839971	1	1	1	1
"CDC42.P60953"	"CDC42.P60953"	0.605372758100732	0.467720152464054	0.224050855163234	-0.225346399472674	0.0238760809873419	0.207349013356116	1	1	1	1
"CDC45.O75419"	"CDC45.O75419"	0.025409463803853	0.177895613625538	0.150147160194841	0.304066733705183	0.510946937153507	0.735464803076657	1	1	1	1
"CDC5L.Q99459"	"CDC5L.Q99459"	0.0361236955630357	0.0972114570259342	0.0532516372624399	-0.166403526845723	0.00905447609957436	0.0301927056145636	1	1	1	1
"CDC6.Q99741"	"CDC6.Q99741"	0.743788479075467	0.408697500853995	7.34074368514595e-05	-0.800999018988008	0.153146470168489	0.0488022405165017	1	1	1	1
"CDC73.Q6P1J9"	"CDC73.Q6P1J9"	0.749222388268615	0.662348542881116	0.644213846310962	-0.0780334752676742	0.081198425233034	0.0133085103922425	1	1	1	1
"CDCA2.Q69YH5"	"CDCA2.Q69YH5"	0.492425477422113	0.0614177200575142	0.000281089097734152	0.626603752155361	0.0640923921732773	0.0028933463858904	1	1	1	1
"CDCA3.Q99618"	"CDCA3.Q99618"	0.741023744337457	0.647759239871531	0.945355162294373	-0.0189933658096172	0.130244855988316	0.728924199039531	1	1	1	1
"CDCA5.Q96FF9"	"CDCA5.Q96FF9"	0.00961514558495093	0.135452748189459	0.0349565790680587	0.31551135368848	0.0842720610869677	0.510978525069929	1	1	1	1
"CDCA8.Q53HL2"	"CDCA8.Q53HL2"	0.768098014940265	0.000125694481674522	2.57384917852492e-05	0.772199696242666	0.980135221508913	0.00150395029424135	1	0.668568948026782	1	1
"CDH13.P55290"	"CDH13.P55290"	0.0120291115635734	0.478294078779849	0.902190331609137	0.0254501234088934	0.0117693344953058	0.019888815667074	1	1	1	1
"CDH2.P19022"	"CDH2.P19022"	0.22168079391308	0.000868511700321782	0.313540229471349	-0.12056127927685	0.0465012446830662	0.611375957673174	1	1	1	1
"CDH4.P55283"	"CDH4.P55283"	0.535846646549058	0.0081421317148396	0.000923931184366256	-1.59360561866626	0.00184430752840674	0.252864045448385	1	1	1	1
"CDIPT.O14735"	"CDIPT.O14735"	0.933292160560848	0.316937128788426	0.101813621492959	-0.921702003681657	0.0257951672918689	0.032884919940149	1	1	1	1
"CDK11B.P21127"	"CDK11B.P21127"	9.67562494562742e-05	3.92193405835207e-05	4.31858374808916e-05	0.50767112968268	0.871245524062266	0.12701812345054	0.516484859597592	0.212961019368518	1	1
"CDK12.Q9NYV4"	"CDK12.Q9NYV4"	0.498927508125241	0.0289121878865635	0.023752991135625	0.374991507552346	0.0485363376800729	0.0241789634553083	1	1	1	1
"CDK14.O94921"	"CDK14.O94921"	0.00103314447483052	0.00380121767602394	0.673128233532222	-0.105915292320495	0.0130541463813378	0.653799169003729	1	1	1	1
"CDK1.P06493"	"CDK1.P06493"	0.0616463031968945	0.00051862516940051	0.00010020608240503	0.282564576289095	0.0616721672455732	0.00248443270531182	1	1	1	1
"CDK2AP1.O14519"	"CDK2AP1.O14519"	0.750963827149473	0.000164532170527788	0.59293070831776	-0.189018510418264	0.0199423085226772	3.35480685186956e-07	1	0.86971705340989	1	0.00195954268217701
"CDK2.P24941"	"CDK2.P24941"	0.0233804933517568	0.954611969056063	0.604982975516214	0.0628968760050652	0.00281467434898717	0.584653821065649	1	1	1	1
"CDK4.P11802"	"CDK4.P11802"	0.106117570883961	0.172824767142353	5.3181551454327e-06	0.817716133994959	0.350701319889126	0.060989945940059	1	1	1	1
"CDK5RAP1.Q96SZ6"	"CDK5RAP1.Q96SZ6"	0.933247600928304	0.747273589865545	0.0654743833947377	0.259406820912395	0.208447558724007	0.000578451686785422	1	1	1	1
"CDK5RAP3.Q96JB5"	"CDK5RAP3.Q96JB5"	0.0863842477304346	0.888901711349932	0.000189910057627024	-0.364049040439629	0.730692345494419	0.0557562685944321	1	1	1	1
"CDK6.Q00534"	"CDK6.Q00534"	0.559504652315449	0.136185503197238	0.0700125659915481	0.284889230235311	0.772044438985893	0.459212228202175	1	1	1	1
"CDK7.P50613"	"CDK7.P50613"	0.000384069013940188	0.250230329214977	0.0186745744892619	0.491374647675255	0.142776844603083	0.431322726591069	1	1	1	1
"CDK9.P50750"	"CDK9.P50750"	0.53239501737899	0.622824631502966	0.692948922920738	-0.0709344484554955	0.055565063032297	0.0743962874982432	1	1	1	1
"CDKAL1.Q5VV42"	"CDKAL1.Q5VV42"	0.266088218333885	0.701483289241741	0.585713255708308	-0.0906233394488224	0.134461282645363	0.0486964160474101	1	1	1	1
"CDKL3.Q8IVW4"	"CDKL3.Q8IVW4"	0.18131326375842	0.00434114644438047	0.457009241564031	0.246021003968467	0.935171432483777	0.0109746125290525	1	1	1	1
"CDKN1A.P38936"	"CDKN1A.P38936"	0.115100181592971	0.237492960986497	0.595656012642473	-0.152649711946204	0.0713868176567623	0.00381324331234144	1	1	1	1
"CDKN2AIPNL.Q96HQ2"	"CDKN2AIPNL.Q96HQ2"	0.24533837503571	0.3924984195243	0.519081911906709	-0.0758790499853096	0.697013315058996	0.757572180229076	1	1	1	1
"CDKN2AIP.Q9NXV6"	"CDKN2AIP.Q9NXV6"	0.128734050102393	0.863357482667861	0.0202541301324869	-0.244422780750481	0.100749329962431	0.000139617231234916	1	1	1	0.756725393293242
"CDKN2C.P42773"	"CDKN2C.P42773"	0.00644318161677988	0.166303407880528	0.00354980335771483	0.952302332022567	0.334319768399872	0.000402387698484384	1	1	1	1
"CDKN3.Q16667"	"CDKN3.Q16667"	0.000124343766954818	0.00029174738953053	2.26999525588956e-06	0.899975024191221	0.200891438401549	0.0896205303717888	0.661135808898769	1	1	1
"CDR2.Q01850"	"CDR2.Q01850"	0.0016514690252869	0.0107954223589572	0.0152199561677219	0.600683786906888	0.72251503485775	0.694136622734099	1	1	1	1
"CDS2.O95674"	"CDS2.O95674"	0.664698352746199	0.00171166117120424	0.0346089544338562	-0.387087743070221	0.159951238658183	0.632609781733916	1	1	1	1
"CDT1.Q9H211"	"CDT1.Q9H211"	0.962798080972967	0.651875738908859	0.197830334116341	0.560126662454952	0.459374331536714	0.552023107127401	1	1	1	1
"CDV3.Q9UKY7"	"CDV3.Q9UKY7"	0.0875763718328601	0.341834615726627	0.180065530775526	-0.208179276958389	0.978052362451529	0.0151847475387527	1	1	1	1
"CDYL2.Q8N8U2"	"CDYL2.Q8N8U2"	0.0130472897881702	0.00216632130076155	0.0162257604006946	-0.460914622075939	0.784546536263199	0.00292899873931648	1	1	1	1
"CDYL.Q9Y232"	"CDYL.Q9Y232"	0.133082398188523	0.0909936599551955	0.332581951895763	-0.168879121214232	0.166715202298715	0.00057513094072512	1	1	1	1
"CEBPB.P17676"	"CEBPB.P17676"	0.388533721753759	0.444711649737282	4.4873288860536e-05	-1.12893500527654	0.866059708243858	0.125501878729888	1	1	1	1
"CEBPZOS.A8MTT3"	"CEBPZOS.A8MTT3"	7.85759304820666e-05	7.97557240294944e-06	0.323856763953358	-0.14308607143341	0.246393698043462	0.00702551462543648	0.421717018897251	0.0445276207256667	1	1
"CEBPZ.Q03701"	"CEBPZ.Q03701"	5.46949786319648e-07	2.51373886056607e-09	2.16823740491923e-07	-0.668506049838645	0.105208804615255	3.63343792036342e-05	0.00313347532582526	1.46953173788692e-05	1	0.202745835956279
"CELF1.Q92879.4"	"CELF1.Q92879.4"	0.4876773112939	0.0296132817711194	0.0243036716145687	-0.275987085073453	0.095006411096481	0.0491381366728432	1	1	1	1
"CEMIP2.Q9UHN6"	"CEMIP2.Q9UHN6"	2.51638112606617e-05	0.00384954798041252	0.549794661999626	-0.0932610447904041	0.203887638072203	0.106875966038192	0.137998340953469	1	1	1
"CENATAC.Q86UT8"	"CENATAC.Q86UT8"	0.182915353225773	0.000794306402476187	2.40531020367375e-05	1.00275409873451	0.00193218022220196	0.748308913204048	1	1	1	1
"CENPA.P49450"	"CENPA.P49450"	0.359788477874239	0.0666839154054391	0.456197126724477	0.226152149266972	0.49936820121113	0.0121350495471598	1	1	1	1
"CENPB.P07199"	"CENPB.P07199"	0.555070982932174	0.933037105602973	0.0117946739263137	-0.311559688819124	0.000409105775748787	0.000288540107608098	1	1	1	1
"CENPC.Q03188"	"CENPC.Q03188"	0.833408596092926	0.00718714068791083	0.538568934656674	0.159065569612233	0.619528670378021	0.000777697547556767	1	1	1	1
"CENPE.Q02224"	"CENPE.Q02224"	0.310830345534758	0.606471107968413	0.000331662566053127	0.526968663826092	0.796790885798278	0.188788407318111	1	1	1	1
"CENPF.P49454"	"CENPF.P49454"	1.70472531889834e-05	3.64349882331831e-09	6.51055772256929e-16	1.11350255355515	0.243963470521319	0.258162299115444	0.0939815068308655	2.12816766270022e-05	1	1
"CENPH.Q9H3R5"	"CENPH.Q9H3R5"	0.00354768776299882	0.119420299373369	0.0109218037365842	0.855847535372869	0.308525192153341	0.9403061617415	1	1	1	1
"CENPK.Q9BS16"	"CENPK.Q9BS16"	0.664147841780302	0.388761998726798	0.400577175025696	0.278132166219167	0.600688052611261	0.961635741912816	1	1	1	1
"CENPO.Q9BU64"	"CENPO.Q9BU64"	0.0350812088598608	0.624893540748703	0.108311469369814	0.272275558649421	0.460046974584969	0.440984963685844	1	1	1	1
"CENPQ.Q7L2Z9"	"CENPQ.Q7L2Z9"	0.117136120851352	0.998050207159086	0.860248168064729	-0.103156150923261	0.156794286801035	0.777322617824327	1	1	1	1
"CENPS.Q8N2Z9"	"CENPS.Q8N2Z9"	0.77966832723835	0.00484148055034219	0.0673866241354252	0.392100218291902	0.0513974484877204	0.967217251054092	1	1	1	1
"CENPT.Q96BT3"	"CENPT.Q96BT3"	0.48141811906357	0.18534977959109	0.00101431033525571	0.684205560893901	0.701394462656319	0.0800042623278472	1	1	1	1
"CENPU.Q71F23"	"CENPU.Q71F23"	0.375796785785632	0.410279247992982	0.264912942199674	0.209724205658516	0.383101292833907	0.261064787981717	1	1	1	1
"CENPVL1.A0A0U1RR11"	"CENPVL1.A0A0U1RR11"	0.210315565011922	0.105091202803803	0.0744600079056845	0.279449153912563	0.539347809553233	8.00467158193604e-05	1	1	1	0.440256937006482
"CENPV.Q7Z7K6"	"CENPV.Q7Z7K6"	0.0414584728747265	0.422531907399018	0.0034217065321517	0.834985316534474	0.629945221352325	0.460789010753263	1	1	1	1
"CENPX.A8MT69"	"CENPX.A8MT69"	0.0912651696953705	0.011905206291981	0.966764754068468	-0.0113234857876313	0.240684354521629	0.0349899560461694	1	1	1	1
"CEP131.Q9UPN4"	"CEP131.Q9UPN4"	0.0184679047042664	0.534637972447955	0.183420698521199	-0.133721993059888	0.213939171557771	0.000436040920847262	1	1	1	1
"CEP135.Q66GS9"	"CEP135.Q66GS9"	0.682282767481042	0.00744625904026225	0.0453678410456734	0.486588005014609	0.00808116826092723	0.372820800094431	1	1	1	1
"CEP164.Q9UPV0"	"CEP164.Q9UPV0"	0.368099077864396	0.60608431127591	0.14394318725034	-0.733021957824674	0.0404706792821974	0.311641362539722	1	1	1	1
"CEP170.Q5SW79"	"CEP170.Q5SW79"	0.223298045927216	0.16082056813596	0.0122001057077816	0.249076399326539	0.0200061315531978	0.000817047895316536	1	1	1	1
"CEP192.Q8TEP8"	"CEP192.Q8TEP8"	0.604973071809215	0.24966761945717	0.000330850259469876	0.496991605062355	0.460775085604372	0.0945262400720773	1	1	1	1
"CEP20.Q96NB1"	"CEP20.Q96NB1"	0.161445674366897	0.489759343979909	0.35596658883862	0.457386490016255	0.0794204518133211	0.249482809372233	1	1	1	1
"CEP350.Q5VT06"	"CEP350.Q5VT06"	0.764599124535484	2.54683838827997e-09	0.549800600586376	0.167326053952167	0.142586028122585	1.36224294421373e-08	1	1.48862703794964e-05	1	8.01816196964203e-05
"CEP41.Q9BYV8"	"CEP41.Q9BYV8"	0.00178205327526598	1.52209510613233e-05	0.00221297638807455	0.4681862023045	0.0605376034843012	0.192115597182585	1	0.0840196498585045	1	1
"CEP43.O95684"	"CEP43.O95684"	0.803406080862789	0.00977009681238879	0.537323658767864	0.0926971275887343	0.55365808092744	0.806620559950372	1	1	1	1
"CEP55.Q53EZ4"	"CEP55.Q53EZ4"	0.467948921464833	0.272890405998963	1.48761597223088e-05	0.775700227661751	0.0593883478707159	0.0228762632379703	1	1	1	1
"CEP72.Q9P209"	"CEP72.Q9P209"	0.627111740752317	0.961215853129219	0.0104431724907329	-2.09717409429723	0.000473994142887817	0.743102281985043	1	1	1	1
"CEP78.Q5JTW2"	"CEP78.Q5JTW2"	0.0847704164599301	0.523594536033466	0.00111627029344843	0.714454497316568	0.486588363610735	0.309920963444047	1	1	1	1
"CEP85.Q6P2H3"	"CEP85.Q6P2H3"	0.035042144854827	0.00371157656207323	1.77631505925232e-05	0.819601145752387	0.00699060180259056	0.399844435517832	1	1	1	1
"CEP97.Q8IW35"	"CEP97.Q8IW35"	0.879019362608274	0.00892564522296047	0.145832509694388	-0.265848964186718	0.0119233207230923	0.0035342170711283	1	1	1	1
"CEPT1.Q9Y6K0"	"CEPT1.Q9Y6K0"	0.81416641397755	6.00785838927823e-07	0.00212238758597218	-1.20736975076928	0.0146526365539032	0.00665063112665535	1	0.00344130128537857	1	1
"CERCAM.Q5T4B2"	"CERCAM.Q5T4B2"	0.013251437543895	0.281107197312096	9.90519853811238e-08	1.36760435422488	0.738370129968461	0.0820669193907246	1	1	1	1
"CERS2.Q96G23"	"CERS2.Q96G23"	0.390681665207126	0.665351576213616	0.0964978431344738	0.370040691406243	0.638230373605469	0.0163433586886889	1	1	1	1
"CERS5.Q8N5B7"	"CERS5.Q8N5B7"	0.631578213034265	0.850047061283123	0.170737904039106	-0.427140121713759	0.381388661967633	0.018548058601425	1	1	1	1
"CERT1.Q9Y5P4"	"CERT1.Q9Y5P4"	0.000762594472516079	0.509210075985576	0.335608021384771	-0.178699532189076	0.694849045687793	0.38041958835494	1	1	1	1
"CETN2.P41208"	"CETN2.P41208"	0.153401560126768	0.798515936694839	0.496684825698705	-0.162802293646791	0.0708378213124296	0.966009429257863	1	1	1	1
"CETN3.O15182"	"CETN3.O15182"	0.406579436223893	0.48323270197368	0.000853049254655139	0.67532043215788	0.000608043418288783	0.724695805609353	1	1	1	1
"CFAP20.Q9Y6A4"	"CFAP20.Q9Y6A4"	2.3565820265314e-05	0.00643176149793817	0.104122227614366	0.292595874248358	0.00844427751726243	0.00136848077684179	0.129376353256574	1	1	1
"CFAP298.P57076"	"CFAP298.P57076"	0.533013142847039	0.63218859860947	0.0377506263736421	-1.02558308337592	0.0226193930528463	0.69747872246397	1	1	1	1
"CFAP36.Q96G28"	"CFAP36.Q96G28"	0.641767696976497	0.687976008147716	0.0326922756948365	-0.352637610969625	0.834510788020958	0.322077838684618	1	1	1	1
"CFDP1.Q9UEE9"	"CFDP1.Q9UEE9"	0.629853238342229	0.0649301693569679	0.0129999387693056	0.513784229291551	0.134987666153179	0.0421569376189479	1	1	1	1
"CFL1.P23528"	"CFL1.P23528"	0.0013789226488966	1.41125356900355e-05	0.0394219131154556	0.328854210437371	0.125314535039848	0.296133968572225	1	0.0780564349015862	1	1
"CFL2.Q9Y281"	"CFL2.Q9Y281"	0.450784304051424	0.0781483627033444	0.86211112506503	-0.0431746938320251	0.25142315747731	0.499856449659324	1	1	1	1
"CGB1.A6NKQ9"	"CGB1.A6NKQ9"	0.212597022845952	0.00104204797022949	3.03906112069678e-07	1.2031282172343	0.00168627466377286	0.893857412868838	1	1	1	1
"CGGBP1.Q9UFW8"	"CGGBP1.Q9UFW8"	0.00535793685536912	0.0375986145459112	0.25428500901586	-0.164172711591041	0.157183152643825	0.0171484374763233	1	1	1	1
"CGN.Q9P2M7"	"CGN.Q9P2M7"	3.47840379494966e-06	0.00159805786831125	0.00139473048076654	-0.615054478446925	0.746112374370694	0.0240975936186031	0.0195973269807464	1	1	1
"CGREF1.Q99674"	"CGREF1.Q99674"	7.26311465310175e-05	3.3003129880111e-07	2.82308238761629e-06	1.55492405311991	0.0414440201091799	0.2171365969713	0.390392412604219	0.00189734993680758	1	1
"CGRRF1.Q99675"	"CGRRF1.Q99675"	0.106499332680684	0.383562392713171	0.298224071925078	-0.35109363717588	0.534442270224457	0.287241632419308	1	1	1	1
"CHAC2.Q8WUX2"	"CHAC2.Q8WUX2"	0.00562864192574099	0.294976401234954	0.8322371362657	0.0623258870151142	0.0201978610245485	0.848202497446305	1	1	1	1
"CHAF1A.Q13111"	"CHAF1A.Q13111"	0.095682901302367	0.408861046433438	0.0111046621259004	0.406750241927733	0.912419657192131	0.454093935798674	1	1	1	1
"CHAF1B.Q13112"	"CHAF1B.Q13112"	0.77097557399851	0.57391821500832	0.203648720856611	0.16239149390318	0.000588006602132082	0.000719710360993601	1	1	1	1
"CHAMP1.Q96JM3"	"CHAMP1.Q96JM3"	0.000532120862619129	0.00326337432994344	0.290344274941798	-0.0660741003966263	0.697459274314247	0.0487558147090927	1	1	1	1
"CHCHD2.Q9Y6H1"	"CHCHD2.Q9Y6H1"	0.000313311228322897	0.513120703328967	0.046909852045886	-0.287563395746337	0.0395668322347509	0.795907994512734	1	1	1	1
"CHCHD3.Q9NX63"	"CHCHD3.Q9NX63"	0.0639312041280051	0.00481009791552513	0.0278885936577049	-0.259379612860159	0.0585308179003249	0.312901967238445	1	1	1	1
"CHCHD4.Q8N4Q1"	"CHCHD4.Q8N4Q1"	0.0457390364809493	0.0973652849714383	0.173954562762534	-0.357509864877759	0.6763407670978	0.0939397413022304	1	1	1	1
"CHCHD5.Q9BSY4"	"CHCHD5.Q9BSY4"	0.123946042778342	0.00946791941605468	0.249804934187727	-0.246661777893075	0.982252377953827	0.935502742599322	1	1	1	1
"CHCHD6.Q9BRQ6"	"CHCHD6.Q9BRQ6"	0.00757983027472754	0.000344902151177056	0.00158045682019788	-0.40221288139741	0.713909482593158	0.787274563686364	1	1	1	1
"CHCHD7.Q9BUK0"	"CHCHD7.Q9BUK0"	0.0185205783473	0.00291807622154175	0.628363106550387	0.1109380780278	0.297499559657341	0.959096735663428	1	1	1	1
"CHD1L.Q86WJ1"	"CHD1L.Q86WJ1"	0.0405362065881085	0.000170773934816385	0.469861260854698	-0.0678964806510239	0.000422027368225947	0.00182331410683242	1	0.90219869763496	1	1
"CHD1.O14646"	"CHD1.O14646"	0.560456675893015	0.0236850398900132	0.020318753359339	0.398505237020904	0.674660188113134	0.723086344089167	1	1	1	1
"CHD2.O14647"	"CHD2.O14647"	0.278623697075298	0.613313174800254	0.857879060668098	-0.0316164648078222	0.380402366480787	0.00275965963574629	1	1	1	1
"CHD4.Q14839"	"CHD4.Q14839"	0.000530935333763784	0.963603129688055	8.78246844967128e-07	0.360808654777486	0.0367321861601416	0.000489565108391327	1	1	1	1
"CHD7.Q9P2D1"	"CHD7.Q9P2D1"	0.79664777319592	0.0766962902336943	0.00383230127970803	0.669450444508026	0.0579823578741624	0.693072526548111	1	1	1	1
"CHD8.Q9HCK8"	"CHD8.Q9HCK8"	0.396882163361229	0.471505330940576	0.0106498500665873	0.298865961022375	0.413925848071671	0.505479409699489	1	1	1	1
"CHEK1.O14757"	"CHEK1.O14757"	2.8561797768406e-05	9.00488339143709e-05	2.24223543155575e-07	1.30885807633261	0.379651682605918	0.66703199677828	0.156404404579791	0.48167121260797	1	1
"CHERP.Q8IWX8"	"CHERP.Q8IWX8"	0.237343359782414	0.143265414537962	0.316904797775228	0.114870553222038	0.406595762665667	0.859575732312868	1	1	1	1
"CHID1.Q9BWS9"	"CHID1.Q9BWS9"	0.000833739871501123	0.0257704427644837	0.000830843926608888	0.678577671687152	0.764029985969499	0.0189543950702874	1	1	1	1
"CHML.P26374"	"CHML.P26374"	0.057358173822821	0.0201580329315617	0.585235044580633	0.179970885642832	0.625100787225058	0.325381833415016	1	1	1	1
"CHMP4A.Q9BY43"	"CHMP4A.Q9BY43"	0.016829626126498	0.00444966823294933	0.000232849081436721	1.018413004845	0.264169838163291	0.428747681629828	1	1	1	1
"CHMP4B.Q9H444"	"CHMP4B.Q9H444"	0.883295578421394	0.00712678929795798	0.636346584803113	0.0932281559794622	0.911443634311683	0.594956994584756	1	1	1	1
"CHMP5.Q9NZZ3"	"CHMP5.Q9NZZ3"	0.648062782844628	0.189568224054731	0.953842692511669	0.0515726990977277	0.0590474595519778	0.38315031552179	1	1	1	1
"CHMP6.Q96FZ7"	"CHMP6.Q96FZ7"	0.000297812030475212	0.0629206078145093	0.000430704867593675	-0.94931395455153	0.744152265824467	0.0293695099556617	1	1	1	1
"CHMP7.Q8WUX9"	"CHMP7.Q8WUX9"	0.941710979076457	0.0606453056676077	0.710507396274958	-0.0710748413705674	0.953832348550843	0.548590044276873	1	1	1	1
"CHM.P24386"	"CHM.P24386"	0.162136835116528	0.00536016846034088	0.801340454947679	0.0742919748868956	0.798785049794153	0.316479649313454	1	1	1	1
"CHORDC1.Q9UHD1"	"CHORDC1.Q9UHD1"	1.05579760637273e-07	6.94838695769206e-07	3.88833938144634e-07	-0.550526083477821	0.670178064929519	0.0681947889001382	0.000610356596244077	0.00397517217849563	1	1
"CHP1.Q99653"	"CHP1.Q99653"	0.000119696005027154	4.29138602014708e-06	0.0330185343922344	-0.209741549125032	0.455128947378202	0.250200934704775	0.636782746744461	0.0241519205213878	1	1
"CHRAC1.Q9NRG0"	"CHRAC1.Q9NRG0"	0.143169771264534	0.705716757814152	0.0763947993434564	-0.740980737944268	0.147600409211997	0.155738925629898	1	1	1	1
"CHST12.Q9NRB3"	"CHST12.Q9NRB3"	0.355949689730253	0.00217779336650369	4.6038206277644e-05	1.11835167390455	0.482861908918238	0.377743810477232	1	1	1	1
"CHST3.Q7LGC8"	"CHST3.Q7LGC8"	0.333705814554547	0.438837057173565	0.0277301873304822	1.14329302967799	0.412947391357033	0.247297776053857	1	1	1	1
"CHTF18.Q8WVB6"	"CHTF18.Q8WVB6"	0.0849809560273232	0.694146953900512	0.0649099167487402	-0.148131759462259	0.521773644572315	0.369576014162309	1	1	1	1
"CHTOP.Q9Y3Y2"	"CHTOP.Q9Y3Y2"	0.0714558270714862	0.00529838337289469	0.0102649403351374	0.583254715367122	0.335313502661153	0.110573729694997	1	1	1	1
"CHUK.O15111"	"CHUK.O15111"	0.330095875955208	0.903717131634551	0.478125179974702	-0.158254419588824	0.708788029437958	0.333735025646968	1	1	1	1
"CHURC1.Q8WUH1"	"CHURC1.Q8WUH1"	0.380892845489724	0.00209883351390877	0.741679688351476	0.0880202105967719	0.222643937366252	0.0119573599003818	1	1	1	1
"CIAO1.O76071"	"CIAO1.O76071"	0.453982149141221	0.0606467283077361	0.506668347997287	0.096781044248609	0.420022423238749	0.447041565790202	1	1	1	1
"CIAO2A.Q9H5X1"	"CIAO2A.Q9H5X1"	8.27065889630632e-06	1.33724845337867e-06	3.4262147473416e-06	0.561711564730448	0.00602549820072548	0.36396163483461	0.0459931341223594	0.00760225745745772	1	1
"CIAO2B.Q9Y3D0"	"CIAO2B.Q9Y3D0"	0.0435392142522317	0.0501201114658429	0.179275086210877	-0.178263032428394	0.176583234025085	0.00985922011930188	1	1	1	1
"CIAPIN1.Q6FI81"	"CIAPIN1.Q6FI81"	0.0747552066645927	0.213554358170973	0.00667009381180933	0.23862422805874	0.274404976312926	2.565098841151e-05	1	1	1	0.144081601907452
"CIB1.Q99828"	"CIB1.Q99828"	0.950475292376165	0.0204729899425711	0.1178682365735	0.272061751690123	0.932270279860943	0.102275931232664	1	1	1	1
"CIITA.P33076"	"CIITA.P33076"	0.090040702661436	1.31842079045995e-08	0.0939283440994024	-0.595443769876107	0.40605540019682	1.39859032832694e-08	1	7.66925373810552e-05	1	8.23070408220407e-05
"CIP2A.Q8TCG1"	"CIP2A.Q8TCG1"	0.0291600688496118	0.00489848779248168	0.0517914321374625	0.241839391224876	0.820699835210608	0.469716364134403	1	1	1	1
"CIRBP.Q14011"	"CIRBP.Q14011"	0.0882261247297962	0.59222879907876	0.266608696218159	-0.389659199155798	0.477235250137358	0.93571416095383	1	1	1	1
"CISD1.Q9NZ45"	"CISD1.Q9NZ45"	0.354916761799478	0.388044570061113	0.0832435458117233	0.171484408912429	0.0657638635758146	0.00990653211314432	1	1	1	1
"CISD2.Q8N5K1"	"CISD2.Q8N5K1"	0.187674516077193	0.179835163749627	0.550313521179798	0.203706438365412	0.333541720009907	0.147267484054682	1	1	1	1
"CIT.O14578.4"	"CIT.O14578.4"	4.01969241135407e-06	0.000706388835255601	9.04163454624281e-09	0.548163681906248	0.960111507974827	0.0112691646724736	0.0225866516593985	1	1	1
"CIZ1.Q9ULV3"	"CIZ1.Q9ULV3"	0.821474346054461	0.658686969097689	0.00623972616549848	0.640387425191609	0.0608159525837077	0.763870013413548	1	1	1	1
"CKAP2L.Q8IYA6"	"CKAP2L.Q8IYA6"	0.00560710492630856	0.0717045360520804	0.000460543159612996	0.531938315461051	0.972813080347783	0.825306976189207	1	1	1	1
"CKAP2.Q8WWK9"	"CKAP2.Q8WWK9"	0.5894052673937	0.0446428432189508	5.75590259011924e-05	0.812149254346581	0.0357631014921153	0.293132081203712	1	1	1	1
"CKAP4.Q07065"	"CKAP4.Q07065"	0.322712706226351	0.283516941557356	0.810083229681954	0.0383548715905878	0.198636867805417	0.186984110883522	1	1	1	1
"CKAP5.Q14008"	"CKAP5.Q14008"	2.46812788774852e-09	2.26393557138557e-08	2.90963340965284e-06	0.315330020071659	0.00485695327614863	0.0575071895721227	1.44138668644514e-05	0.00013146673863036	1	1
"CKB.P12277"	"CKB.P12277"	5.09634225387911e-05	1.00684900720493e-06	3.67614980162949e-07	-4.52921028034803	0.052546647631216	0.965451650995312	0.275865006202476	0.00574306673709695	1	1
"CKMT1B.P12532.2"	"CKMT1B.P12532.2"	4.43106519247293e-14	9.87866979818484e-13	1.87469166291597e-12	-3.67351981267919	0.758426607541367	0.211448249947486	2.61299914400129e-10	5.81853651113087e-09	1	1
"CKS1B.P61024"	"CKS1B.P61024"	0.107750943157261	0.00171791903750311	0.0393248664828946	0.395380104443358	0.189975738681105	0.354358613652209	1	1	1	1
"CKS2.P33552"	"CKS2.P33552"	0.0292419278529455	0.0404527450988592	5.52999051255543e-07	1.10037411589613	0.0750789485497156	0.121198834609817	1	1	1	1
"CLASP1.Q7Z460"	"CLASP1.Q7Z460"	0.0858640298432861	0.0357454361972527	0.0659530159719731	0.168608875826619	0.0691922770781148	0.509647329441766	1	1	1	1
"CLASP2.O75122.3"	"CLASP2.O75122.3"	6.40568716308575e-07	1.24423382150333e-07	1.08450518691075e-09	-0.859718554512897	0.822271819406501	0.129302863753741	0.00366469362600136	0.000717798491625272	1	1
"CLASRP.Q8N2M8"	"CLASRP.Q8N2M8"	0.970577453512544	0.455818243122288	0.449182585312818	0.191495519461688	0.00634710882774728	0.573400742233361	1	1	1	1
"CLCC1.Q96S66"	"CLCC1.Q96S66"	0.000566262457015853	0.00495866500342955	3.41652518753415e-06	-0.465108656111454	0.935286559112769	4.84310019901003e-05	1	1	1	0.269082647056997
"CLDN1.O95832"	"CLDN1.O95832"	0.00560323082891929	0.125650326432944	5.76843555753382e-06	-2.44337827893754	0.308737924574483	0.860578504707699	1	1	1	1
"CLEC11A.Q9Y240"	"CLEC11A.Q9Y240"	0.969456887146896	0.460344070961452	1.95871271085845e-07	1.24864040740682	0.714379188116966	0.591542462834881	1	1	1	1
"CLEC16A.Q2KHT3"	"CLEC16A.Q2KHT3"	0.21526056910784	0.0131878077801296	0.000891822972311271	1.17102575608738	0.0470877064155324	0.757802710533225	1	1	1	1
"CLEC2B.Q92478"	"CLEC2B.Q92478"	0.0115321606223978	0.00205948666949001	0.000851909871827434	1.05321390352047	0.889615137188166	0.305156427834789	1	1	1	1
"CLGN.O14967"	"CLGN.O14967"	0.565255970019029	0.0701317495111965	6.02239143107798e-05	-1.2309085861228	0.986868353796068	0.00154978209279721	1	1	1	1
"CLIC1.O00299"	"CLIC1.O00299"	0.654458100986929	0.497269980977355	0.30433136427399	-0.212895680156996	0.197818375949028	0.180005325932748	1	1	1	1
"CLIC4.Q9Y696"	"CLIC4.Q9Y696"	0.401086170816142	0.0993156162508098	0.509284638089212	-0.0939090422349956	0.579026928982393	0.0421081872450747	1	1	1	1
"CLIC6.Q96NY7"	"CLIC6.Q96NY7"	0.713508227540971	0.36498369678269	0.287020307588217	-0.698662957448086	0.948318308744049	0.499567363966555	1	1	1	1
"CLINT1.Q14677"	"CLINT1.Q14677"	0.0350292821090272	0.0268978459754245	3.19017476217939e-07	-0.548512145630988	0.298601159877125	0.832128032377238	1	1	1	1
"CLINT1.Q14677.2"	"CLINT1.Q14677.2"	0.045128365978588	0.670796312165344	0.00534910320312159	-0.438908245116204	0.919531901690194	0.682144670138893	1	1	1	1
"CLIP1.P30622"	"CLIP1.P30622"	0.060775997667817	9.14028452981043e-05	0.00414255113275837	0.271743548965029	0.0103581992664348	0.031829085727131	1	0.488731013808964	1	1
"CLIP2.Q9UDT6"	"CLIP2.Q9UDT6"	0.994647192334638	0.794344911577769	0.330429951295737	0.140457097617453	0.106778855254568	0.00253494011963198	1	1	1	1
"CLK2.P49760"	"CLK2.P49760"	0.80091589657992	0.22695484691309	0.0747835815851238	0.384113446172699	0.89203463014408	0.00108230411718896	1	1	1	1
"CLK3.P49761"	"CLK3.P49761"	0.535498513771131	0.944379899799939	0.624962304710874	-0.0860449683963503	0.583718439195432	0.000253977527113476	1	1	1	1
"CLN6.Q9NWW5"	"CLN6.Q9NWW5"	0.000384371176486428	0.137359089625623	0.00631310584627025	0.63289721142128	0.49977131419994	0.165221761575921	1	1	1	1
"CLNS1A.P54105"	"CLNS1A.P54105"	0.0034369813626202	0.0145103880983586	0.92015201233514	0.0122375280028584	0.311884004766889	0.593715106072697	1	1	1	1
"CLPB.Q9H078.2"	"CLPB.Q9H078.2"	6.91257784208985e-10	7.1045480316597e-09	9.94565855757056e-08	-0.719058422591122	0.45204933211518	0.0277280316925789	4.05215313103307e-06	4.14124104765444e-05	1	1
"CLPP.Q16740"	"CLPP.Q16740"	0.597661446784687	0.842494937523633	0.107690647725222	-0.262115108091303	0.000629179930358034	0.017803264561403	1	1	1	1
"CLPTM1L.Q96KA5"	"CLPTM1L.Q96KA5"	0.937884307337202	0.408815976648681	0.564853274996516	0.188239175463378	0.819342750859678	0.0258568579401433	1	1	1	1
"CLPTM1.O96005"	"CLPTM1.O96005"	0.777008092326612	0.43545425099057	0.397936833604112	0.149658265859138	0.00754137493467283	0.0258560972674574	1	1	1	1
"CLPX.O76031"	"CLPX.O76031"	0.393689514743118	0.913469316296987	0.693171972514857	-0.0470897614972299	0.0112615693351018	0.034267702310382	1	1	1	1
"CLSPN.Q9HAW4"	"CLSPN.Q9HAW4"	0.0275535016998199	0.00445681391577943	0.0311606287952192	0.476513227095456	0.0649886369428074	0.260984449110686	1	1	1	1
"CLTA.P09496.2"	"CLTA.P09496.2"	0.421174286572189	0.0785239646212671	0.294296987846911	-0.394447742424146	0.26680303653553	0.143489139263899	1	1	1	1
"CLTB.P09497"	"CLTB.P09497"	0.244758928704984	0.666867550022011	0.384385717670801	-0.419374863255971	0.5319531686268	0.408722922060172	1	1	1	1
"CLTC.Q00610"	"CLTC.Q00610"	0.166096697457827	0.14149101965328	0.392178929380479	-0.0500534273940782	0.0376149552230191	0.285612039107611	1	1	1	1
"CLUH.O75153"	"CLUH.O75153"	7.08525837479129e-07	0.000102392675340101	1.39830220315693e-09	0.488163061120528	0.472485313633547	1.3762791796905e-07	0.00404780810951826	0.54636731561478	1	0.000806224343462697
"CLU.P10909"	"CLU.P10909"	2.48125983185706e-07	0.945626402887721	3.01961565322469e-06	-1.12968173699804	0.706942508769479	0.124264179099455	0.00142846128520011	1	1	1
"CMAS.Q8NFW8"	"CMAS.Q8NFW8"	3.52062081109044e-05	0.000288722080109505	0.0346342172125089	0.294446195498458	0.365190626820662	0.00187534017250549	0.191873834204429	1	1	1
"CMBL.Q96DG6"	"CMBL.Q96DG6"	0.191072574801114	0.0407433011290571	0.520157237335514	-0.15087970470208	0.0414701773763696	0.797007299552188	1	1	1	1
"CMC1.Q7Z7K0"	"CMC1.Q7Z7K0"	0.00289202953769401	0.0591074166727755	0.00477141171359151	-1.06769835250743	0.97317336992493	0.165084873868115	1	1	1	1
"CMC2.Q9NRP2"	"CMC2.Q9NRP2"	0.104965013622002	0.0920604747619884	0.270231015900596	-0.184675192910325	0.312752755877807	0.736319718619351	1	1	1	1
"CMPK1.P30085"	"CMPK1.P30085"	0.112633708353884	0.00078966832938834	0.969290635062459	-0.00400264008083182	0.470875307052291	0.031999474820681	1	1	1	1
"CMSS1.Q9BQ75"	"CMSS1.Q9BQ75"	0.761697459069112	0.0453380527905187	0.0210402992841956	-0.306366382298971	0.0373168021507942	9.46887334591352e-06	1	1	1	0.0538778893382479
"CMTM6.Q9NX76"	"CMTM6.Q9NX76"	0.0865671982707735	0.334160919227744	0.0187951586041852	-0.984176800089939	0.290998943581219	0.214214628321177	1	1	1	1
"CMTR1.Q8N1G2"	"CMTR1.Q8N1G2"	0.589213395638416	0.526514609589761	0.819359029665164	-0.0372093184014384	0.520533122762489	0.280320725271451	1	1	1	1
"CMTR2.Q8IYT2"	"CMTR2.Q8IYT2"	0.0363091167042736	0.377787483605918	0.0655534817830051	0.478212180500734	0.699462629275511	0.980060758054751	1	1	1	1
"CNBP.P62633"	"CNBP.P62633"	0.163762968327299	0.0856452620872026	0.830555292124621	0.0242366852442416	0.00106786830484661	0.0167004446805476	1	1	1	1
"CNBP.P62633.4"	"CNBP.P62633.4"	0.298363708626714	0.108329148314862	0.493244845149931	-0.248236805710648	0.523347719376721	0.283587248339519	1	1	1	1
"CNDP2.Q96KP4"	"CNDP2.Q96KP4"	0.428217678373828	0.172077007555501	0.323404082318302	-0.120606358322334	0.993272154536539	0.0291254014871779	1	1	1	1
"CNIH4.Q9P003"	"CNIH4.Q9P003"	0.888315337159889	0.212059938443189	0.394286001450829	-0.140307195431981	0.525116837283711	0.0388093067428599	1	1	1	1
"CNN1.P51911"	"CNN1.P51911"	0.00457297840871945	9.87548669441292e-06	0.00317998844499715	0.345341659219625	0.103260927571347	0.0190175371953798	1	0.0549669589411023	1	1
"CNN2.Q99439"	"CNN2.Q99439"	0.00889144098887728	0.000173661070160448	0.0969174859885526	-0.186563980164833	0.0166001646369767	2.41947560091208e-06	1	0.916930450447167	1	0.0139385989368545
"CNN3.Q15417"	"CNN3.Q15417"	1.13582565225961e-09	1.05055238548272e-06	2.07982507075892e-07	-0.706079678030165	0.398001715571936	0.000793890912392492	6.64571589137095e-06	0.00598814859725148	1	1
"CNNM3.Q8NE01"	"CNNM3.Q8NE01"	0.886591661817395	0.330584967206988	0.408211486995417	-0.0989312771016166	0.167322378646616	0.254176948721112	1	1	1	1
"CNNM4.Q6P4Q7"	"CNNM4.Q6P4Q7"	0.879707721407855	0.000281147220809442	0.414514145977055	0.227562242689875	0.480419177832482	3.86022309744231e-05	1	1	1	0.21513023322046
"CNOT10.Q9H9A5"	"CNOT10.Q9H9A5"	0.0572908553156796	0.366404174279671	0.983937285251171	0.00225990974247839	0.895485891679225	0.0881721008960501	1	1	1	1
"CNOT11.Q9UKZ1"	"CNOT11.Q9UKZ1"	0.0873774632437009	0.813183347150889	0.0938164298174264	-0.212370370959681	0.195858040356416	0.0795014460941218	1	1	1	1
"CNOT1.A5YKK6"	"CNOT1.A5YKK6"	0.00163283772294096	0.165944235813991	0.0628281916360742	0.142192077819301	0.452605286010623	0.327868470604449	1	1	1	1
"CNOT2.Q9NZN8"	"CNOT2.Q9NZN8"	0.898233194332236	0.113741006006399	0.18697861210062	-0.230596977814883	0.655841346893598	0.562542077863164	1	1	1	1
"CNOT3.O75175"	"CNOT3.O75175"	0.332059927886559	0.0434684667550023	0.0714407912097427	-0.268174250457442	0.413796653307776	0.289300263749096	1	1	1	1
"CNOT4.O95628.10"	"CNOT4.O95628.10"	0.732782332168292	0.162073568393713	0.531856574930598	-0.385508215849611	0.831354921702	0.277090973769467	1	1	1	1
"CNOT6L.Q96LI5"	"CNOT6L.Q96LI5"	0.00254247488699001	0.275576853334196	0.573185331668435	0.222156224794224	0.0161853064212938	0.852813053040141	1	1	1	1
"CNOT7.Q9UIV1"	"CNOT7.Q9UIV1"	0.218983640577979	0.299834100392768	0.718341110185978	-0.0530800835135406	0.645856484061887	0.0352114116829737	1	1	1	1
"CNOT9.Q92600"	"CNOT9.Q92600"	0.402215998736843	0.930766439490579	0.52169154117235	-0.10589851458617	0.244828238370625	0.203396777291456	1	1	1	1
"CNPY2.Q9Y2B0"	"CNPY2.Q9Y2B0"	0.0474213751689745	0.996106014752539	0.0288281971254422	0.186680176040261	0.00103178354161287	0.780112652942493	1	1	1	1
"CNPY3.Q9BT09"	"CNPY3.Q9BT09"	0.974028550469175	0.0635127352069685	0.114147587564682	-0.38407266674031	0.301101580346836	0.432447129809362	1	1	1	1
"CNPY4.Q8N129"	"CNPY4.Q8N129"	0.203226594275157	0.523290502163333	0.122061728379791	0.209375728824768	0.0172947080456627	0.39809689923229	1	1	1	1
"CNP.P09543"	"CNP.P09543"	0.399635161888015	0.0719003857891974	0.502212167353736	0.0736965983394394	0.929276555495468	0.00148981097435484	1	1	1	1
"CNTNAP1.P78357"	"CNTNAP1.P78357"	0.0102221039942723	0.0342789198964175	0.000996863389897638	0.379851360823936	0.549814701105517	0.00149972098618749	1	1	1	1
"CNTNAP5.Q8WYK1"	"CNTNAP5.Q8WYK1"	6.31296939760077e-09	6.79415086529712e-07	1.18544194364983e-09	-1.36304459628389	0.400184610160961	0.171755832727157	3.67982986186149e-05	0.00388761312512301	1	1
"COA1.Q9GZY4"	"COA1.Q9GZY4"	0.346236033281441	4.27304217322712e-06	0.401876631366505	-0.262762612695584	0.285191448556486	5.6657223789519e-08	1	0.0240572274352687	1	0.000332464589196897
"COA3.Q9Y2R0"	"COA3.Q9Y2R0"	0.319088850742581	0.70582294514003	0.122052594296245	-0.281524682488579	0.0105769885058937	0.00364519835749275	1	1	1	1
"COA4.Q9NYJ1"	"COA4.Q9NYJ1"	1.0544640343435e-06	3.278801744732e-06	0.000286214571242076	-1.02895109878545	0.104011785385639	0.939129827775019	0.00600622713962058	0.0185186722542463	1	1
"COA6.Q5JTJ3"	"COA6.Q5JTJ3"	0.496277237292677	0.066590963623862	0.0742096868422932	-0.494502047635011	0.627096716825757	0.937346554021011	1	1	1	1
"COA7.Q96BR5"	"COA7.Q96BR5"	0.000609151641903318	0.0015911247542811	0.170868574716769	0.130367945479832	0.445724739747946	0.0946255290758305	1	1	1	1
"COASY.Q13057"	"COASY.Q13057"	0.00100300218086451	0.000383123838031999	0.0443038399204115	0.326092981587005	0.768792884727098	0.210409436473983	1	1	1	1
"COG2.Q14746"	"COG2.Q14746"	0.611348669062655	0.288713150754659	0.796290803612217	-0.0550145877383782	0.12863221272697	0.90198336714349	1	1	1	1
"COG3.Q96JB2"	"COG3.Q96JB2"	0.381988775209939	0.0118463458938876	0.79527462725122	0.0391372929182282	0.24525612489578	0.927881080035446	1	1	1	1
"COG4.Q9H9E3"	"COG4.Q9H9E3"	0.00510207789214967	0.000940528895488209	0.00784008122873938	0.254875345849652	0.295434796805051	0.149930140165143	1	1	1	1
"COG5.Q9UP83"	"COG5.Q9UP83"	0.00482926672061149	0.0537932329333667	0.224662187314674	0.166423040285615	0.592111315581941	0.41073470012685	1	1	1	1
"COG6.Q9Y2V7"	"COG6.Q9Y2V7"	0.729355722562296	0.4119382858194	0.766349193176555	0.0728747010607782	0.0132650875069785	0.049035181387671	1	1	1	1
"COG7.P83436"	"COG7.P83436"	0.355558933214644	0.161020971310525	0.195657480992539	0.233819782575622	0.191444253095687	0.209508860656148	1	1	1	1
"COG8.Q96MW5"	"COG8.Q96MW5"	0.0261274226071154	0.076417526629486	0.386094295311825	0.297019389380835	0.284876180117169	0.100915933222897	1	1	1	1
"COIL.P38432"	"COIL.P38432"	0.0167988591950681	0.598299878999608	0.199615143139355	-0.272688516459832	0.0691703207892182	0.0354923449445617	1	1	1	1
"COL12A1.Q99715"	"COL12A1.Q99715"	0.0770299469179738	0.669363646608277	0.132059804721402	0.284122578262012	0.376400723401279	0.114509694646049	1	1	1	1
"COL16A1.Q07092"	"COL16A1.Q07092"	9.31432417553257e-05	2.79845985702423e-07	7.91404752522737e-09	2.06407632402904	0.35535591632195	0.809314130349065	0.497478054215195	0.00160995395574604	1	1
"COL1A1.P02452"	"COL1A1.P02452"	2.5264842558286e-08	1.69505579198391e-09	2.97797401384383e-14	3.34882359930476	0.0962925323727076	0.00945450672729336	0.000146738205578525	9.91438132731388e-06	1	1
"COL2A1.P02458"	"COL2A1.P02458"	3.72148940575758e-06	6.04855501189746e-07	9.50967737654785e-11	4.7934185496371	0.0242078785103853	0.00791906111808607	0.0209408208861979	0.00346400745531367	1	1
"COL4A1.P02462"	"COL4A1.P02462"	0.602187186853035	0.174069580240752	9.14384820979723e-06	1.46216188764639	0.309025883089441	0.303740115782222	1	1	1	1
"COL4A2.P08572"	"COL4A2.P08572"	0.00523409895706853	0.513915274201098	0.00624967133083799	0.354559676828184	0.208248209507239	0.00884579640718205	1	1	1	1
"COL5A1.P20908"	"COL5A1.P20908"	0.00996741579508331	0.0122308391570802	3.49403221319733e-06	2.75448172363921	0.916590547682952	0.318474970325776	1	1	1	1
"COL6A1.P12109"	"COL6A1.P12109"	0.000360074296537486	2.31632905547704e-05	5.1147361400127e-15	1.90640811906474	0.0159883950531565	0.325631782608575	1	0.127143301855135	1	1
"COL6A2.P12110"	"COL6A2.P12110"	0.122042166696731	0.737697985596442	1.19248912227741e-07	1.08976937888049	0.0512200871294991	0.0410451352727987	1	1	1	1
"COLGALT1.Q8NBJ5"	"COLGALT1.Q8NBJ5"	0.281457124609047	0.138030404168226	0.00164106033599499	0.392594496597758	0.0575250375006619	0.000163758569830962	1	1	1	0.884132518517366
"COMMD10.Q9Y6G5"	"COMMD10.Q9Y6G5"	0.158946763524113	0.365151680627187	0.115875755960832	-0.18307577624523	0.159525174157599	0.013230417050101	1	1	1	1
"COMMD1.Q8N668"	"COMMD1.Q8N668"	0.975730350271229	0.000768539631709918	0.128791527268868	-0.275563464569871	0.486797854649849	0.261745186862802	1	1	1	1
"COMMD2.Q86X83"	"COMMD2.Q86X83"	0.696765840482667	0.201145076307023	0.510388581877498	0.107950325410608	0.0573796310896388	0.735932212120498	1	1	1	1
"COMMD3.Q9UBI1"	"COMMD3.Q9UBI1"	0.193314486646727	0.588037639153606	0.0465944781091909	-0.27644954909751	0.827798026055607	0.0171689300240617	1	1	1	1
"COMMD4.Q9H0A8"	"COMMD4.Q9H0A8"	0.840044750162092	0.0195650405769225	0.719184284161873	0.0883177875018493	0.41714460660251	0.504714178353553	1	1	1	1
"COMMD5.Q9GZQ3"	"COMMD5.Q9GZQ3"	0.0032380785860189	0.111499390826576	0.12147067435375	-0.201213653985489	0.219464107652784	0.00413255350500121	1	1	1	1
"COMMD6.Q7Z4G1"	"COMMD6.Q7Z4G1"	0.805434057802384	0.786302222333774	0.213090873953867	0.253621791432101	0.225870353252379	8.7579310968257e-05	1	1	1	0.480985575837668
"COMMD8.Q9NX08"	"COMMD8.Q9NX08"	0.166365579064494	0.879097180386596	0.128744499988806	0.243387484484522	0.130068494700277	0.00166137017883212	1	1	1	1
"COMMD9.Q9P000"	"COMMD9.Q9P000"	0.00386523838500193	0.231434621762627	0.846733662136889	0.0218437742378462	0.938493183362298	0.949363671450693	1	1	1	1
"COMTD1.Q86VU5"	"COMTD1.Q86VU5"	0.044280048258547	0.546377607864283	0.037333906151893	-0.957648814666777	0.719666028216965	0.0752983430582018	1	1	1	1
"COMT.P21964"	"COMT.P21964"	0.250935099752731	0.565495925593517	0.658570982033859	0.0440222701171983	0.686001480298672	0.0242020957870164	1	1	1	1
"COPA.P53621"	"COPA.P53621"	9.53377390205288e-08	4.76461641463271e-07	0.0006402246141265	0.370201970410667	0.382782580303834	0.852235701724778	0.000551242807016697	0.00273155459050893	1	1
"COPB1.P53618"	"COPB1.P53618"	1.46779686221178e-07	1.31418143990938e-09	0.0614382414741664	0.115809261858395	0.431967560207036	0.0027808999211879	0.000847312163895275	7.69058978634971e-06	1	1
"COPB2.P35606"	"COPB2.P35606"	2.32550368745567e-06	3.98557602018274e-07	0.0185321849167994	0.265163847213634	0.448399796948479	0.652385270227509	0.0131646763746866	0.00228891630839095	1	1
"COPE.O14579"	"COPE.O14579"	2.27964910259124e-05	1.99787094403617e-05	0.460610001948926	-0.048831345058065	0.511517963127444	0.00108351829891559	0.125243921696363	0.109842944503109	1	1
"COPG1.Q9Y678"	"COPG1.Q9Y678"	3.60093100491841e-10	7.21131930820049e-11	0.0998580360212872	0.107488546398293	0.000577675525956552	0.156522446619156	2.11230612748514e-06	4.23665009356779e-07	1	1
"COPG2.Q9UBF2"	"COPG2.Q9UBF2"	4.51677681158648e-06	1.17363750513118e-08	0.0962670252908534	0.140256556864229	0.0993412020223128	0.458109998027122	0.0253526682434349	6.83291755487372e-05	1	1
"COPRS.Q9NQ92"	"COPRS.Q9NQ92"	0.301345380941784	0.020733424691659	0.163947707957516	0.557115631966593	0.40258012580069	0.373920451472722	1	1	1	1
"COPS2.P61201"	"COPS2.P61201"	0.288098692643515	0.617444998701092	0.241949750991573	-0.0880284431750078	0.713791297585506	0.0096804643397234	1	1	1	1
"COPS3.Q9UNS2"	"COPS3.Q9UNS2"	0.626404699266377	0.732258678971498	0.982837409816315	-0.00126108015113931	0.783509229011329	0.00109763519137009	1	1	1	1
"COPS4.Q9BT78"	"COPS4.Q9BT78"	0.0414830666626754	0.10458313203701	0.664786167177588	0.0263788874404233	0.262954711822154	0.00151819305680708	1	1	1	1
"COPS5.Q92905"	"COPS5.Q92905"	0.332291999849531	0.212267540094293	0.563671559726239	-0.0465901526477515	0.00989410843345457	2.06761802660427e-05	1	1	1	0.116551628159682
"COPS6.Q7L5N1"	"COPS6.Q7L5N1"	0.713062667791236	0.814433967496209	0.475972325466951	0.0421308103808999	0.0120652217616143	0.00134562357959212	1	1	1	1
"COPS7A.Q9UBW8"	"COPS7A.Q9UBW8"	0.011755582052626	0.00247571675952588	0.550693736072562	0.108958081311526	0.00128860434279315	0.734209680196879	1	1	1	1
"COPS7B.Q9H9Q2"	"COPS7B.Q9H9Q2"	0.000267724091223481	0.396915668689156	0.000765183626105775	-0.581568833162676	0.138971579839104	0.552694366083233	1	1	1	1
"COPS8.Q99627"	"COPS8.Q99627"	0.307816424578617	0.0417517549410377	0.334109305981309	0.123492409961689	0.0684583442775915	0.370327312254194	1	1	1	1
"COPS9.Q8WXC6"	"COPS9.Q8WXC6"	0.469779298626193	0.302366232826446	0.418834566587157	0.51230553708642	0.812242966543116	0.927819002135345	1	1	1	1
"COPZ1.P61923"	"COPZ1.P61923"	0.0298083969323953	0.0486188496411798	0.711479086831854	0.101828201266733	0.00118138001924039	0.259064960799915	1	1	1	1
"COPZ2.Q9P299"	"COPZ2.Q9P299"	4.42617952901164e-05	0.000530158221381557	0.00865057593137013	0.874000332149251	0.949000880355357	0.714751048986707	0.240208763039462	1	1	1
"COQ3.Q9NZJ6"	"COQ3.Q9NZJ6"	0.00224830154991538	8.23312248349291e-06	0.00532955642534017	-0.330293332701969	0.400886375310831	0.71803921335237	1	0.0459408234578904	1	1
"COQ5.Q5HYK3"	"COQ5.Q5HYK3"	0.0223577915818503	1.47713331160513e-05	0.000176827613467812	-0.549879018876111	0.092422974236782	0.0967964423116346	1	0.0816116154661837	1	1
"COQ6.Q9Y2Z9"	"COQ6.Q9Y2Z9"	0.0197134018548899	0.372168899476381	0.00231604375341632	-0.643294370697558	0.554088301307195	0.000132055583978354	1	1	1	0.717457987754395
"COQ8A.Q8NI60"	"COQ8A.Q8NI60"	0.0247652003855556	0.369277086863725	0.000461062076839309	-0.869193552334098	0.971333992285815	0.00135577859974388	1	1	1	1
"COQ8B.Q96D53"	"COQ8B.Q96D53"	0.440242611696812	0.604597511151621	0.618417174878305	-0.131189111643997	0.0531944393196043	0.0919815717142646	1	1	1	1
"COQ9.O75208"	"COQ9.O75208"	0.00019970413242643	0.888275766548748	0.0922922638152219	-0.19888754408453	0.042623800185876	0.00425815217838144	1	1	1	1
"CORO1A.P31146"	"CORO1A.P31146"	0.372404830432543	0.0667705879508518	7.22214917326937e-05	-0.700118711834781	0.917809210817773	0.0622238769877835	1	1	1	1
"CORO1B.Q9BR76"	"CORO1B.Q9BR76"	0.0297064233416835	0.972155107817072	0.0156695363772782	-0.238266419404586	0.442590275590434	0.190734451413562	1	1	1	1
"CORO1C.Q9ULV4"	"CORO1C.Q9ULV4"	0.0471532114957692	0.043381981547953	0.497596303249803	-0.0614732436424037	0.0511076823402702	0.262939618074498	1	1	1	1
"CORO2A.Q92828"	"CORO2A.Q92828"	0.502174783592896	0.99212865168849	0.360019973399368	-0.432852344066479	0.0282114233242697	0.411568315388748	1	1	1	1
"CORO7.P57737.3"	"CORO7.P57737.3"	2.90196873201902e-07	5.81786912524076e-05	9.69216724137326e-07	-0.45168334587278	0.540693111612395	0.0942833032272736	0.00166834182403773	0.313466788467972	1	1
"COTL1.Q14019"	"COTL1.Q14019"	0.574346800527213	0.266731445301386	0.979677205627359	0.00769395830260709	0.496353810859373	0.335519400857542	1	1	1	1
"COX11.Q9Y6N1"	"COX11.Q9Y6N1"	0.078444108718939	0.0152395423511558	0.000919429489502039	-0.563759087877441	0.00493213230511762	0.00132734047867356	1	1	1	1
"COX15.Q7KZN9"	"COX15.Q7KZN9"	0.0328461408361885	0.00595039699408923	0.00105682223887369	-0.596518237457342	0.268178040501842	5.172123322334e-05	1	1	1	0.287052844389537
"COX17.Q14061"	"COX17.Q14061"	0.0743117636125971	0.563735276400169	0.619419652102528	0.08234173012719	0.131494234183708	0.282907288198314	1	1	1	1
"COX20.Q5RI15"	"COX20.Q5RI15"	0.689884563386685	0.0230468299799627	0.185299473213832	0.160211952537463	0.279921643274227	0.0652570974397313	1	1	1	1
"COX4I1.P13073"	"COX4I1.P13073"	0.28260482319753	0.920711843520836	0.316194318521602	-0.379403012538701	0.150703992311122	0.122975355642446	1	1	1	1
"COX5A.P20674"	"COX5A.P20674"	0.936851730090474	0.451238428114971	0.074810565055948	0.448350049772129	0.925607971079121	0.871676156033891	1	1	1	1
"COX5B.P10606"	"COX5B.P10606"	0.234912251312373	0.35070997450072	0.513248243831037	0.186759962292503	0.878395961194568	0.158262888330184	1	1	1	1
"COX6A1.P12074"	"COX6A1.P12074"	0.0117704542193602	0.916171000847648	0.11019735941526	0.581684747405861	0.0782273710893478	0.838379026750591	1	1	1	1
"COX6B1.P14854"	"COX6B1.P14854"	0.400638041532723	0.599449482120056	0.286677582335471	0.239453217685276	0.698873923098893	0.115655904832548	1	1	1	1
"COX6C.P09669"	"COX6C.P09669"	0.00276541375017418	0.427033676802126	0.999038991502289	-0.000256310504262738	0.105251148988594	0.019500652059617	1	1	1	1
"COX7A2L.O14548"	"COX7A2L.O14548"	0.250184388470904	0.858634000809943	0.351807841326779	-0.374345742883237	0.200759009405792	0.0806607469034949	1	1	1	1
"COX7A2.P14406"	"COX7A2.P14406"	0.606326292051085	0.0665204959194301	0.624768617128908	-0.21323254670038	0.445618107745554	0.265262751587892	1	1	1	1
"COX7B.P24311"	"COX7B.P24311"	0.0872230063694541	0.206040112591195	0.798695369983259	-0.0637669863231109	0.0421086628185809	0.258008408928626	1	1	1	1
"COX7C.P15954"	"COX7C.P15954"	0.400028329594399	0.0356884882888475	1.50200420374258e-05	0.615441005788034	0.327505380898197	0.196707123950933	1	1	1	1
"CPA4.Q9UI42"	"CPA4.Q9UI42"	8.03362313688955e-12	2.57303094291917e-14	6.43150805709933e-22	2.30354358514379	0.662622942872649	0.023396583435082	4.72859057837319e-08	1.51731634703943e-10	1	1
"CPD.O75976"	"CPD.O75976"	7.77318360917728e-10	5.26746923287728e-13	4.98400997068287e-14	1.02221722457187	0.313588219883954	0.000124565545377065	4.55430827661697e-06	3.10306612508801e-09	1	0.677636566851231
"CPNE1.Q99829"	"CPNE1.Q99829"	0.00179853402659174	0.0192046511787104	0.976736350784366	0.00362386429348145	0.317463395681295	0.838683274930857	1	1	1	1
"CPNE3.O75131"	"CPNE3.O75131"	0.761765950920001	0.311769817371405	0.0194489380780974	-0.541296199858292	0.018060796013831	0.206023385855531	1	1	1	1
"CPNE8.Q86YQ8"	"CPNE8.Q86YQ8"	0.417038782771632	0.500145036172664	0.0301390326089978	0.435067126555175	0.183154867284581	0.521085439177562	1	1	1	1
"CPOX.P36551"	"CPOX.P36551"	0.423874471326141	0.00141481036092603	0.421166437265142	0.0629299678306161	0.249667278133265	0.260302467444163	1	1	1	1
"CPPED1.Q9BRF8"	"CPPED1.Q9BRF8"	0.0144223656292144	0.000545680169614528	0.129546006522413	0.181078914586086	0.635165682677251	0.249199537434955	1	1	1	1
"CPSF1.Q10570"	"CPSF1.Q10570"	0.0600050552476821	0.00905883700499178	0.56553421083044	0.0394980847253514	0.0368305354722086	0.00068831978328093	1	1	1	1
"CPSF2.Q9P2I0"	"CPSF2.Q9P2I0"	0.0108473547038591	0.312862779232319	0.36536157470669	-0.0949815302224937	0.725445751379231	0.00541939370479219	1	1	1	1
"CPSF3.Q9UKF6"	"CPSF3.Q9UKF6"	0.00756218839206016	0.00878426569801606	0.00651365036235602	0.164646447570821	0.484693427702485	2.31239485345684e-06	1	1	1	0.0133263315404717
"CPSF4.O95639"	"CPSF4.O95639"	0.184773779429565	0.865858993282096	0.0359659325494854	-0.356521555856647	0.254239734474223	0.00712393151782967	1	1	1	1
"CPSF6.Q16630"	"CPSF6.Q16630"	0.521044223847833	0.221418180139144	0.161939546877023	0.106077633968775	0.363660460137539	0.185671671058983	1	1	1	1
"CPSF7.Q8N684"	"CPSF7.Q8N684"	0.203759530962773	0.0181121329253887	0.0149826404816954	-0.284070411235064	0.0223471211639589	0.713255858212811	1	1	1	1
"CPT2.P23786"	"CPT2.P23786"	0.0818510424723051	0.78282205709665	0.910504293523946	-0.019980813037863	0.0154918596789192	0.84046388016033	1	1	1	1
"CPTP.Q5TA50"	"CPTP.Q5TA50"	0.993051375043411	0.0780066662086071	0.0285932432052285	-0.870877699348406	0.149251067697119	0.868786170091687	1	1	1	1
"CRABP2.P29373"	"CRABP2.P29373"	5.73837351688125e-05	1.41491976390468e-06	5.97732377937202e-08	1.20613949181081	3.6721744215919e-07	6.26861250960282e-06	0.309872169911588	0.00803815917874246	0.00216731734362354	0.0358000460423417
"CRACR2A.Q9BSW2.2"	"CRACR2A.Q9BSW2.2"	0.0272903294156996	0.126042301097776	0.119056094148677	0.182406991015393	0.00176014496278061	0.473156976706619	1	1	1	1
"CRADD.P78560"	"CRADD.P78560"	0.043977021021774	0.19019670145839	0.299815600474798	0.220141778342661	0.59269270182287	0.166435606170471	1	1	1	1
"CRCP.O75575"	"CRCP.O75575"	0.889083050159968	0.0746484852117343	0.127113205560022	0.404178642414195	0.387925517517151	0.243528878900358	1	1	1	1
"CREB1.P16220"	"CREB1.P16220"	0.0544065870853095	0.819128425071019	0.610514064991084	-0.152489084754999	0.955948423814375	0.48835561892385	1	1	1	1
"CREBBP.Q92793"	"CREBBP.Q92793"	0.991095569793133	0.0841554343765317	0.0420138404335273	0.388390718974996	0.839273191803612	0.554924380703737	1	1	1	1
"CREG1.O75629"	"CREG1.O75629"	0.194571521769906	0.912506431517077	0.00702229933160051	0.83600527051504	0.93065378142668	0.115358579265368	1	1	1	1
"CRELD1.Q96HD1"	"CRELD1.Q96HD1"	6.32574560605533e-08	2.60449203920196e-05	3.79522532109422e-13	-1.83039746513653	0.139170058487699	0.0432334035110915	0.000366260670590604	0.142778253589051	1	1
"CRELD2.Q6UXH1"	"CRELD2.Q6UXH1"	0.0247623996221725	0.185439894147153	1.1458841035797e-11	-1.54281929302202	0.00556882239070433	0.00235852979570469	1	1	1	1
"CRIM1.Q9NZV1"	"CRIM1.Q9NZV1"	9.48753004982833e-12	0.000653393360798645	0.535015152058032	-0.0631232871194963	0.00420763325674627	0.947520884420922	5.58246268131899e-08	1	1	1
"CRIP2.P52943"	"CRIP2.P52943"	0.0347846680390849	0.0579305622694726	0.732243800152218	-0.0463944311929223	0.0489803041374683	0.000214527604309595	1	1	1	1
"CRKL.P46109"	"CRKL.P46109"	0.0474223290273723	0.0580927338374917	0.272422541147142	0.169506535974878	0.255504994147437	0.0246540615045125	1	1	1	1
"CRK.P46108"	"CRK.P46108"	0.780685660620573	0.794710222569799	0.835244281966302	0.0428227035992726	0.735359874822289	0.0157086154369628	1	1	1	1
"CRLF3.Q8IUI8"	"CRLF3.Q8IUI8"	0.653901375521819	0.01374810396301	0.722404964759467	-0.0392493861366148	0.592276187134907	0.215570685749772	1	1	1	1
"CRMP1.Q14194"	"CRMP1.Q14194"	0.0229992681798803	0.93562372098721	0.050700538784677	-0.502552786209725	0.868394039523811	0.829806457435208	1	1	1	1
"CRNKL1.Q9BZJ0"	"CRNKL1.Q9BZJ0"	0.30722627096997	0.353758571632327	0.728158684473481	0.0929787153604337	0.0987883007620783	0.013615810649477	1	1	1	1
"CRTAP.O75718"	"CRTAP.O75718"	0.471104371498347	0.122689084588692	0.102794245721193	0.182399977091592	0.942183793377859	0.0773555428235012	1	1	1	1
"CRTC2.Q53ET0"	"CRTC2.Q53ET0"	0.561657924430979	0.55410110362865	0.328290442414439	0.167062624490252	0.0975492690567956	0.0058816897123395	1	1	1	1
"CRYAB.P02511"	"CRYAB.P02511"	0.0076204299717216	0.0625872665632174	0.379440874866687	-0.104248179611601	9.19547837571607e-05	0.00620703195327508	1	1	0.53793548497939	1
"CRYBG3.Q68DQ2"	"CRYBG3.Q68DQ2"	0.0868597251210954	0.358377898162365	0.470891484337108	0.132768806705974	0.69367148488339	0.47254010870277	1	1	1	1
"CRYZL1.O95825"	"CRYZL1.O95825"	0.0108679012285339	0.402151522101129	0.0218237938773998	0.469751582683202	0.235710613488785	0.0124286801242704	1	1	1	1
"CRYZ.Q08257"	"CRYZ.Q08257"	1.56034671712633e-12	3.83654301048536e-14	2.26514098948997e-12	-1.11279994841913	0.582719376670831	0.576769120057092	9.19200251059122e-09	2.26202575898217e-10	1	1
"CSDC2.Q9Y534"	"CSDC2.Q9Y534"	0.724982982618744	0.0684758714523306	0.724378309327573	0.151032441250799	0.714472663932777	0.2350056928669	1	1	1	1
"CSDE1.O75534"	"CSDE1.O75534"	0.439393065481581	0.971949163172335	0.000539799725194937	0.259268224051614	0.469318471496469	0.0378512354917545	1	1	1	1
"CSE1L.P55060"	"CSE1L.P55060"	0.0545757299566262	0.00402616925764885	0.383909967687078	0.129015801291717	0.107947246784051	0.614356767098633	1	1	1	1
"CSK.P41240"	"CSK.P41240"	0.0102429653312658	0.0663627490989963	0.141105314903922	0.273754476505222	0.230126271528441	0.713729295081696	1	1	1	1
"CSNK1A1.P48729"	"CSNK1A1.P48729"	0.118260415937802	0.242673138965795	0.185619244357156	0.200976040768881	0.0935444817553524	0.00445771669122812	1	1	1	1
"CSNK1D.P48730"	"CSNK1D.P48730"	0.91670259743923	0.576611151800908	0.682845380469985	-0.0795770964047929	0.730524034038496	0.0546729534113715	1	1	1	1
"CSNK1E.P49674"	"CSNK1E.P49674"	0.702056719441999	0.225511576109948	0.0117107333356123	0.483659047454007	0.695592749764491	0.0146578787790488	1	1	1	1
"CSNK1G1.Q9HCP0"	"CSNK1G1.Q9HCP0"	0.0777643372732475	0.564516138062369	0.0494601516401653	0.622290503070406	0.383427197760175	0.225429867601327	1	1	1	1
"CSNK1G3.Q9Y6M4"	"CSNK1G3.Q9Y6M4"	0.918698371882955	0.554456686964526	0.838860178696873	-0.0495585544351073	0.974954958576131	0.0599857246387438	1	1	1	1
"CSNK2A1.P68400"	"CSNK2A1.P68400"	0.228513971401844	0.0664554375957339	0.993149700224387	-0.000602776586574868	0.580163185777181	0.710064147329456	1	1	1	1
"CSNK2A2.P19784"	"CSNK2A2.P19784"	0.0252425662322227	0.70942012779281	0.1409020267648	0.129748101959687	0.358417865847851	0.759429670591861	1	1	1	1
"CSNK2B.P67870"	"CSNK2B.P67870"	0.109081204699895	0.822992689290441	0.0115417194889027	-0.252123145940639	7.38336743077507e-05	0.299722488310407	1	1	0.432665331443419	1
"CSPG4.Q6UVK1"	"CSPG4.Q6UVK1"	0.707942400835666	0.0685774612518363	3.09764584493397e-06	0.467672998360379	0.00508295085044482	0.000954522972723592	1	1	1	1
"CSRP1.P21291"	"CSRP1.P21291"	1.89813046447309e-06	0.000157662670122205	4.5109105413638e-07	-0.659496871295119	0.736285548441772	0.00413992388168042	0.010760501603098	0.834193187616587	1	1
"CSRP2.Q16527"	"CSRP2.Q16527"	4.57738653265592e-05	0.465551243562957	0.0497231757716836	-0.154719053004857	8.54503223481152e-05	0.000187458642796348	0.248185897800604	1	0.500311637348214	1
"CSTB.P04080"	"CSTB.P04080"	0.0443423548589385	0.0159801642324931	0.0118585802973393	-0.259952081465693	0.456915551851963	7.65440604331455e-07	1	1	1	0.00445027167358308
"CSTF1.Q05048"	"CSTF1.Q05048"	0.071523578753993	0.0152257985732531	0.0376832494673367	0.152902724670767	0.329964332576009	0.398717758247274	1	1	1	1
"CSTF2T.Q9H0L4"	"CSTF2T.Q9H0L4"	0.0183732478246889	0.00225561500971058	0.000116876795800994	0.8087610933446	0.514592006573798	0.346680490855735	1	1	1	1
"CSTF2.P33240"	"CSTF2.P33240"	0.438740150478878	0.86105202879833	0.244661038245992	-0.191735209000878	0.0032444156258801	0.177787311288819	1	1	1	1
"CSTF3.Q12996"	"CSTF3.Q12996"	0.397942273982652	0.0283547399324296	0.80113265426037	-0.0258394818455467	0.326534599013304	1.04811316703982e-06	1	1	1	0.00607905636883097
"CS.O75390"	"CS.O75390"	0.17937431538818	0.957515683923285	0.496713556496271	-0.157341561719268	0.114607798862796	0.0590250255468588	1	1	1	1
"CT45A8.P0DMV1"	"CT45A8.P0DMV1"	0.0205133223405278	0.0025445325724266	0.000688259527213698	0.636184070459051	0.582889700122946	0.265943589283404	1	1	1	1
"CTBP1.Q13363"	"CTBP1.Q13363"	0.363646125597703	0.115235126255599	0.429877942937914	0.143681410073569	0.543704039131576	0.473146507188126	1	1	1	1
"CTBP2.P56545"	"CTBP2.P56545"	0.0120058596923219	0.00119516544441913	0.723123530641489	-0.0336377847505192	0.132226311288347	0.00221698184754503	1	1	1	1
"CTCF.P49711"	"CTCF.P49711"	0.70712717680704	0.793841508612431	0.0963166080861474	0.207825545316631	0.102206215041293	0.423618598940067	1	1	1	1
"CTDP1.Q9Y5B0"	"CTDP1.Q9Y5B0"	0.155697256944671	3.51715307368574e-06	0.118761516712534	0.181485067601272	0.63152172667647	0.0153444787606258	1	0.0198402604886612	1	1
"CTDSPL2.Q05D32"	"CTDSPL2.Q05D32"	0.682596542497462	0.545087320201244	0.0294595257085692	0.406118816113449	0.863630898516093	0.000284727665600104	1	1	1	1
"CTNNA1.P35221"	"CTNNA1.P35221"	0.469585334662343	0.29282514058345	0.0744189532320103	-0.303524858353648	0.108271903959073	0.828841842552936	1	1	1	1
"CTNNA2.P26232"	"CTNNA2.P26232"	0.583442479592784	0.046497467469025	0.22353788143444	-0.322953076339667	0.145653193014214	0.000577339160886668	1	1	1	1
"CTNNAL1.Q9UBT7"	"CTNNAL1.Q9UBT7"	0.398681972135951	0.494451689401928	0.50996663310982	-0.172508651002557	0.697974131665409	0.444165563829459	1	1	1	1
"CTNNB1.P35222"	"CTNNB1.P35222"	0.0413883691739007	0.000124397004235246	0.264756531697975	-0.057490278465131	0.35979506075347	3.49533253380289e-05	1	0.661792062531506	1	0.195284228663567
"CTNNBL1.Q8WYA6"	"CTNNBL1.Q8WYA6"	0.101644904693109	0.000567664417605013	0.00549470598620818	-0.261981645347241	0.0369644136648408	0.778755645315947	1	1	1	1
"CTNND1.O60716"	"CTNND1.O60716"	0.000312157356665787	0.000546884927891145	0.0351472067933927	-0.158335901245438	0.121964152419134	0.499074676582991	1	1	1	1
"CTPS1.P17812"	"CTPS1.P17812"	0.23405937458187	0.019243276260098	1.48742353067646e-05	-0.63999058828012	0.000828655790966547	0.398821259831096	1	1	1	1
"CTPS2.Q9NRF8"	"CTPS2.Q9NRF8"	0.00192374180024157	0.315362020205572	0.51513802811385	0.370718122372588	0.00191841599335517	0.441851375848715	1	1	1	1
"CTR9.Q6PD62"	"CTR9.Q6PD62"	0.290112100948254	0.212676504063369	0.457393127386016	0.0964307204103109	0.0329874093762064	0.122330006839774	1	1	1	1
"CTSA.P10619"	"CTSA.P10619"	0.00891090597369056	0.153880177666423	0.377907592778815	0.106034189577609	0.675686207668885	0.0500717813276259	1	1	1	1
"CTSB.P07858"	"CTSB.P07858"	0.541719001200224	0.421918398856596	0.000614354133112808	0.427608915765347	0.334178847407292	0.590185582766967	1	1	1	1
"CTSC.P53634"	"CTSC.P53634"	3.37859263916929e-05	0.000502078813480979	0.798932415065017	0.0288865538744716	0.565836202150682	0.241495379617983	0.184336014393076	1	1	1
"CTSD.P07339"	"CTSD.P07339"	0.00195163454026899	0.606274876171864	0.192068406903305	0.26614542154268	0.723925668800282	0.352621284360294	1	1	1	1
"CTSH.P09668"	"CTSH.P09668"	0.036845563868394	0.021708451301479	8.50884035574389e-06	1.24335011178976	0.102522705867261	0.763855305113147	1	1	1	1
"CTSL.P07711"	"CTSL.P07711"	0.0364752160374091	0.00392446652266156	0.000975213169355466	0.66223130224604	0.503949149052739	0.000138993103379522	1	1	1	0.753898592730527
"CTSV.O60911"	"CTSV.O60911"	0.00010297336775765	0.39196290968671	0.0333216527469426	0.409600191408006	0.197687342120727	0.0111424642365852	0.549053996883788	1	1	1
"CTSZ.Q9UBR2"	"CTSZ.Q9UBR2"	0.00314336003340087	0.317662897016453	0.118657770430942	0.275540277024836	0.936225352328393	0.0418434049407295	1	1	1	1
"CTTNBP2NL.Q9P2B4"	"CTTNBP2NL.Q9P2B4"	0.00742931470409071	0.00232202345574818	0.0621585154020878	-0.251441795332353	0.561555079651814	0.000571872527357925	1	1	1	1
"CTTN.Q14247"	"CTTN.Q14247"	0.000134154867197113	0.00089580531054069	0.000337470554884301	-0.669077416396448	0.770345620837734	0.0400791429550816	0.711691570480683	1	1	1
"CTU1.Q7Z7A3"	"CTU1.Q7Z7A3"	0.120471862849337	0.294095298961647	0.0204492995128603	0.470418879459662	0.0362473072396884	0.565599218930437	1	1	1	1
"CTU2.Q2VPK5"	"CTU2.Q2VPK5"	0.0387183714244578	0.477086099294158	0.0355067754186476	0.804149445989833	0.00379745929178519	0.728386784890462	1	1	1	1
"CUEDC1.Q9NWM3"	"CUEDC1.Q9NWM3"	0.0565751555970138	0.161828666678553	0.45473160747363	0.168797811280313	0.0288189877981127	0.0115809883463036	1	1	1	1
"CUL1.Q13616"	"CUL1.Q13616"	0.385460245880316	0.120230812922019	0.746743324095203	0.0427306460872021	0.288990938133699	0.712946406820447	1	1	1	1
"CUL2.Q13617"	"CUL2.Q13617"	0.000733568799611127	0.0217299082109655	0.140770242642665	0.122832628622532	0.180374361101549	0.355559767732733	1	1	1	1
"CUL3.Q13618"	"CUL3.Q13618"	0.00392548821663073	0.0108048197611434	9.81330786081649e-06	0.461489339640916	0.154688079100437	0.66404997471128	1	1	1	1
"CUL4A.Q13619"	"CUL4A.Q13619"	0.00335643358842741	0.00999928875704292	0.0619880759517319	0.187334513887523	0.0083848725171843	0.322878048285834	1	1	1	1
"CUL4B.Q13620"	"CUL4B.Q13620"	0.000566406010352006	5.23095310561492e-05	0.00914212618073062	0.161617495409735	0.869308811886617	0.486783453448856	1	0.282314539110037	1	1
"CUL5.Q93034"	"CUL5.Q93034"	0.0303438512235205	0.0251710322039449	0.701087243244839	-0.0502904543615561	0.1521323047149	0.345684801915778	1	1	1	1
"CUL7.Q14999"	"CUL7.Q14999"	0.0893465151403637	0.104333056309345	0.0285688155523822	0.434691505545779	0.81490143774395	0.564355452191158	1	1	1	1
"CUSTOS.Q96C57"	"CUSTOS.Q96C57"	2.90693385996931e-05	0.0127609651943337	0.00547727241672392	-0.485335833931522	0.259589414370078	0.352949434199925	0.15909649015612	1	1	1
"CUTA.O60888"	"CUTA.O60888"	1.9278880619465e-05	0.379630797833381	3.63883835838212e-05	-0.546108451884215	0.252796037731963	0.310365947950665	0.106149516690774	1	1	1
"CUTC.Q9NTM9"	"CUTC.Q9NTM9"	0.793429689771749	0.0205768190224546	0.0529182769653422	0.447514166341195	0.00497241847538997	0.551292800286755	1	1	1	1
"CUX1.P39880"	"CUX1.P39880"	0.116782246005729	0.0645562321836086	0.000697648714293156	0.451443670136065	0.202252592203351	0.604993911993739	1	1	1	1
"CUX1.Q13948"	"CUX1.Q13948"	0.930418076494916	0.00100128015851352	0.562311586791674	0.136133288042792	0.514696270346815	0.0104633951371832	1	1	1	1
"CWC15.Q9P013"	"CWC15.Q9P013"	0.027028689109914	0.960151042158736	0.440416228904215	-0.385823369576805	0.279440498908803	0.227995629133968	1	1	1	1
"CWC22.Q9HCG8"	"CWC22.Q9HCG8"	0.271499106361134	0.167098046493455	0.194218183682121	0.15319083856788	0.897357698164276	3.42587493752939e-05	1	1	1	0.191506409007893
"CWC27.Q6UX04"	"CWC27.Q6UX04"	0.022726544199285	0.0122139421425724	0.00140364155181897	0.293261673324819	0.134242828161221	0.00426851090868892	1	1	1	1
"CWF19L1.Q69YN2"	"CWF19L1.Q69YN2"	0.0354709813839808	0.611761556000175	0.0409015855159417	0.245789429071118	0.20404868207985	0.00867830317727514	1	1	1	1
"CWF19L2.Q2TBE0"	"CWF19L2.Q2TBE0"	0.265706431699463	0.160525238412366	0.858828022282086	-0.0434749088198156	0.99954579118775	0.187174656076983	1	1	1	1
"CXADR.P78310"	"CXADR.P78310"	0.0878261775051334	0.788823686627872	0.286909941611465	-0.258195521360264	0.451910512922119	0.0483780684156357	1	1	1	1
"CXXC1.Q9P0U4"	"CXXC1.Q9P0U4"	0.72788289846926	0.629921517280544	0.826545156047138	0.0582992290984684	0.386792377073462	0.354572156123403	1	1	1	1
"CYB561D2.O14569"	"CYB561D2.O14569"	0.0024339549481579	0.00173616856617237	0.000162601304446787	-1.01201706065858	0.975435698997222	0.00085086250115168	1	1	1	1
"CYB5A.P00167"	"CYB5A.P00167"	0.553528558868134	0.392115612978769	0.0006900436715315	0.365569014874898	0.403285093486057	0.211098509031269	1	1	1	1
"CYB5B.O43169"	"CYB5B.O43169"	0.364317341538904	0.418527574087574	0.507032438396415	0.0678491648930386	0.972889213232508	0.298669640220178	1	1	1	1
"CYB5R1.Q9UHQ9"	"CYB5R1.Q9UHQ9"	0.180541712550842	0.144127021991223	0.0663906929917228	-0.287582646295056	0.151241850383845	2.42518255453637e-05	1	1	1	0.136343763216035
"CYB5R3.P00387"	"CYB5R3.P00387"	0.0397900923161334	0.0193093189279464	0.0485742420319081	0.265230138465186	0.00834181039339912	0.000197695323132833	1	1	1	1
"CYC1.P08574"	"CYC1.P08574"	0.00826312563739295	0.0467074456428933	0.0019154347087717	-0.419375685022364	0.00288293993010284	0.0322354896496571	1	1	1	1
"CYCS.P99999"	"CYCS.P99999"	0.508155545816098	0.298499752424765	0.224331490529978	-0.175656864507576	0.00705338879306604	7.19505008524967e-06	1	1	1	0.0410333706361789
"CYFIP1.Q7L576"	"CYFIP1.Q7L576"	2.02950641852122e-09	1.00637163323395e-05	0.000170424160564438	0.295045183625599	2.61811670317115e-05	0.13854772263918	1.18604694947552e-05	0.055994517673137	0.153761993977242	1
"CYFIP2.Q96F07.2"	"CYFIP2.Q96F07.2"	0.0341027596310629	0.355261274083445	0.179883464126629	-0.269771100996864	0.323501803617678	0.35585789652078	1	1	1	1
"CYLD.Q9NQC7"	"CYLD.Q9NQC7"	0.987618077449779	0.82132629871512	0.106841189662357	-0.803568547074992	0.0306411046572501	0.340453700315434	1	1	1	1
"CYP4F2.P78329"	"CYP4F2.P78329"	0.131260662033632	0.104296120693781	3.84597910706673e-06	-1.99609401904117	0.00230318801521698	0.00108185878134669	1	1	1	1
"CYP51A1.Q16850"	"CYP51A1.Q16850"	0.0620404123983044	5.05728952607186e-05	0.000580213428220335	-0.546691953423917	0.0617094173858148	0.00351468451079945	1	0.273346498884184	1	1
"CYRIA.Q9H0Q0"	"CYRIA.Q9H0Q0"	0.443412913250056	0.128630519701624	0.875326338623993	-0.075177916762408	0.275666267774555	0.132878044417864	1	1	1	1
"CYRIB.Q9NUQ9"	"CYRIB.Q9NUQ9"	0.00893895544813675	0.0124538928190518	0.00217231763976188	-0.492613816532151	0.0960118911623278	0.26644715810383	1	1	1	1
"CZIB.Q9NWV4"	"CZIB.Q9NWV4"	0.000682075432266781	0.000375366914106916	0.00205366355990602	0.459971419768872	0.00322770161558367	7.72147904490392e-05	1	1	1	0.42514463621241
"DAB2.P98082"	"DAB2.P98082"	0.00318174493553884	0.000266505428958551	7.8417478030942e-05	0.666381127581891	0.925261489935846	0.236970260313357	1	1	1	1
"DAD1.P61803"	"DAD1.P61803"	0.516265890046795	0.295647657564503	0.441155345842341	-0.290506347430496	0.101076767845923	0.0125812352533802	1	1	1	1
"DAG1.Q14118"	"DAG1.Q14118"	1.24126144240023e-08	6.1308761085517e-09	2.30026153171535e-07	-0.794965259980047	0.751007884142801	0.069760730566594	7.22290033332693e-05	3.57552694650735e-05	1	1
"DAGLB.Q8NCG7"	"DAGLB.Q8NCG7"	0.00461303504823236	0.00875771795063471	0.0373269823384826	0.247712755259886	0.020840017312935	0.0389377508751191	1	1	1	1
"DAP3.P51398"	"DAP3.P51398"	0.217437095478787	0.759052931517837	0.879268529861004	-0.0214853471633019	0.0457599419303705	0.000710273023720264	1	1	1	1
"DAP.P51397"	"DAP.P51397"	0.0416473730978369	0.299412800735567	0.00020563048050575	-0.77181245552737	0.150975091946778	0.106305957822573	1	1	1	1
"DARS1.P14868"	"DARS1.P14868"	0.00370446968671234	0.00585862015148416	0.809584197070157	0.0197026600110636	0.0263023142396099	0.36836679807224	1	1	1	1
"DARS2.Q6PI48"	"DARS2.Q6PI48"	0.388217103057543	0.0254730624724905	0.914420404321699	-0.0121958591133064	0.11246910694802	2.52606971154702e-06	1	1	1	0.0145476354687993
"DAXX.Q9UER7"	"DAXX.Q9UER7"	0.242408397993805	0.00808368000893763	0.787020707944691	0.0413849297399955	0.673771505187322	0.0187574463377224	1	1	1	1
"DAZAP1.Q96EP5"	"DAZAP1.Q96EP5"	0.649869004964943	0.113365032324909	0.0294265984456432	0.183333795484442	0.599219318258894	0.0685691740637442	1	1	1	1
"DBI.P07108"	"DBI.P07108"	0.0452774923107104	0.172526098904302	0.109832018609179	0.207968347684737	0.00911774810692454	5.37566132979629e-08	1	1	1	0.000315497563445744
"DBN1.Q16643"	"DBN1.Q16643"	0.09006633659773	0.112936414119048	0.565809185720467	-0.0492293254984308	0.560749973984158	0.136929618172134	1	1	1	1
"DBNL.Q9UJU6"	"DBNL.Q9UJU6"	2.01339661762554e-07	1.50550359039213e-06	2.55160128745027e-06	0.462169781884135	0.854782106677777	1.13565307997438e-06	0.00116092448972289	0.00854523837906573	1	0.0065833809046115
"DBNL.Q9UJU6.2"	"DBNL.Q9UJU6.2"	0.091671448915607	0.10726866644718	0.13047305737868	0.445135564963801	0.201739853127197	0.41275543847177	1	1	1	1
"DBR1.Q9UK59"	"DBR1.Q9UK59"	0.161312027946032	0.0116388551596328	0.00700459633528213	0.384432358704154	0.0107413087369702	0.00260844120521747	1	1	1	1
"DBT.P11182"	"DBT.P11182"	4.16314666779366e-07	1.0032976203625e-12	7.28793731036234e-09	-0.948825990532653	0.313658457320486	0.803734432468377	0.00238798092864644	5.90841968631477e-09	1	1
"DCAF13.Q9NV06"	"DCAF13.Q9NV06"	0.0606325499340366	0.00533720172711762	0.00742407475511908	-0.292133414169782	0.241172397225333	7.88743620668299e-06	1	1	1	0.0449504989418864
"DCAF16.Q9NXF7"	"DCAF16.Q9NXF7"	0.0143949997423101	0.072134764650995	0.00846103473326963	0.7187253024043	0.169035192289729	0.0207757380759021	1	1	1	1
"DCAF1.Q9Y4B6"	"DCAF1.Q9Y4B6"	7.08093950643933e-14	1.39083375695365e-13	1.03087495297774e-13	-1.05763580312768	0.992514872774945	0.964700014539207	4.17492193299663e-10	8.19618332972784e-10	1	1
"DCAF6.Q58WW2"	"DCAF6.Q58WW2"	0.810484754611153	0.0941766431729973	0.200675682002612	0.279142967330392	0.0493072351791509	0.651031470218542	1	1	1	1
"DCAF7.P61962"	"DCAF7.P61962"	0.735041059537644	0.00534121519392306	0.0001505456333719	0.36732366555137	0.364854458886884	0.364887238199681	1	1	1	1
"DCAF8L2.P0C7V8"	"DCAF8L2.P0C7V8"	0.248046741480285	0.487527260212817	0.647383906339042	0.0787003594674441	0.00837193736633096	0.435211932353619	1	1	1	1
"DCAF8.Q5TAQ9"	"DCAF8.Q5TAQ9"	0.0938132973302872	0.391617279215906	0.199654159905816	0.315891664846671	0.016514782329126	0.143524329192211	1	1	1	1
"DCBLD1.Q8N8Z6"	"DCBLD1.Q8N8Z6"	0.244567143832572	0.42300781396098	0.00767012141948257	0.754341717984567	0.593452878769536	0.0561543991633039	1	1	1	1
"DCBLD2.Q96PD2"	"DCBLD2.Q96PD2"	0.61487509930262	0.491430284432768	0.00803246065136566	0.354918371412777	0.00527051045095561	0.731361084773826	1	1	1	1
"DCD.P81605"	"DCD.P81605"	0.463459179100241	0.959806594368739	0.422166337261381	-0.542356036702387	0.0628589087080583	0.992483805031536	1	1	1	1
"DCK.P27707"	"DCK.P27707"	0.350010361572013	0.00718271106260564	0.15524983229527	0.250116042827956	0.62201287964634	0.529555926081708	1	1	1	1
"DCP1A.Q9NPI6"	"DCP1A.Q9NPI6"	7.14672844497325e-07	0.0198516865801096	4.01324150478064e-05	-0.660688779798648	0.0670612597783263	0.489437165116864	0.00408221128776872	1	1	1
"DCP1B.Q8IZD4"	"DCP1B.Q8IZD4"	0.00135773387435934	0.000153573157298567	0.00160213361188717	0.346276690606954	0.262420539879045	0.00716799242465603	1	0.813169867895914	1	1
"DCPS.Q96C86"	"DCPS.Q96C86"	0.000108788859702479	1.25560224080138e-05	5.02898450368536e-07	0.777277354602774	0.00840538610627338	0.000174717215954584	0.579844622214214	0.0695877536874261	1	0.940328056267571
"DCTD.P32321"	"DCTD.P32321"	0.811010216596252	0.796073149185287	0.602588607199013	-0.122104687438127	0.315865417567421	0.0795070770465216	1	1	1	1
"DCTN1.Q14203"	"DCTN1.Q14203"	0.012423352503922	0.147371017430292	3.35085646798114e-06	-0.311492109047342	0.820413483439033	0.00735999452889674	1	1	1	1
"DCTN2.Q13561"	"DCTN2.Q13561"	0.902670177343121	0.948806410547727	0.0444260989735521	-0.30979753195707	0.191997749317475	0.061753113734773	1	1	1	1
"DCTN3.O75935"	"DCTN3.O75935"	0.771131639358753	0.342978623887935	0.291059219192977	-0.271938166544981	0.208981234861398	0.491450631644497	1	1	1	1
"DCTN4.Q9UJW0"	"DCTN4.Q9UJW0"	0.613455744484116	0.371555238627438	0.346358152819838	-0.265937514371093	0.338577132063556	0.18539643713799	1	1	1	1
"DCTN5.Q9BTE1"	"DCTN5.Q9BTE1"	0.303178457440114	0.0495740086010713	0.251349561534101	-0.353128898306511	0.206023308740396	0.0170023382151609	1	1	1	1
"DCTN6.O00399"	"DCTN6.O00399"	0.925304350126474	0.992096467671004	0.869529814053145	0.0197840910567374	0.147104140198553	0.000656987789165688	1	1	1	1
"DCTPP1.Q9H773"	"DCTPP1.Q9H773"	0.094091098578613	0.787617308082604	0.901219906227698	-0.01365778690202	0.206270516035325	0.0643855152232114	1	1	1	1
"DCUN1D1.Q96GG9"	"DCUN1D1.Q96GG9"	0.105665098610221	0.00792244647215512	0.843540918214271	0.0223736680937993	0.0466841616449824	0.214407558600035	1	1	1	1
"DCUN1D5.Q9BTE7"	"DCUN1D5.Q9BTE7"	0.0163684656325117	0.298555573984156	0.000704441930541211	-0.641362618513914	0.782500622084846	0.887132137778427	1	1	1	1
"DCXR.Q7Z4W1"	"DCXR.Q7Z4W1"	0.140012612390553	0.44723828274348	0.0337599326323695	-0.393732169087968	0.734085933344875	0.0980935925607899	1	1	1	1
"DDA1.Q9BW61"	"DDA1.Q9BW61"	0.0433205319620044	0.384332128495041	0.338991619193628	-0.51488554615031	0.921296107157834	0.254278393130882	1	1	1	1
"DDAH1.O94760"	"DDAH1.O94760"	2.82380933870668e-06	0.00118851634806478	3.15102476063805e-05	-0.5533588496978	0.0237109329764336	0.00317997464517495	0.0159601703823702	1	1	1
"DDAH2.O95865"	"DDAH2.O95865"	0.353561663396044	0.918739394755364	0.354062245115773	0.0983808670514228	0.0172448166183134	1.54059306025967e-05	1	1	1	0.087182161280095
"DDB1.Q16531"	"DDB1.Q16531"	0.35877938362851	0.29177403521617	0.355859956180795	-0.074348712426082	0.555855940984032	0.0488218342514173	1	1	1	1
"DDB2.Q92466"	"DDB2.Q92466"	9.70827173396277e-06	1.97782374984781e-05	5.74824271996592e-05	0.912891218262233	0.351523170708282	0.0115104486598839	0.0538517833082915	0.10878030624163	1	1
"DDHD1.Q8NEL9"	"DDHD1.Q8NEL9"	0.0609554560232181	0.388981193548861	0.526907100236468	0.0637600265126363	0.655772366037134	0.00443187670734933	1	1	1	1
"DDI2.Q5TDH0"	"DDI2.Q5TDH0"	0.169185127957384	0.000356828401970393	0.755439154278199	0.0309916137407305	0.850515290616529	0.994388838188881	1	1	1	1
"DDIT3.P35638"	"DDIT3.P35638"	0.876844495737388	0.572986257010994	1.61728392305746e-08	-2.55823943786264	0.138235445521408	0.242037182262751	1	1	1	1
"DDOST.P39656"	"DDOST.P39656"	0.389701016639369	0.805796218658783	0.708359127763196	-0.0964421275257345	0.012108242437634	0.0300690757596478	1	1	1	1
"DDR2.Q16832"	"DDR2.Q16832"	0.0337227118021087	0.00222210766629138	1.0432951842538e-09	-2.82893613201473	0.222735894138536	0.0213435747066541	1	1	1	1
"DDRGK1.Q96HY6"	"DDRGK1.Q96HY6"	0.541701593339934	0.551814451838067	3.0460271163736e-05	-0.64904079726413	0.000164740975158528	9.3846376447297e-05	1	1	0.960934108099694	0.514653528436977
"DDT.P30046"	"DDT.P30046"	0.0968529951973841	0.085874833854794	0.0117428518119147	-0.357300059685461	0.398169032105621	0.578934611964706	1	1	1	1
"DDX10.Q13206"	"DDX10.Q13206"	0.713871605221241	0.797205878686754	0.276413888535752	-0.0959599944471852	0.0606118532746758	1.17456848237135e-08	1	1	1	6.91468465572014e-05
"DDX11.Q96FC9"	"DDX11.Q96FC9"	0.0130626778329559	0.00099729504480043	1.01395931841458e-05	0.845474369470791	0.0462568956277233	0.74731053910817	1	1	1	1
"DDX17.Q92841"	"DDX17.Q92841"	0.134738236809454	0.315186475572766	0.202815978934606	-0.182307175680669	0.100482035030386	0.101837946182499	1	1	1	1
"DDX18.Q9NVP1"	"DDX18.Q9NVP1"	0.389845071393017	0.519613878835135	0.965138104926437	-0.00545438026134119	0.0632479450576454	5.23037588509315e-05	1	1	1	0.290181254104968
"DDX19A.Q9NUU7"	"DDX19A.Q9NUU7"	0.555930866974152	0.344739594518145	0.0130956327064045	-0.269028122566979	0.691953936942579	0.108306663362485	1	1	1	1
"DDX19B.Q9UMR2"	"DDX19B.Q9UMR2"	0.663438769348839	0.205748154416117	0.795044671557711	-0.0866774314507354	0.651582525377689	0.0841260026124014	1	1	1	1
"DDX1.Q92499"	"DDX1.Q92499"	0.000308871638666698	0.0178083517704492	0.000132214036837516	-0.324985940845879	0.847318144485686	0.700005689170955	1	1	1	1
"DDX20.Q9UHI6"	"DDX20.Q9UHI6"	0.0760503343130595	0.0382635030164187	0.176912211421428	-0.122531665847569	0.116113840365165	0.270067128840481	1	1	1	1
"DDX21.Q9NR30"	"DDX21.Q9NR30"	0.121086131880556	0.258647223886862	0.666983945496212	0.067254126648844	0.153786138017249	3.3891034333725e-05	1	1	1	0.18951866399419
"DDX23.Q9BUQ8"	"DDX23.Q9BUQ8"	0.540852718315477	0.113192010075266	0.0177615344150075	0.259372160200116	0.606894074225847	8.321549525459e-05	1	1	1	0.457435577414481
"DDX24.Q9GZR7"	"DDX24.Q9GZR7"	0.00443874561389009	0.400959841039813	0.0181706966075527	0.295717307790941	0.0307067189904869	1.03954020837674e-05	1	1	1	0.0591186516503849
"DDX27.Q96GQ7"	"DDX27.Q96GQ7"	0.077048702952734	0.0139584769055632	0.00901194159644237	-0.290222925162815	0.0424779983604278	7.42990719262475e-07	1	1	1	0.00432049103251129
"DDX28.Q9NUL7"	"DDX28.Q9NUL7"	0.223471827711574	0.416673232411308	0.452412147055785	0.235886440856007	0.658911636621503	0.00109313280824406	1	1	1	1
"DDX31.Q9H8H2"	"DDX31.Q9H8H2"	0.276854483579023	0.563915786926042	0.0283077783566014	0.495708980802884	0.746492171879107	0.00385075227662453	1	1	1	1
"DDX39A.O00148"	"DDX39A.O00148"	0.16840384213216	0.0590170223707523	0.775175569035157	0.0257093155131913	0.0452668239872588	0.0375471479603895	1	1	1	1
"DDX39B.Q13838"	"DDX39B.Q13838"	0.905357961201697	0.0408239901389638	0.0266799393007097	-0.241408128483738	0.249445009558356	0.87449081536949	1	1	1	1
"DDX3X.O00571"	"DDX3X.O00571"	7.4712971564285e-05	0.0106691167665522	0.00822017045001442	-0.159032467727874	0.751756196804546	0.454394760809217	0.401358083243339	1	1	1
"DDX41.Q9UJV9"	"DDX41.Q9UJV9"	0.644356072289807	0.300139074248741	0.244004995690736	0.19148137486434	0.933453366349465	0.994484367788797	1	1	1	1
"DDX42.Q86XP3"	"DDX42.Q86XP3"	0.981172748799284	0.343094320034471	0.624264571596542	-0.0297840876710317	0.121279461335651	0.391975831421394	1	1	1	1
"DDX43.Q9NXZ2"	"DDX43.Q9NXZ2"	0.0200873376709386	0.00487762399548421	0.190341677411038	0.254466610259534	0.193607617214799	0.677389252359399	1	1	1	1
"DDX46.Q7L014"	"DDX46.Q7L014"	0.961805730551989	0.000174994830330648	0.459656997773031	-0.0568187804158822	0.0243719485827483	1.1971985892257e-06	1	0.923797709315493	1	0.00693656862597368
"DDX47.Q9H0S4"	"DDX47.Q9H0S4"	0.243962616628764	0.0148328347243045	0.260211949165098	0.100306786996764	0.0157312785591399	0.000104662474253102	1	1	1	0.57260839663872
"DDX49.Q9Y6V7"	"DDX49.Q9Y6V7"	0.0249507960363823	0.00717079015361611	0.00245499903590658	-0.414109464369629	0.599822317846548	0.00195369336280148	1	1	1	1
"DDX50.Q9BQ39"	"DDX50.Q9BQ39"	0.197024606966041	0.0778900303460216	0.195621181616906	0.182861820466321	0.587885390935752	3.3139198508494e-05	1	1	1	0.185347537258007
"DDX51.Q8N8A6"	"DDX51.Q8N8A6"	0.99006480735831	0.815367939509409	0.0573805839311953	-0.190305712444819	0.00012261895457043	1.58723138633918e-06	1	1	0.716585170509591	0.00918054633858583
"DDX52.Q9Y2R4"	"DDX52.Q9Y2R4"	0.0518001387288012	0.000555871774449169	4.53234957109274e-05	-0.731939121211029	0.000632515479132185	0.000169559497112898	1	1	1	0.913247451450071
"DDX54.Q8TDD1"	"DDX54.Q8TDD1"	0.373687251715277	0.114435120481978	0.981735499313213	0.00338988013512594	0.368982696038987	0.00057005061218745	1	1	1	1
"DDX55.Q8NHQ9"	"DDX55.Q8NHQ9"	0.222276725396797	0.65359759231846	0.469880806395233	0.140009382970076	0.157899708142193	0.0185658844850317	1	1	1	1
"DDX56.Q9NY93"	"DDX56.Q9NY93"	0.191369395557154	0.701635428367481	0.702367077286918	0.0437476052433846	0.043690454476662	0.000713123915202976	1	1	1	1
"DDX58.O95786"	"DDX58.O95786"	0.727151823989128	0.000742940208228697	0.681696417162733	-0.118864141883365	0.0251288502569083	0.00913242181513739	1	1	1	1
"DDX5.P17844"	"DDX5.P17844"	0.535561098649682	0.953446418430766	0.602846786208406	-0.127430548321065	0.127190976557471	0.0576144457870165	1	1	1	1
"DDX6.P26196"	"DDX6.P26196"	2.79685975334407e-09	2.87454345072805e-06	7.68049885153389e-08	0.529873517339703	0.977126499532709	0.12555175134598	1.63280672400227e-05	0.0162555432138671	1	1
"DECR1.Q16698"	"DECR1.Q16698"	1.17920381003506e-05	9.61641523954994e-06	3.64160496797136e-05	-0.549283358175301	0.316830809254647	0.000662445225625215	0.0653043069997418	0.053544200053814	1	1
"DECR2.Q9NUI1"	"DECR2.Q9NUI1"	0.480101816923769	0.106099172566343	0.0328011864292335	0.431915423500011	0.00540437464185007	0.510347038034666	1	1	1	1
"DEGS1.O15121"	"DEGS1.O15121"	0.100199886606986	0.505611721644483	0.848639533331061	-0.0458563661642708	0.316300726238459	0.000182277043261886	1	1	1	0.98010366161916
"DEK.P35659"	"DEK.P35659"	0.0307749163228333	0.53769145958502	0.555229158675767	0.113419140567416	0.14210866743248	0.0370195410638453	1	1	1	1
"DENND10.Q8TCE6"	"DENND10.Q8TCE6"	0.350644262482267	0.0161620480138218	0.572644962003101	0.0870059885902974	0.0350992926453891	0.631340038526562	1	1	1	1
"DENND4A.Q7Z401"	"DENND4A.Q7Z401"	0.0840173975632639	0.165622184590196	0.0972131380225262	0.775528233424688	0.0252542797915676	0.517246099214472	1	1	1	1
"DENR.O43583"	"DENR.O43583"	0.249255841516773	0.260165479548556	0.246027090453125	0.288660970011604	0.336162905364268	0.0414289890952909	1	1	1	1
"DERA.Q9Y315"	"DERA.Q9Y315"	3.69339230751449e-06	0.0528515373480919	0.114805449443078	0.256601606404425	0.0120018816668551	0.0717062664369581	0.0207901052989991	1	1	1
"DERL1.Q9BUN8"	"DERL1.Q9BUN8"	0.74195026661624	0.0534766151720196	0.0893757097098564	-0.350472051776249	0.3012060214045	0.02186289060953	1	1	1	1
"DESI1.Q6ICB0"	"DESI1.Q6ICB0"	0.669678719262173	0.263626435446034	0.0507790629545567	-1.78036490586617	0.00757724752195219	0.709040673777514	1	1	1	1
"DESI2.Q9BSY9"	"DESI2.Q9BSY9"	0.611230799375918	0.535174237962938	0.0147848921082242	1.26355390483916	0.152972847099879	0.992337881281466	1	1	1	1
"DES.P17661"	"DES.P17661"	0.378823113918771	0.686625611434765	0.665683167290643	-0.284213335452869	0.0998194512750147	0.820347623535342	1	1	1	1
"DFFA.O00273"	"DFFA.O00273"	0.264591978386452	0.174585551724842	0.260679252272208	-0.190289105276001	0.31276293720743	0.0233378845619798	1	1	1	1
"DGAT1.O75907"	"DGAT1.O75907"	5.98263683733145e-07	3.3216267334423e-06	1.2432778040701e-09	-1.36756135980342	0.0276909178427017	1.95003431495675e-05	0.00342386306200479	0.0187505829102818	1	0.109981935363561
"DGCR2.P98153"	"DGCR2.P98153"	0.428357573711404	0.294544778001171	0.746347894340829	-0.0897560322808536	0.111837271521998	0.831174635783102	1	1	1	1
"DGCR8.Q8WYQ5"	"DGCR8.Q8WYQ5"	0.676139827950628	0.145923548811782	0.00405249851488487	0.607932581938823	0.195297169488464	0.805981049418329	1	1	1	1
"DGLUCY.Q7Z3D6"	"DGLUCY.Q7Z3D6"	0.0905341240845469	0.022454066610691	0.359068397960786	-0.16830551812036	0.266191189943892	0.581886399643025	1	1	1	1
"DGUOK.Q16854"	"DGUOK.Q16854"	0.503518485705414	0.980536202600918	0.352346223688124	0.249413378796521	0.662717180169494	0.0077242172411633	1	1	1	1
"DHCR24.Q15392"	"DHCR24.Q15392"	2.92798141480275e-06	4.51172847263075e-06	0.269590194645893	-0.16591016495293	0.0721449282772733	0.0397123659127658	0.0165430949936355	0.0253649374731301	1	1
"DHCR7.Q9UBM7"	"DHCR7.Q9UBM7"	0.00632868752561764	0.0157938599651233	0.000461415071024548	-1.37827748590058	0.0493448262228855	0.00217758623662582	1	1	1	1
"DHDDS.Q86SQ9"	"DHDDS.Q86SQ9"	0.497999947028304	0.725187307204099	0.775572923400353	-0.22647330351866	0.156752375398435	0.66372134493452	1	1	1	1
"DHFR.P00374"	"DHFR.P00374"	0.113514128865588	0.0288203939446476	0.263819042590144	0.242468823353227	0.14860213605532	0.116291557115971	1	1	1	1
"DHODH.Q02127"	"DHODH.Q02127"	5.19695099792666e-06	3.1783331288905e-05	1.63495701008936e-06	-0.921390044610325	0.00138128349658516	0.0101203025604886	0.0290821377843976	0.173441638843555	1	1
"DHPS.P49366"	"DHPS.P49366"	0.769393582958512	0.629465684048826	0.258340699640821	-0.185086601253518	0.642752509368028	0.000921642620659809	1	1	1	1
"DHRS11.Q6UWP2"	"DHRS11.Q6UWP2"	0.000203875811586898	3.81692415206338e-05	0.0248808075150973	-0.273636287182282	0.0551634067396617	0.855803723765377	1	0.207449827664644	1	1
"DHRS2.Q13268"	"DHRS2.Q13268"	8.87691969793379e-12	6.58907749222643e-12	1.14349259448408e-13	-1.14110624566301	0.00266007861383801	2.65502386461579e-05	5.22406724223403e-08	3.87701319642603e-08	1	0.149079589998177
"DHRS4.Q9BTZ2"	"DHRS4.Q9BTZ2"	0.365712648086171	0.233367037443683	0.0986793532113894	-0.250586772882727	0.925038453285694	0.397368541212723	1	1	1	1
"DHRS7.Q9Y394"	"DHRS7.Q9Y394"	5.34750938734481e-06	0.000315310736317291	2.29885100718919e-05	-1.189851106711	0.663070660335718	0.0308288229334991	0.0299139675128068	1	1	1
"DHX15.O43143"	"DHX15.O43143"	0.29443465986163	0.866420504406535	0.517655644379808	0.0697385768760044	0.160449319938705	0.00213747168533255	1	1	1	1
"DHX16.O60231"	"DHX16.O60231"	0.0361113457411652	0.00302862878130709	0.00482502810028079	0.369531759406095	0.938458204071951	0.238749487572185	1	1	1	1
"DHX29.Q7Z478"	"DHX29.Q7Z478"	0.00453440868163216	0.000758952913635593	0.153232637518129	0.105637575426452	0.854806351805391	0.0604306957794211	1	1	1	1
"DHX30.Q7L2E3"	"DHX30.Q7L2E3"	6.86966558513257e-06	4.22877706160668e-07	5.14272734076969e-07	-0.935894878989937	0.0451039820326067	0.000368775959268542	0.0382777766403587	0.00242689515565608	1	1
"DHX33.Q9H6R0"	"DHX33.Q9H6R0"	0.00337783461267237	0.0213150555296174	0.00946107716144655	-0.409785158879053	0.390571617697599	0.000995450446100703	1	1	1	1
"DHX36.Q9H2U1"	"DHX36.Q9H2U1"	0.0421723359902681	0.140757115194905	0.0153799154194422	0.189066889438619	0.351923234377328	0.00533635394974939	1	1	1	1
"DHX37.Q8IY37"	"DHX37.Q8IY37"	0.880459602757092	0.476276597258266	0.887535113391009	-0.0238547452956164	0.0534530600187683	0.00389110713941154	1	1	1	1
"DHX38.Q92620"	"DHX38.Q92620"	0.0972552307614225	0.829434603292206	0.000792056649605749	0.207279176095696	0.0422143221180893	0.0109948746954162	1	1	1	1
"DHX40.Q8IX18"	"DHX40.Q8IX18"	0.0565082057904427	0.0021814983562264	0.136324648711936	-0.217804337872282	0.00525459605195503	3.64788113626333e-05	1	1	1	0.203515288592131
"DHX57.Q6P158"	"DHX57.Q6P158"	0.199277444493619	0.06633671254851	0.0165964866189444	-0.341387063898722	0.713735773768321	0.412881146264054	1	1	1	1
"DHX8.Q14562"	"DHX8.Q14562"	0.902246496488131	0.0623576892526641	0.839711696098408	-0.0288225345877317	0.0117126920300372	1.74009178812647e-06	1	1	1	0.0100559904435829
"DHX9.Q08211"	"DHX9.Q08211"	0.280196178983252	0.182894499697472	0.431535148694908	0.0708091288896252	0.00764187374574488	3.2022185446536e-05	1	1	1	0.179196149758816
"DIABLO.Q9NR28"	"DIABLO.Q9NR28"	0.000135603418265339	0.193511194314853	0.066104329497826	-0.271804477995588	0.609009504237614	0.0703191079177233	0.719104927061093	1	1	1
"DIAPH1.O60610"	"DIAPH1.O60610"	0.0149822887965397	0.0153187006998127	0.00483359454738092	-0.203745610827549	0.733143390664536	0.284039734563008	1	1	1	1
"DIAPH2.O60879"	"DIAPH2.O60879"	0.241542755295296	0.224231367906049	0.240423283724468	0.239606042994091	0.159541861548941	0.0920613213433815	1	1	1	1
"DIAPH3.Q9NSV4"	"DIAPH3.Q9NSV4"	0.131871800231429	0.530385946614252	0.797476210809663	-0.23560458174443	0.22756727150193	0.595403093975796	1	1	1	1
"DIDO1.Q9BTC0"	"DIDO1.Q9BTC0"	0.235502553450674	0.982313264665255	0.753430564269008	-0.0237277859325566	0.0011222428502262	4.37602376102051e-07	1	1	1	0.00255516027405988
"DIMT1.Q9UNQ2"	"DIMT1.Q9UNQ2"	0.113259308249843	0.604906014939643	0.26496334711281	0.155561760026979	0.0370302352333094	0.00838415180465518	1	1	1	1
"DIP2B.Q9P265"	"DIP2B.Q9P265"	0.0412630156519712	0.000236802340380849	0.246530043244514	0.124357166044497	0.588459951238466	0.154101129860198	1	1	1	1
"DIS3L2.Q8IYB7"	"DIS3L2.Q8IYB7"	0.087728623046281	0.387094916602016	0.0867825257835224	0.169024280373436	0.101656617280532	0.0203967696181448	1	1	1	1
"DIS3.Q9Y2L1"	"DIS3.Q9Y2L1"	0.000377045916681299	5.10838432595824e-05	0.0258235653074101	0.147699905954281	0.563988261022017	0.152786468022035	1	0.276057088974783	1	1
"DKC1.O60832"	"DKC1.O60832"	0.933126180687633	0.623722401224967	0.261258872695721	-0.0875276972591821	0.142765787478861	8.97133353461637e-07	1	1	1	0.00520696198349134
"DLAT.P10515"	"DLAT.P10515"	0.32660711875346	0.0367490728376302	0.580811641711641	0.083830179837998	0.129207877617202	0.038374867103287	1	1	1	1
"DLD.P09622"	"DLD.P09622"	0.985564685743704	0.0323244121197074	0.241983533364915	-0.12781839007327	0.0225228721483248	0.307030022759642	1	1	1	1
"DLG1.Q12959"	"DLG1.Q12959"	0.937889714696045	0.00711888303068011	0.348729312148253	0.0448950767238588	0.88087496924571	0.00682800777215201	1	1	1	1
"DLG5.Q8TDM6"	"DLG5.Q8TDM6"	0.108974801120251	0.573615252619871	0.466900541478785	0.118994123655595	0.279766083160565	0.0918432235831752	1	1	1	1
"DLGAP5.Q15398"	"DLGAP5.Q15398"	4.57860439077352e-08	9.23292201443718e-08	7.88895732877402e-14	1.0977227819801	0.16984685261253	8.55091444089215e-05	0.000265375910489233	0.000533201246333747	1	0.469787239382615
"DLST.P36957"	"DLST.P36957"	0.219383606873829	0.0874472328352261	0.116880357017277	-0.28360088460575	0.271446384230649	0.332446717354576	1	1	1	1
"DMAC1.Q96GE9"	"DMAC1.Q96GE9"	0.143449508311027	0.000349953888367027	0.250148609814094	-0.6531067009332	0.219905516622435	0.10915778199675	1	1	1	1
"DMAC2L.Q99766"	"DMAC2L.Q99766"	0.15316994965395	1.48095540497051e-06	0.0780560416782888	-0.30638064012918	0.256625168563973	0.00218025121364091	1	0.00840738383401761	1	1
"DMAC2.Q9NW81"	"DMAC2.Q9NW81"	0.0707539765048115	0.435728962633404	0.0712690923995115	0.732997333045358	0.9461523518144	0.552677959587143	1	1	1	1
"DMAP1.Q9NPF5"	"DMAP1.Q9NPF5"	0.300689733499176	0.530569225097531	0.144001330706867	0.202325784924972	0.816624091217009	0.857087949638807	1	1	1	1
"DNAAF10.Q96MX6"	"DNAAF10.Q96MX6"	0.000178391124820956	0.049454542022618	0.189131522154087	-0.477505116823031	0.688589207934629	0.0815788488909969	0.939942836681619	1	1	1
"DNAAF2.Q9NVR5"	"DNAAF2.Q9NVR5"	0.994755210016751	0.645242742094317	0.522026135783747	-0.168294646977556	0.0419633404401199	0.737575971633695	1	1	1	1
"DNAAF5.Q86Y56"	"DNAAF5.Q86Y56"	0.0721102700595754	6.22065197957705e-05	0.591132202786137	0.0728311876852402	0.00539478092096773	0.449719856480751	1	0.334857696060633	1	1
"DNAJA1.P31689"	"DNAJA1.P31689"	0.59800057369598	0.322216347202843	7.94527889290116e-08	0.577016604383247	0.871583888409898	0.0354073113129796	1	1	1	1
"DNAJA2.O60884"	"DNAJA2.O60884"	0.580352981619235	0.0344733249066901	0.203711161352458	0.122697953077755	0.300033662588087	0.184567411947697	1	1	1	1
"DNAJA3.Q96EY1"	"DNAJA3.Q96EY1"	2.29034580242239e-05	0.000505528220302606	0.000179052776469942	-0.344246316936225	0.27831053242421	0.00570168788590677	0.125808694927062	1	1	1
"DNAJA4.Q8WW22"	"DNAJA4.Q8WW22"	0.835597292486913	0.0321392400521506	0.535194793835978	-0.395298032236258	0.910400910261243	0.148152165699777	1	1	1	1
"DNAJB11.Q9UBS4"	"DNAJB11.Q9UBS4"	0.000110392138766358	3.36260249613176e-05	2.11174551972203e-11	-1.04867193188406	0.506423885459219	0.659054256645106	0.588169315347158	0.183329088089104	1	1
"DNAJB12.Q9NXW2"	"DNAJB12.Q9NXW2"	5.66466472674784e-05	2.84823316726392e-05	1.82314247555815e-07	0.468909825199792	0.0288960581109059	0.0016473311151339	0.306005188538918	0.155769871917664	1	1
"DNAJB14.Q8TBM8"	"DNAJB14.Q8TBM8"	0.360571686268158	0.52737563222238	0.534865968653577	0.115206341884142	0.0367254735323315	0.247838200363569	1	1	1	1
"DNAJB1.P25685"	"DNAJB1.P25685"	0.873448335778619	0.738539587783252	0.264230103045379	-0.272751054959558	0.267330300046694	0.56401558676326	1	1	1	1
"DNAJB2.P25686"	"DNAJB2.P25686"	0.0520007880399187	0.0318807039300842	0.447323148427216	0.0841647358216632	0.0971487356761997	0.633147460843629	1	1	1	1
"DNAJB4.Q9UDY4"	"DNAJB4.Q9UDY4"	0.105992721281749	0.10571847146343	0.226864158073432	-0.516580183978669	0.442841074153937	0.633604872742039	1	1	1	1
"DNAJB6.O75190"	"DNAJB6.O75190"	0.169627916979593	0.385043265744662	0.873712970430699	-0.130745688514071	0.244492453763164	0.381570257788183	1	1	1	1
"DNAJB9.Q9UBS3"	"DNAJB9.Q9UBS3"	0.141264757591156	0.478623545297051	0.00014846277274141	-1.82133185628044	0.442588029395827	0.576968406953011	1	1	1	1
"DNAJC10.Q8IXB1"	"DNAJC10.Q8IXB1"	0.0103087120803303	0.00161470735549728	0.779481649223042	0.0255176789371382	0.674099335665731	1.17764003822951e-05	1	1	1	0.0668664013706713
"DNAJC11.Q9NVH1"	"DNAJC11.Q9NVH1"	0.108169798309343	0.226696372296829	0.480644073185419	-0.142431530267915	0.0326595116252795	0.00126891644686535	1	1	1	1
"DNAJC13.O75165"	"DNAJC13.O75165"	0.660235014801879	0.00718155847892077	0.516935194192608	-0.0636638064304545	0.200968958697347	0.185938678524934	1	1	1	1
"DNAJC15.Q9Y5T4"	"DNAJC15.Q9Y5T4"	0.738140764387669	0.87281047484062	0.60012053231571	-0.176803425773436	0.954575030394805	0.557824672988416	1	1	1	1
"DNAJC17.Q9NVM6"	"DNAJC17.Q9NVM6"	0.000463889311411918	0.0866516142980265	0.000353260647621625	-0.733846815912318	0.688571171798449	0.646363274892677	1	1	1	1
"DNAJC19.Q96DA6"	"DNAJC19.Q96DA6"	0.0822949282102766	0.636617307587641	0.768582686844581	-0.0246938400559209	0.407520320502306	0.00024552765794827	1	1	1	1
"DNAJC1.Q96KC8"	"DNAJC1.Q96KC8"	1.11506025482199e-07	0.000124172827087397	1.0142299575748e-07	-0.616094181237622	0.093709969644473	0.000370551943789419	0.000644504827287108	0.660723612932038	1	1
"DNAJC21.Q5F1R6"	"DNAJC21.Q5F1R6"	0.959700338942247	0.00329777405222575	0.0931371952883327	-0.224080454002283	0.728342539244346	0.430257130544124	1	1	1	1
"DNAJC25.Q9H1X3.3"	"DNAJC25.Q9H1X3.3"	0.0380553443177032	0.0165119143648664	0.0792904738720278	0.577456799175532	0.0781929626172366	0.903203203569901	1	1	1	1
"DNAJC2.Q99543"	"DNAJC2.Q99543"	0.0223048464461283	4.79057999711881e-06	0.00068040603309767	0.309595863640749	0.588735468707183	0.00869159858869989	1	0.0269182690038106	1	1
"DNAJC3.Q13217"	"DNAJC3.Q13217"	0.506319308464204	0.0356921183661625	4.15430422823768e-11	-1.11551620820886	0.00102276834594192	0.0481311236945911	1	1	1	1
"DNAJC5.Q9H3Z4"	"DNAJC5.Q9H3Z4"	0.530383892541368	0.647622386710354	0.790823952674861	0.133551256049641	0.666316429578157	0.531888617524215	1	1	1	1
"DNAJC7.Q99615"	"DNAJC7.Q99615"	0.685591437638582	0.520680168585814	0.281621224973577	-0.198704564249052	0.208946931484905	0.74029021637052	1	1	1	1
"DNAJC8.O75937"	"DNAJC8.O75937"	0.877733992928564	0.654700594632512	0.500697425772956	0.109353422662741	0.737082189119383	0.0278554043867436	1	1	1	1
"DNAJC9.Q8WXX5"	"DNAJC9.Q8WXX5"	0.608440233564564	0.600881703995009	0.188505574539314	-0.380499667633689	0.34351164687125	0.847932981221237	1	1	1	1
"DNAL1.Q4LDG9"	"DNAL1.Q4LDG9"	0.692669471810049	0.772824862742905	0.324953937850919	-0.594051096571204	0.0227151907283344	0.89034199500857	1	1	1	1
"DNASE2.O00115"	"DNASE2.O00115"	0.862972792767097	0.689898101001963	0.595137656005157	-0.218078386559649	0.452934335637789	0.217406460389977	1	1	1	1
"DNLZ.Q5SXM8"	"DNLZ.Q5SXM8"	0.0825710388043558	0.167131449176154	0.860517506284549	-0.033463753358071	0.798566201093493	0.0360435261622477	1	1	1	1
"DNM1L.O00429"	"DNM1L.O00429"	5.86091331324449e-06	4.47965665033046e-05	0.0194245166038705	0.158090356808908	0.0252205477041037	0.000109086411350225	0.0327332008544704	0.242797390447911	1	0.595939065206279
"DNM1L.O00429.2"	"DNM1L.O00429.2"	0.243918530459936	0.00263325128689749	0.461851938925304	-0.371415253297741	0.0160346609414523	0.0932525216863163	1	1	1	1
"DNM1.Q05193"	"DNM1.Q05193"	0.000546218834750565	0.00263495681978915	0.00908885139729729	0.319056257682121	0.945163629795649	0.012606801343194	1	1	1	1
"DNM2.P50570"	"DNM2.P50570"	5.25172537269731e-05	0.103681880102013	0.0263456611578139	0.287023676956567	0.927629209413708	0.00222680512715793	0.284065825409198	1	1	1
"DNMBP.Q6XZF7"	"DNMBP.Q6XZF7"	0.185261879397725	0.278439461370173	0.137288558307419	-0.312562522417445	0.891781030185854	0.311269468664783	1	1	1	1
"DNMT1.P26358"	"DNMT1.P26358"	2.02702558634721e-07	0.000304295005672155	6.31787230238985e-10	0.58879774790943	0.0811589322412605	0.286915620945632	0.00116837754797053	1	1	1
"DNMT3A.Q9Y6K1"	"DNMT3A.Q9Y6K1"	0.259519306092598	0.605849328550466	0.127883732075238	-0.637909966243842	0.769570986707443	0.0095221271201271	1	1	1	1
"DNPEP.Q9ULA0"	"DNPEP.Q9ULA0"	0.00628903000271483	0.0373026031502273	0.740167167016863	0.0387614744840437	0.974361577866383	0.484845896637224	1	1	1	1
"DNPH1.O43598"	"DNPH1.O43598"	0.377368395849716	1.34450348984144e-06	0.176251822104007	0.321897422917403	0.00021356000849255	8.93670402160876e-10	1	0.00764215783625875	1	5.27354904315133e-06
"DNTTIP1.Q9H147"	"DNTTIP1.Q9H147"	0.302192039209446	0.844170197849829	0.0887633802311468	-0.982885446437648	0.105311079334584	0.217926505218981	1	1	1	1
"DNTTIP2.Q5QJE6"	"DNTTIP2.Q5QJE6"	1.48461498576279e-10	1.34862010947601e-10	2.0556894175351e-09	-0.613866099459348	0.256311565833483	0.0394169018910235	8.72062842637063e-07	7.91640004262418e-07	1	1
"DOCK10.Q96BY6"	"DOCK10.Q96BY6"	0.0776920467472442	0.238964767358371	0.0158971000294294	-0.874506898801078	0.881995599438831	0.394556231122681	1	1	1	1
"DOCK5.Q9H7D0"	"DOCK5.Q9H7D0"	0.530456907919429	0.479194980200116	0.303345275796715	0.347632295582831	0.493025267213312	0.947444526697104	1	1	1	1
"DOCK6.Q96HP0"	"DOCK6.Q96HP0"	0.745246992031825	0.0259581121757856	0.21251170249875	0.257844734591782	0.0845096488336963	0.00377839994081646	1	1	1	1
"DOCK7.Q96N67"	"DOCK7.Q96N67"	3.76376578097463e-06	0.00208698563176208	7.34271333920341e-07	-0.62448029055076	0.456557626557373	0.00148961497066141	0.0211749462837632	1	1	1
"DOHH.Q9BU89"	"DOHH.Q9BU89"	0.00268414866655971	0.00239832605444733	2.38980390636645e-06	0.788560533932816	0.00998975589289771	0.000190647378355684	1	1	1	1
"DOK1.Q99704"	"DOK1.Q99704"	0.183426416476941	0.832917766568001	0.0572530681318885	-0.649319244234159	0.485102152652122	0.140293307090741	1	1	1	1
"DPAGT1.Q9H3H5"	"DPAGT1.Q9H3H5"	0.00675001391927511	0.00334300820202849	0.16314254477437	0.41742132187118	0.429545598768202	0.00105563543702862	1	1	1	1
"DPF2.Q92785"	"DPF2.Q92785"	0.0506337202276648	0.00258630845813936	0.0403218567152405	-0.199168103971162	0.11856734603613	0.304670873669441	1	1	1	1
"DPH2.Q9BQC3"	"DPH2.Q9BQC3"	0.450497917517529	0.922557807869136	0.323067881649867	-0.20141840964796	0.95585945020372	0.00849567611226488	1	1	1	1
"DPH5.Q9H2P9"	"DPH5.Q9H2P9"	0.00919069328939497	0.0116836988079154	0.0214567799401184	-0.355745151809047	0.690555219821093	0.0476398673098393	1	1	1	1
"DPM1.O60762"	"DPM1.O60762"	0.195987977201144	0.080099993911693	0.0509849732923771	-0.29841738822052	0.00884230857704164	8.63098964816611e-05	1	1	1	0.474100261373764
"DPM3.Q9P2X0"	"DPM3.Q9P2X0"	2.26739834005957e-05	0.195691054936683	5.66965685089944e-05	-0.573023860533584	0.84655102263084	0.00252791245600567	0.124593538786273	1	1	1
"DPP3.Q9NY33"	"DPP3.Q9NY33"	0.00332091014284044	5.26721876842434e-06	0.0108890827375495	0.305676038837333	0.757033875922401	0.0333294197335494	1	0.0295438300720921	1	1
"DPP7.Q9UHL4"	"DPP7.Q9UHL4"	0.723336880582257	0.435505094746212	0.0177884644165661	0.798912988224162	0.347675127098576	0.752200133271002	1	1	1	1
"DPP9.Q86TI2"	"DPP9.Q86TI2"	0.51548291205985	1.61965521493104e-05	0.572448431389095	0.0960879032006704	0.805626201579128	0.000498446069013481	1	0.0893239851034468	1	1
"DPY19L1.Q2PZI1"	"DPY19L1.Q2PZI1"	0.5988859795222	0.000984424662461681	0.3760939958526	0.158634457286328	0.603239453947348	0.352713627682699	1	1	1	1
"DPY30.Q9C005"	"DPY30.Q9C005"	0.308545715188341	0.809538469454792	0.44723092565761	-0.156918064857912	0.100724354011273	0.26100684427389	1	1	1	1
"DPYSL2.Q16555"	"DPYSL2.Q16555"	0.0449302003790961	0.793956381839844	0.457252583967618	-0.083562130234145	0.267371900913544	0.0589252305259764	1	1	1	1
"DPYSL3.Q14195.2"	"DPYSL3.Q14195.2"	0.00957591124976463	0.599950573099245	0.0102375426713567	-0.256645094956789	0.265429041612081	0.0271303104000683	1	1	1	1
"DPYSL4.O14531"	"DPYSL4.O14531"	0.263097026568518	0.404958852281586	0.8600156981239	0.0300473072383006	0.0603459110969396	0.17221566102425	1	1	1	1
"DR1.Q01658"	"DR1.Q01658"	0.122049612011834	0.117924306174543	0.207363371005222	-0.472575561492927	0.333460072527355	0.0261876390639906	1	1	1	1
"DRAP1.Q14919"	"DRAP1.Q14919"	0.281246476463147	0.746508172715049	0.375324274074356	0.154798986335718	0.00132992972319395	0.0255437173875492	1	1	1	1
"DRG1.Q9Y295"	"DRG1.Q9Y295"	0.0265949237194342	0.424283392996526	0.0243485418796093	0.310933081110362	0.704679443575262	0.129561690316318	1	1	1	1
"DRG2.P55039"	"DRG2.P55039"	0.0165628783335508	0.152295892773484	0.451397170127092	-0.0979607268576849	0.063608622477995	0.0358152609682856	1	1	1	1
"DROSHA.Q9NRR4"	"DROSHA.Q9NRR4"	0.607812650884784	0.00943332502457637	0.77414081470795	0.0634043431862321	0.494491859175091	0.000910413409262534	1	1	1	1
"DSC1.Q08554"	"DSC1.Q08554"	0.985870640733563	0.146149021579537	0.0335951073793469	1.75010192000389	0.510023158412402	0.846422523254637	1	1	1	1
"DSCC1.Q9BVC3"	"DSCC1.Q9BVC3"	0.00103185134701009	0.940123513780014	0.01750197108767	-0.759156631342732	0.677729421135909	0.220701560173513	1	1	1	1
"DSG1.Q02413"	"DSG1.Q02413"	0.591233717895023	0.482984513453853	0.791917225512951	0.298036041528743	0.221955205925645	0.912789819150301	1	1	1	1
"DSG2.Q14126"	"DSG2.Q14126"	0.199875083486409	0.00385731167471295	0.709956144082801	-0.0274176457401403	0.530904315063908	0.000799618286129233	1	1	1	1
"DSN1.Q9H410"	"DSN1.Q9H410"	0.0293019483447872	0.699954269856504	0.313535294600405	0.141120374168953	0.503670456751122	0.236268392572296	1	1	1	1
"DSTN.P60981"	"DSTN.P60981"	0.0934362361279502	0.38136124051224	0.0472146724208839	0.308646189895173	0.733777917506655	0.00300671937807522	1	1	1	1
"DST.Q03001"	"DST.Q03001"	0.0206308112960661	0.0145085317827046	0.000370194192385814	0.260453300539455	0.511934948965471	0.0126809044153974	1	1	1	1
"DTD1.Q8TEA8"	"DTD1.Q8TEA8"	0.294705318772416	0.0205918044968011	0.196042303346015	-0.120350784219788	0.650995767463563	0.658161164593432	1	1	1	1
"DTL.Q9NZJ0"	"DTL.Q9NZJ0"	0.189003382046768	5.15899159695664e-05	0.0480818237263684	0.315744615649016	0.00925029537915154	0.00051793473832115	1	0.278740315983567	1	1
"DTNBP1.Q96EV8"	"DTNBP1.Q96EV8"	0.27871284135276	0.130728096546779	0.187459704361631	0.341483391478483	0.00544007255691443	0.291060260467744	1	1	1	1
"DTX2.Q86UW9"	"DTX2.Q86UW9"	0.524659643092351	2.39763174991085e-08	0.646113281796382	0.161275694015943	0.189224227537235	9.9150352487352e-08	1	0.000139182523082325	1	0.000581318516633345
"DTX3L.Q8TDB6"	"DTX3L.Q8TDB6"	0.0562705069457386	0.00922687024869653	0.0278199333875602	0.253420707906435	0.77327552511382	0.439144810787324	1	1	1	1
"DTYMK.P23919"	"DTYMK.P23919"	0.56765115920219	0.0150278277432154	0.0787089655855463	-0.232688174140645	0.188098901441973	0.00844893985365616	1	1	1	1
"DUS2.Q9NX74"	"DUS2.Q9NX74"	0.861999926212223	0.228049148757576	0.917889004555616	0.0122799128624752	0.545317138957691	0.629075418009049	1	1	1	1
"DUS3L.Q96G46"	"DUS3L.Q96G46"	0.112933671759099	0.83451195798361	0.776791793305829	-0.0723750123918237	0.383901177628144	0.592732836267045	1	1	1	1
"DUSP12.Q9UNI6"	"DUSP12.Q9UNI6"	0.202697767681159	0.0839435485766597	0.080849040081508	-0.172702599180917	0.949669783557871	0.000219774682483199	1	1	1	1
"DUSP3.P51452"	"DUSP3.P51452"	0.680936037001933	0.185768540412287	0.950252948719836	0.00709409181644801	0.705775173547171	0.00628807420731244	1	1	1	1
"DUT.P33316"	"DUT.P33316"	9.76905957974856e-09	5.21063420892698e-08	1.53895795690768e-07	-0.882310422235777	0.833728800192831	0.184829361153212	5.68656958137164e-05	0.000301591508012693	1	1
"DUT.P33316.2"	"DUT.P33316.2"	0.158790121549685	0.314692520752579	0.353670049505478	0.144788033329016	0.90543554097341	0.00544742665900115	1	1	1	1
"DYM.Q7RTS9"	"DYM.Q7RTS9"	0.00578819814148445	0.0353836216974773	0.841293814328757	-0.0659668059094433	0.000505486684305172	0.105125932766425	1	1	1	1
"DYNC1H1.Q14204"	"DYNC1H1.Q14204"	4.05234366409532e-11	3.09534970502267e-11	2.28124364835267e-07	0.395840355118578	0.0430252258638678	0.12281885758771	2.38277807448805e-07	1.82037516152383e-07	1	1
"DYNC1I2.Q13409"	"DYNC1I2.Q13409"	0.000258604216477089	9.04815833109657e-08	3.37380727320206e-05	0.447044979830695	0.00429151071998435	0.296035194445006	1	0.000522621625204138	1	1
"DYNC1LI1.Q9Y6G9"	"DYNC1LI1.Q9Y6G9"	0.00955504566905722	0.00484896951999896	9.49629182998039e-09	-0.404643849713541	0.00357475179145585	0.00453914559238679	1	1	1	1
"DYNC1LI2.O43237"	"DYNC1LI2.O43237"	1.79763626142374e-06	6.60203281062226e-05	3.2927630014967e-05	0.595970945048656	0.538638219490635	0.030143944172747	0.010194395238534	0.355123344883372	1	1
"DYNLL1.P63167"	"DYNLL1.P63167"	0.893291302624965	0.871384526853286	0.0908641693639093	0.238886587588348	0.077844899939891	0.521170696127187	1	1	1	1
"DYNLRB1.Q9NP97"	"DYNLRB1.Q9NP97"	0.00329176871369124	0.000376547274957403	0.00593685540683226	0.328203955543139	0.500951997417418	0.000333667732384169	1	1	1	1
"DYNLT1.P63172"	"DYNLT1.P63172"	0.000370664532909437	2.52902130727144e-05	0.000701456926107833	0.40012706690438	0.215022775985207	0.163085028838836	1	0.138666238277693	1	1
"DYNLT3.P51808"	"DYNLT3.P51808"	0.13550327302969	0.263320263690786	0.121463292309328	0.428389353390255	0.0820347615592667	0.0498423227270416	1	1	1	1
"DYSF.O75923"	"DYSF.O75923"	0.435248933197249	0.0734392494917628	0.831737672594163	0.0575305385042291	0.884603927540069	0.272880448719805	1	1	1	1
"DZANK1.Q9NVP4.4"	"DZANK1.Q9NVP4.4"	0.36262193648587	0.336009102647994	0.465631656321189	-0.467065514695014	0.812771799420682	0.476694344241061	1	1	1	1
"EAF1.Q96JC9"	"EAF1.Q96JC9"	0.00232175199802005	0.0199029758740351	0.41898381586253	-0.235621330097264	0.00117614729441682	0.00769475752058393	1	1	1	1
"EARS2.Q5JPH6"	"EARS2.Q5JPH6"	0.0171657876221698	0.0051764240431329	0.0126497646634729	-0.296945919305701	0.944487763370038	0.0282569713613141	1	1	1	1
"EBF2.Q9HAK2"	"EBF2.Q9HAK2"	0.137294198039011	0.704793779493995	0.92409385396623	0.0393027865345617	0.999213970011087	0.836830701514335	1	1	1	1
"EBNA1BP2.Q99848"	"EBNA1BP2.Q99848"	0.0212706743123503	0.125435377465122	0.0184855824456829	0.538147647364671	0.673456382123601	0.0246943294620795	1	1	1	1
"EBP.Q15125"	"EBP.Q15125"	0.400753321226071	0.0254685131675632	0.583548830893461	-0.110106752648782	0.925396831810908	0.678899816573719	1	1	1	1
"ECD.O95905"	"ECD.O95905"	0.0403549832702096	0.991025793423517	0.00311873661944056	0.412301992101016	0.45167294304466	0.00244700902353894	1	1	1	1
"ECE1.P42892"	"ECE1.P42892"	0.267443788217327	0.000762937219533078	3.82386681516278e-13	1.07587581842145	0.790629930439169	0.032423459869699	1	1	1	1
"ECH1.Q13011"	"ECH1.Q13011"	0.255791508052454	6.52195758001154e-05	0.759097986444631	0.0465286691833376	0.109616045142495	1.08924929444305e-05	1	0.350946537380421	1	0.0619129298961431
"ECHDC1.Q9NTX5"	"ECHDC1.Q9NTX5"	3.10278403309471e-06	0.011268670609852	5.37938810266365e-07	-0.645038100146278	0.646125909952429	0.0374039479652622	0.0175183186508528	1	1	1
"ECHS1.P30084"	"ECHS1.P30084"	0.0128211983512125	0.0516878385303508	0.00185006781948791	-0.54235926108702	0.0147118937285325	0.00335403923979117	1	1	1	1
"ECI1.P42126"	"ECI1.P42126"	0.211576880494856	0.0603854156310046	0.514266650471058	0.179748071080719	0.185624095610745	0.118264574831686	1	1	1	1
"ECI2.O75521"	"ECI2.O75521"	0.652308643142996	0.00236281131665919	0.00632548272653423	0.309412859453993	0.637422663791398	0.00190442313570496	1	1	1	1
"ECM1.Q16610"	"ECM1.Q16610"	0.45765840456285	0.00119904883294874	0.327002377804229	0.194600815637885	0.608549308263838	0.0471530587197767	1	1	1	1
"ECPAS.Q5VYK3"	"ECPAS.Q5VYK3"	1.35803784491124e-08	3.18870578424482e-11	0.0732264873435784	0.111180635319272	0.00204983765727065	0.423395116786783	7.89970614384869e-05	1.87495900113596e-07	1	1
"ECSIT.Q9BQ95"	"ECSIT.Q9BQ95"	0.00410893100478033	0.076343857371353	0.495489885235345	-0.137071247511616	0.0732988312235881	0.215210587389818	1	1	1	1
"ECT2.Q9H8V3"	"ECT2.Q9H8V3"	0.0204475007127304	0.315864503677066	0.0154955168645987	0.548965591824266	0.0258935726514956	0.411340916759205	1	1	1	1
"EDC3.Q96F86"	"EDC3.Q96F86"	0.873647754991632	0.807102629797208	0.00371035361630681	-0.295935997288222	0.91683916312202	0.592297066879778	1	1	1	1
"EDC4.Q6P2E9"	"EDC4.Q6P2E9"	0.142165440797542	0.220572661436615	0.780198459296161	-0.0161817637164887	0.955454088456953	0.883217519507822	1	1	1	1
"EDEM3.Q9BZQ6"	"EDEM3.Q9BZQ6"	0.0274906717100929	0.00318584935844813	2.73678137591205e-06	0.674597758027559	0.778669891256027	0.156531022983986	1	1	1	1
"EDF1.O60869"	"EDF1.O60869"	0.147448409180154	0.0074037312954807	0.0182540648960393	0.272195751654277	0.0120899120859554	0.00202456816001639	1	1	1	1
"EDRF1.Q3B7T1"	"EDRF1.Q3B7T1"	0.794953928203882	0.818941439471294	0.185551539116867	-0.509440218532494	0.0181199502047323	0.589065022120231	1	1	1	1
"EEA1.Q15075"	"EEA1.Q15075"	0.755425816236353	0.162606475983805	0.933825567673261	0.00670467160335869	0.18622470578678	0.716889359632706	1	1	1	1
"EED.O75530"	"EED.O75530"	0.330429815902127	0.0285648986389902	0.224204660995173	-0.108444179037096	0.524786639958778	0.00981880821661632	1	1	1	1
"EEF1A1.P68104"	"EEF1A1.P68104"	0.0314878853827647	0.472829490286171	0.0701654486505526	0.163553887849057	0.632358782795158	0.000561401159307777	1	1	1	1
"EEF1A2.Q05639"	"EEF1A2.Q05639"	0.00011944776906125	0.00066102512781286	0.0245084182328893	0.402954552505496	0.00735529929471901	0.307920751498373	0.635581579174913	1	1	1
"EEF1B2.P24534"	"EEF1B2.P24534"	0.75032003321725	0.497889337835865	0.839346373446292	-0.0422415852080255	0.700439067104755	0.254347095269826	1	1	1	1
"EEF1D.P29692"	"EEF1D.P29692"	2.78388392356099e-05	7.5551731650076e-06	0.000199407229623598	-0.2320281231628	0.525860133030735	1.41977404591866e-06	0.152501161332671	0.0422031972997324	1	0.00822049172586907
"EEF1D.P29692.3"	"EEF1D.P29692.3"	8.74356548100524e-07	8.84015316235981e-05	0.0570239826810845	-0.300043058036945	0.0296143244979899	0.000790458261741695	0.00498732975036539	0.473124997249497	1	1
"EEF1E1.O43324"	"EEF1E1.O43324"	0.780323081219303	0.0525252108382715	0.933539342968681	0.0176215477728862	0.862583642420229	0.902259284416664	1	1	1	1
"EEF1G.P26641"	"EEF1G.P26641"	0.189088733082708	0.0878531440625591	0.696791057528724	0.0577884721935563	0.0782668147144915	0.526214212265397	1	1	1	1
"EEF2KMT.Q96G04"	"EEF2KMT.Q96G04"	0.625877221401437	0.00634487834522042	0.000137961477193346	0.723032066478443	0.035745230621879	0.000697051376478296	1	1	1	1
"EEF2K.O00418"	"EEF2K.O00418"	0.00718930671892992	0.026057616552115	2.85913378609396e-05	-2.16738080339048	0.718508292729522	0.0300318600683043	1	1	1	1
"EEF2.P13639"	"EEF2.P13639"	0.145208195453078	0.402409806637948	0.694505601524071	-0.0372261444305921	0.032427303530894	0.0311753811458816	1	1	1	1
"EEFSEC.P57772"	"EEFSEC.P57772"	0.00258882913401863	3.70065748107475e-05	0.0525417214742251	0.266649780180116	0.336997507218942	0.0496205499693118	1	0.201278760395656	1	1
"EFHD2.Q96C19"	"EFHD2.Q96C19"	0.65753035602076	0.329345967325497	0.540431824663827	-0.173752070063832	0.328143425118902	0.503388027112916	1	1	1	1
"EFL1.Q7Z2Z2"	"EFL1.Q7Z2Z2"	0.682760796120841	0.0476098540095399	0.0465078722522811	-0.215368608169479	0.0256010174920837	0.0357780088489386	1	1	1	1
"EFR3A.Q14156"	"EFR3A.Q14156"	0.150291115103873	0.683705637483279	0.046704712574336	0.567364305384581	0.00336489129866194	0.140974182019351	1	1	1	1
"EFTUD2.Q15029"	"EFTUD2.Q15029"	0.727486979285707	0.831629403265526	0.297774688348117	-0.0607343089572415	0.000219939093047645	0.0877717556269663	1	1	1	1
"EGFLAM.Q63HQ2"	"EGFLAM.Q63HQ2"	0.126143252812263	0.0980625125583472	0.0526474261884957	-1.00207844103878	0.514072286571918	0.843758725949316	1	1	1	1
"EGFR.P00533"	"EGFR.P00533"	0.04514129465541	0.011734898963333	0.10855926546381	-0.325534753802501	0.058948269984869	0.417157582899719	1	1	1	1
"EGLN1.Q9GZT9"	"EGLN1.Q9GZT9"	0.665119343618292	0.131928329737583	0.0288940192285029	0.575233435757054	0.521852504847873	0.669499343757008	1	1	1	1
"EGR1.P18146"	"EGR1.P18146"	0.25491806304459	0.0411683458821237	0.257437769930221	0.634649034081311	0.934445347162236	0.0606827818828634	1	1	1	1
"EHBP1L1.Q8N3D4"	"EHBP1L1.Q8N3D4"	0.167426549395076	0.00272647971580171	5.5533644998882e-05	0.462635114054728	0.521046916457902	0.0812381786260965	1	1	1	1
"EHBP1.Q8NDI1"	"EHBP1.Q8NDI1"	0.199031129032346	0.00155413365298716	0.398308711962308	0.150495381655008	0.112960696371718	0.597562654050002	1	1	1	1
"EHD1.Q9H4M9"	"EHD1.Q9H4M9"	0.00277162122852973	0.00176503906083013	0.432686682920118	0.0518516171881534	0.463141874874346	0.00135715285589519	1	1	1	1
"EHD2.Q9NZN4"	"EHD2.Q9NZN4"	0.000618413534380562	1.14048415250627e-06	2.00083641708146e-07	1.37410108440139	0.245096343722301	0.490848984600969	1	0.00649391676437067	1	1
"EHD3.Q9NZN3"	"EHD3.Q9NZN3"	0.516215134678562	0.129254782623816	0.885653427905029	-0.017148207848245	0.842460095464531	0.0791764903256087	1	1	1	1
"EHD4.Q9H223"	"EHD4.Q9H223"	0.000172525192119309	0.000500388353386175	7.20042753788364e-08	-0.976413940994696	0.419147304538471	0.356463483738122	0.909897863237237	1	1	1
"EHHADH.Q08426"	"EHHADH.Q08426"	0.688589317924863	0.250123053396387	0.371276728052432	0.194009772285837	0.985633730840107	0.521768725662473	1	1	1	1
"EHMT1.Q9H9B1"	"EHMT1.Q9H9B1"	0.209215699401813	0.00768331626421037	0.0803756018184416	0.218516609622471	0.452576846154365	0.444608726823623	1	1	1	1
"EHMT2.Q96KQ7"	"EHMT2.Q96KQ7"	0.662110685596949	0.930864617566482	0.000933116457723982	0.457536493544734	0.848916172371309	0.0132411314361627	1	1	1	1
"EI24.O14681"	"EI24.O14681"	0.420292644517639	0.415298131587181	0.026300430513297	1.7900302003979	0.702246484149122	0.916632351331917	1	1	1	1
"EIF1AD.Q8N9N8"	"EIF1AD.Q8N9N8"	0.605576987149983	0.142321523876283	0.051450309589735	0.493718356508084	0.00131256134208694	0.353388632278883	1	1	1	1
"EIF1AX.P47813"	"EIF1AX.P47813"	0.254354908455013	0.429225829398796	0.732929465481437	-0.172235901166383	0.969681121198249	0.9887586856696	1	1	1	1
"EIF1B.O60739"	"EIF1B.O60739"	0.266662347840104	0.868128391263297	9.0043016347257e-05	-0.519807913153008	0.625597920767285	0.770429481342629	1	1	1	1
"EIF1.P41567"	"EIF1.P41567"	0.31949937873605	0.494051021722759	0.029845229304497	-0.536361070524825	0.98396771965755	0.637917672317255	1	1	1	1
"EIF2AK2.P19525"	"EIF2AK2.P19525"	0.000836079693841806	5.49525645046702e-05	1.1274754000429e-07	-0.508322971285212	0.346203910386128	0.911601277864194	1	0.296414132938191	1	1
"EIF2AK4.Q9P2K8"	"EIF2AK4.Q9P2K8"	0.064093120206354	0.0419148201134938	0.0417358821781061	-0.526054310288315	0.740028943080354	0.9148697356108	1	1	1	1
"EIF2A.Q9BY44"	"EIF2A.Q9BY44"	4.01017162109443e-07	1.29249532705178e-05	0.921335340344201	0.00443772579246998	0.351866479698622	0.0764631911901598	0.00230063545902188	0.0715654662588568	1	1
"EIF2B1.Q14232"	"EIF2B1.Q14232"	0.0382992779801452	0.648413030861319	0.30399384374076	-0.0896594630993902	0.0763576624155782	0.403678211127417	1	1	1	1
"EIF2B2.P49770"	"EIF2B2.P49770"	1.3445036930337e-06	6.24444464810495e-07	6.54793912238976e-06	-0.328233474099737	0.017175913763069	1.13493612160848e-06	0.00763946998381749	0.00357494456104008	1	0.00658035963308596
"EIF2B3.Q9NR50"	"EIF2B3.Q9NR50"	0.142293617621446	5.20067361099273e-05	0.0732032556853455	0.149072260424726	0.00838011418353571	0.0172081523857535	1	0.280900931164287	1	1
"EIF2B4.Q9UI10"	"EIF2B4.Q9UI10"	0.339181567521065	0.316723268889038	0.12976102216145	-0.220795232027035	0.00192172772289623	0.349554926022611	1	1	1	1
"EIF2B4.Q9UI10.2"	"EIF2B4.Q9UI10.2"	0.156631278790561	0.567023319300898	0.190876892270432	-0.29100961046958	0.199554139482114	0.847540847178069	1	1	1	1
"EIF2B5.Q13144"	"EIF2B5.Q13144"	0.0310086944480646	0.0221138970911628	0.314659306513656	0.093347344721849	0.835413284196922	0.743087615093139	1	1	1	1
"EIF2D.P41214"	"EIF2D.P41214"	0.00260738096525548	4.31486977805668e-06	0.189732932972539	0.136569846300328	0.29496519969786	0.35077260886256	1	0.024279772241125	1	1
"EIF2S1.P05198"	"EIF2S1.P05198"	0.343063046044522	0.837301024351967	0.0422044998670023	-0.48195941328261	0.096842960679611	0.525884536609365	1	1	1	1
"EIF2S2.P20042"	"EIF2S2.P20042"	0.345599927023791	0.130884621634783	0.00201302144982848	-0.391195843976159	0.0685554387579132	0.280436961706773	1	1	1	1
"EIF2S3.P41091"	"EIF2S3.P41091"	0.281884464349544	0.00315803030343301	0.0903529380440676	-0.0961316432147417	0.216679312022848	0.0811071558200797	1	1	1	1
"EIF3A.Q14152"	"EIF3A.Q14152"	0.207407242204674	0.147295256813821	0.827733901959517	0.0211932044196371	0.227055708230811	0.330868624152116	1	1	1	1
"EIF3B.P55884"	"EIF3B.P55884"	0.188615533830154	0.113348755268342	0.329305042850222	0.184348472122632	0.223943292913048	0.897827523311041	1	1	1	1
"EIF3CL.B5ME19"	"EIF3CL.B5ME19"	0.0770375724977116	0.00482892504441516	0.106740163649307	0.166426174087857	0.429140937109967	0.686540497597209	1	1	1	1
"EIF3D.O15371"	"EIF3D.O15371"	0.0818249654976851	0.368130834395704	0.233878856237609	0.181993117863985	0.0895721812422074	0.805220121174074	1	1	1	1
"EIF3E.P60228"	"EIF3E.P60228"	0.717006929693755	0.266297446690718	0.820421337519143	0.0412216978320211	0.217120102717748	0.84847202881505	1	1	1	1
"EIF3F.O00303"	"EIF3F.O00303"	0.0960157307449554	0.0543287911273922	0.18928319822806	-0.228171536301204	0.187480322102228	0.422857008100091	1	1	1	1
"EIF3G.O75821"	"EIF3G.O75821"	0.721332613471202	0.146031194793322	0.192522531626617	-0.225961346489765	0.41889093438525	0.518694601328724	1	1	1	1
"EIF3H.O15372"	"EIF3H.O15372"	0.0110094729162222	0.0050841773385952	0.0380170868368577	0.183642958566819	0.217063606983747	0.665425664514555	1	1	1	1
"EIF3I.Q13347"	"EIF3I.Q13347"	0.0204357138070702	0.916636182455796	0.0142274292081427	-0.186868120601711	0.939411042874673	0.0318136073888005	1	1	1	1
"EIF3J.O75822"	"EIF3J.O75822"	0.0209472389048701	0.861280366641078	0.000233878243258558	-0.8726506298382	0.074472335856021	0.172110060500866	1	1	1	1
"EIF3K.Q9UBQ5"	"EIF3K.Q9UBQ5"	0.99898416117096	0.0574011092442579	0.245993472628916	-0.0933734331331775	0.00156606794381385	0.743974443744449	1	1	1	1
"EIF3L.Q9Y262"	"EIF3L.Q9Y262"	0.0963109948797338	0.0875526653631649	0.349124064082303	0.132433239701757	0.0368882055983943	0.763167421802552	1	1	1	1
"EIF3M.Q7L2H7"	"EIF3M.Q7L2H7"	0.856635837021835	0.230487307116664	0.59487017025097	-0.0486152340814946	0.676909213790024	0.00689385812676895	1	1	1	1
"EIF4A1.P60842"	"EIF4A1.P60842"	0.104444717040454	0.0558290883313551	0.554082846966085	0.0548730439555705	0.129002440990678	0.171008260998278	1	1	1	1
"EIF4A2.Q14240"	"EIF4A2.Q14240"	0.00166088651438158	0.669605143446665	0.336714624834281	0.101937797095298	2.14309467706277e-05	0.385919513929066	1	1	0.125928243224209	1
"EIF4A3.P38919"	"EIF4A3.P38919"	0.00437123865081484	0.0366360580266411	0.0184283634821637	-0.152993384797521	0.0582758244580215	5.4888517905709e-06	1	1	1	0.0314017210938561
"EIF4B.P23588"	"EIF4B.P23588"	0.00803105066732412	0.00407508275453594	0.00451736034470401	0.314584180121074	0.194704784083171	0.000330349329505112	1	1	1	1
"EIF4E2.O60573"	"EIF4E2.O60573"	0.0983285664790455	0.0486916626988435	0.997696455055187	0.000565168882074925	0.459592177631062	0.362574507084474	1	1	1	1
"EIF4EBP1.Q13541"	"EIF4EBP1.Q13541"	0.769458323030579	0.897296567431296	1.57936481214897e-05	-0.814322928110494	0.367979404261434	0.116257512057348	1	1	1	1
"EIF4E.P06730"	"EIF4E.P06730"	0.696104438022488	0.025801285745596	0.384985103030538	-0.0694018611020225	0.0293763659948293	0.977817392658914	1	1	1	1
"EIF4G1.Q04637.8"	"EIF4G1.Q04637.8"	0.0524866669650354	0.000952573392871409	0.0761333664823733	0.128856171823969	0.332805180401146	0.330762244769643	1	1	1	1
"EIF4G2.P78344"	"EIF4G2.P78344"	0.521487673229361	0.354397928730619	0.00468178779195324	-0.397391123463807	0.00968165295563273	0.630809467227597	1	1	1	1
"EIF4G3.O43432"	"EIF4G3.O43432"	0.597786788569705	0.0055466150747111	0.271421653510799	0.30380486005295	0.536832187170684	0.156066245891366	1	1	1	1
"EIF4H.Q15056"	"EIF4H.Q15056"	0.0302722963625974	0.00829631865071691	0.170447804931465	0.165191729439432	0.0796284580615871	0.0739245650493114	1	1	1	1
"EIF5A.P63241"	"EIF5A.P63241"	0.726709425077861	0.00434262235684409	0.462530829974205	-0.0542823959297937	0.933595582176724	0.000135106642653205	1	1	1	0.733358856321595
"EIF5B.O60841"	"EIF5B.O60841"	0.00127379502038467	0.0030307432649167	0.00942149755184005	0.259251729745633	0.204178419885103	0.720006243403203	1	1	1	1
"EIF5.P55010"	"EIF5.P55010"	4.79497839650579e-05	0.000147884458627488	2.70716466841971e-10	-0.742782124228908	0.0146261282104932	0.00319326967505355	0.259839879306649	0.783787630725688	1	1
"EIF6.P56537"	"EIF6.P56537"	0.000327116938507551	0.729003190711827	0.00344570345471997	-0.314196323868657	0.138444968752769	0.622692219271569	1	1	1	1
"ELAC2.Q9BQ52"	"ELAC2.Q9BQ52"	0.000257431274806936	0.000534398882618963	0.418986962641054	0.0565415204630567	0.0011007937529886	0.000166975168239348	1	1	1	0.900831032651285
"ELAVL1.Q15717"	"ELAVL1.Q15717"	0.46186916902389	0.836727852736252	0.161778914050148	-0.21614223519579	0.0398933482586268	0.0244536388370974	1	1	1	1
"ELF1.P32519"	"ELF1.P32519"	0.105649309070173	0.61808051784632	0.537757509878394	-0.15377289929243	0.00808828821963037	0.570431242653061	1	1	1	1
"ELFN1.P0C7U0"	"ELFN1.P0C7U0"	0.117720669697824	0.735080473965303	0.0178568044400403	0.797972802975229	0.146695265316395	0.934684420084388	1	1	1	1
"ELFN2.Q5R3F8"	"ELFN2.Q5R3F8"	0.784491062666106	0.000393558456050626	0.0001217017365678	0.72711966566993	0.0286900654683617	0.000215245322680898	1	1	1	1
"ELL.P55199"	"ELL.P55199"	0.0185993682183665	0.00422627592090636	0.760059597046839	0.0432648464771992	0.97037308283236	0.00110403754279901	1	1	1	1
"ELMO2.Q96JJ3"	"ELMO2.Q96JJ3"	0.0625839533863082	0.656980210589062	0.956459427486412	-0.00824927862999605	0.0588706682176418	0.0370838984682232	1	1	1	1
"ELMOD2.Q8IZ81"	"ELMOD2.Q8IZ81"	0.135648590691893	0.995420699740355	0.28178131932034	-0.311522081759302	0.753186423211362	0.0469827894337903	1	1	1	1
"ELOA.Q14241"	"ELOA.Q14241"	0.000554284870657377	0.00589150252224033	0.0273873550307372	-0.291875804893063	0.310519515859258	0.504497761760372	1	1	1	1
"ELOB.Q15370"	"ELOB.Q15370"	0.256745288211353	0.341924999550748	0.891283433440607	-0.0259591542554391	0.00361498219696582	0.967160338919751	1	1	1	1
"ELOC.Q15369"	"ELOC.Q15369"	0.424076321528863	0.135663857787976	0.965149412583749	-0.0105524037225745	0.081617661280455	0.882530747558618	1	1	1	1
"ELOF1.P60002"	"ELOF1.P60002"	0.770212821739436	0.60523186481518	0.0747496305772111	0.398825979389757	0.00624852286899352	0.152143363422396	1	1	1	1
"ELOVL1.Q9BW60"	"ELOVL1.Q9BW60"	0.516613891451212	0.333600143757093	0.244010419937015	-0.417753859573052	0.0202546619771822	0.003595364455692	1	1	1	1
"ELOVL5.Q9NYP7"	"ELOVL5.Q9NYP7"	0.258835315686756	0.621011770060902	0.0924095663888832	-0.385012628843358	0.0488748414870551	0.00151575553753266	1	1	1	1
"ELP1.O95163"	"ELP1.O95163"	0.0228129408912075	0.0033277658997236	0.681074383953535	0.0392030859670638	0.93355722844387	0.877362509165058	1	1	1	1
"ELP2.Q6IA86"	"ELP2.Q6IA86"	0.000141776240333329	0.000371267605768688	0.000172295575831499	0.384056810622248	0.0388904482109742	0.0298022021015683	0.750988745045642	1	1	1
"ELP3.Q9H9T3"	"ELP3.Q9H9T3"	0.00298327358698085	0.0139697964047602	0.04538321740131	0.340285055882174	0.943255489819332	0.788749175512329	1	1	1	1
"EMC10.Q5UCC4"	"EMC10.Q5UCC4"	0.628998159879229	0.369220695821996	0.293190474587737	0.458677622973166	0.00965348513648247	0.858680476062948	1	1	1	1
"EMC1.Q8N766"	"EMC1.Q8N766"	0.786389647101783	0.413229930111577	0.887177159900129	0.0134650651231119	0.015316783158451	6.4315828451528e-05	1	1	1	0.355537899680047
"EMC2.Q15006"	"EMC2.Q15006"	0.0189954371933254	0.884584848492353	0.00100163330919975	-0.382742323639426	0.0361667632191842	0.000406770247068592	1	1	1	1
"EMC3.Q9P0I2"	"EMC3.Q9P0I2"	0.627683949803113	0.918920750654562	0.223461715093079	-0.248183712387371	0.0680995885938137	0.0129093303090356	1	1	1	1
"EMC4.Q5J8M3"	"EMC4.Q5J8M3"	0.0334211861438014	0.706113276996076	0.0741500960126074	-0.421178793111089	0.447799457692177	0.00840097780066032	1	1	1	1
"EMC7.Q9NPA0"	"EMC7.Q9NPA0"	0.130261528912126	0.206155545836637	0.0473777346591312	-0.364771934812568	0.0229097154073726	0.0138807687304754	1	1	1	1
"EMC8.O43402"	"EMC8.O43402"	1.90966834201233e-06	0.0264530040463701	0.00144884532828589	-0.297490528185007	0.640697464709982	0.00842951405823651	0.0108240001625259	1	1	1
"EMC9.Q9Y3B6"	"EMC9.Q9Y3B6"	0.526862809729843	0.0266548428967179	0.659144493090282	-0.119836008179543	0.276000671141294	0.01901425092966	1	1	1	1
"EMD.P50402"	"EMD.P50402"	0.576388523300291	0.782104694150325	0.175692079982284	-0.12623438918529	0.207108043901158	0.282202887866867	1	1	1	1
"EMG1.Q92979"	"EMG1.Q92979"	0.205714816466483	0.821576149374024	0.86158605302685	0.0198705169589959	0.132044387549402	0.0609719745366686	1	1	1	1
"EML3.Q32P44"	"EML3.Q32P44"	0.338318750358417	0.921148992251521	0.850536289956028	0.0445171985023486	0.981340308155824	0.143881454305101	1	1	1	1
"EML4.Q9HC35"	"EML4.Q9HC35"	0.773418024579344	0.379047650893815	0.0181946000239324	-0.181481754328546	0.132552824092955	0.00858895060125829	1	1	1	1
"EMP3.P54852"	"EMP3.P54852"	0.728714942416729	0.269416087986304	0.105300211892845	-0.998073063146867	0.083997850946154	0.347141820682029	1	1	1	1
"EMSY.Q7Z589"	"EMSY.Q7Z589"	0.321372657258569	0.0846567716637637	0.0659972321887713	-0.364673413817501	0.587688967756494	0.249998866515488	1	1	1	1
"ENAH.Q8N8S7"	"ENAH.Q8N8S7"	0.479849182121358	0.332214735693494	0.898675152763265	0.00974808609074604	0.969408166593402	0.0253150009286935	1	1	1	1
"ENDOD1.O94919"	"ENDOD1.O94919"	0.00234941197891005	0.000267148844264298	0.00572077430969083	-0.354117562762722	0.136973322476018	0.000206134737657651	1	1	1	1
"ENG.P17813"	"ENG.P17813"	8.25148805126203e-05	0.00297794587353812	0.470684780193835	-0.167838317096032	0.603035193039652	0.160820403114761	0.442197244667132	1	1	1
"ENO1.P06733"	"ENO1.P06733"	0.494080168858029	0.146523097522775	0.246272056176819	-0.217478564419339	0.251321405858324	0.473610367255518	1	1	1	1
"ENO2.P09104"	"ENO2.P09104"	0.0156975075653155	0.00264926631392051	0.752055352541815	-0.0576827078057843	0.0085649261714553	0.413980421079389	1	1	1	1
"ENO3.P13929.3"	"ENO3.P13929.3"	0.154549594491605	0.0121277588972532	0.911805159895643	0.0144866935085643	0.0716242041903425	0.0522736228516766	1	1	1	1
"ENOPH1.Q9UHY7"	"ENOPH1.Q9UHY7"	0.0777236342022992	1.4737877647855e-05	0.192330293047057	0.207965537035689	0.475536371451279	0.70859599295383	1	0.0814415118820466	1	1
"ENOSF1.Q7L5Y1"	"ENOSF1.Q7L5Y1"	0.759193902226714	0.0576647238663026	0.349516533127615	-0.336878179511697	0.236187849334394	0.0299050235610968	1	1	1	1
"ENPP4.Q9Y6X5"	"ENPP4.Q9Y6X5"	0.00122148211799775	0.106676200148716	0.803715261761185	-0.0494826414458058	0.291274388505223	0.55574994820076	1	1	1	1
"ENSA.O43768"	"ENSA.O43768"	0.614366569730844	0.257977669357676	0.553751267432007	0.110864146947801	0.494031177387905	0.0237650298144891	1	1	1	1
"EP300.Q09472"	"EP300.Q09472"	0.021585784282638	0.586989075796453	0.00152555103688947	0.457004930397225	0.502907455656039	0.0407769817809623	1	1	1	1
"EP400.Q96L91"	"EP400.Q96L91"	0.0730703474784718	0.452936503109399	0.016515079476643	0.17409298029657	0.0395296066051191	0.000239326113474363	1	1	1	1
"EPB41L2.O43491"	"EPB41L2.O43491"	0.317816177335747	0.722447919403103	0.0885956179469129	-0.169996314560299	0.123454662005501	0.0422744247403414	1	1	1	1
"EPB41L2.O43491.4"	"EPB41L2.O43491.4"	0.0390487839246142	0.00560749674787262	0.529290484344955	-0.148727130206775	0.939600246967956	0.00405148058951473	1	1	1	1
"EPB41L3.Q9Y2J2"	"EPB41L3.Q9Y2J2"	1.21771838940984e-06	3.41300931689415e-05	1.01823524897499e-08	0.276832338937912	0.789272324660566	0.228623449057363	0.00692881763574197	0.186009007770731	1	1
"EPB41L3.Q9Y2J2.2"	"EPB41L3.Q9Y2J2.2"	0.999838503729511	0.0972482602514067	0.125628359084112	-0.340959940492739	0.0433723843018529	0.00106320818680401	1	1	1	1
"EPB41L5.Q9HCM4"	"EPB41L5.Q9HCM4"	0.18113626018457	0.0449812832889695	0.416102726770599	0.171968471194621	0.339710347264955	0.0829481687272284	1	1	1	1
"EPB41.P11171"	"EPB41.P11171"	0.376219258648293	0.000484799467581484	0.0089019635195571	-0.449210181080044	0.99517081333847	7.0292308175784e-06	1	1	1	0.0401087910451024
"EPCAM.P16422"	"EPCAM.P16422"	0.025642911495363	0.0242359440365682	0.115405183296056	-0.697964346940479	0.373610823418669	0.913747978561535	1	1	1	1
"EPHA2.P29317"	"EPHA2.P29317"	1.06472635489578e-05	0.0128474790308475	2.19493297739591e-06	-0.46135714894276	0.0609333535156463	0.000541182002979651	0.059028429115422	1	1	1
"EPHB2.P29323"	"EPHB2.P29323"	2.66089472366986e-05	0.000677381611501747	0.000235556605700886	0.317438564398682	0.0495554312146011	0.00299596728940081	0.145843639804345	1	1	1
"EPHB4.P54760"	"EPHB4.P54760"	0.171052833103883	0.623905614115795	0.76827078192748	0.0576535785491994	0.00125557098878747	0.488677526635594	1	1	1	1
"EPHX1.P07099"	"EPHX1.P07099"	1.1568344656511e-07	6.3760451176993e-06	1.21158997579381e-07	0.713477675681401	0.903060143049725	9.13294904917797e-06	0.000668534637699769	0.0356675963884099	1	0.051984745987921
"EPN1.Q9Y6I3"	"EPN1.Q9Y6I3"	0.779952738888629	0.0204503070039584	0.00179161229179334	1.02809186492949	0.124018719467826	0.580801825860273	1	1	1	1
"EPN2.O95208"	"EPN2.O95208"	0.410066658909846	0.411667319121106	0.839112808853613	0.126284847928158	0.077712214946627	0.454564087787749	1	1	1	1
"EPPK1.P58107"	"EPPK1.P58107"	0.0950166754645927	0.615130762939701	0.0286376127769933	-1.01215422255874	0.0515822958989558	0.0734352443355987	1	1	1	1
"EPRS1.P07814"	"EPRS1.P07814"	0.000125774967948011	7.43570612934964e-05	0.2944659717876	0.0854348994798592	0.190398105521108	0.829956928896657	0.668242404707781	0.399148705023489	1	1
"EPS15L1.Q9UBC2"	"EPS15L1.Q9UBC2"	0.00489056827530156	0.696959111561423	0.272778142647718	-0.111944881167885	0.798404447613821	0.0123730378889858	1	1	1	1
"EPS15.P42566"	"EPS15.P42566"	0.590428334527908	0.0192353082504456	0.00317108425251666	-0.433381280233604	0.101277009695521	0.0245762438553745	1	1	1	1
"EPS8L2.Q9H6S3"	"EPS8L2.Q9H6S3"	0.278525583088059	0.35084658458201	0.368562092182211	0.267942382663141	0.276158273903227	0.0882317511827998	1	1	1	1
"EPS8.Q12929"	"EPS8.Q12929"	0.225499285328497	0.111194995797604	0.910721345593161	-0.0417462719189702	0.170245323588726	0.603696557720961	1	1	1	1
"ERAL1.O75616"	"ERAL1.O75616"	0.0022743278136493	0.000835468362117601	0.000220562191240431	-0.557170757584085	0.0492631565637287	2.86558210541461e-05	1	1	1	0.160730500292705
"ERAP1.Q9NZ08"	"ERAP1.Q9NZ08"	5.76348521221252e-05	0.000107878386035172	2.27827326180202e-06	-0.475264063792908	0.731927898112217	0.000218459144524211	0.311170566607354	0.575099675953503	1	1
"ERBIN.Q96RT1"	"ERBIN.Q96RT1"	9.04317197545201e-09	4.74650171819733e-07	8.51658905996654e-15	1.14567975921305	0.649356334014563	0.899134040251006	5.2658390413057e-05	0.00272164408521435	1	1
"ERC1.Q8IUD2"	"ERC1.Q8IUD2"	1.12769821641323e-06	7.7856686881774e-08	1.18477394004187e-06	0.329828844880854	0.00355728831982633	5.91124743930645e-06	0.00641885824782413	0.000450245220237299	1	0.0337827791156364
"ERCC1.P07992"	"ERCC1.P07992"	0.678512227318274	0.00204340589458677	0.280141671185975	-0.270596816171938	0.308941445678069	0.00677488246720735	1	1	1	1
"ERCC2.P18074"	"ERCC2.P18074"	0.18234154455219	0.297696345288746	0.00177966340785386	0.416589281469373	0.195909037716707	0.954630913545795	1	1	1	1
"ERCC3.P19447"	"ERCC3.P19447"	0.208571048523502	0.306500070468006	0.707453493125755	0.105869976509938	0.5556401869262	0.0569925841964265	1	1	1	1
"ERCC4.Q92889"	"ERCC4.Q92889"	0.491040862668478	0.0573442971188887	0.361599668957208	-0.137177509958605	0.367158982789042	0.0349108742190609	1	1	1	1
"ERCC6L.Q2NKX8"	"ERCC6L.Q2NKX8"	0.00198565057863995	0.00821338004191055	0.000958460892853218	0.38368999111756	0.316145552126633	0.20074046591417	1	1	1	1
"ERCC6.P0DP91"	"ERCC6.P0DP91"	0.611151977212122	0.35323218895233	0.294873346396242	-0.428292845864444	0.569724277786821	0.269725195125969	1	1	1	1
"ERF.P50548"	"ERF.P50548"	0.015048334508476	0.0759547190147413	0.000566569807412044	0.777197303717166	0.174317251852406	0.0800898646033504	1	1	1	1
"ERG28.Q9UKR5"	"ERG28.Q9UKR5"	0.0255336768458013	0.0782152108593405	0.128954564819914	-0.225426441959111	0.425650529991842	0.000875023877699404	1	1	1	1
"ERGIC1.Q969X5"	"ERGIC1.Q969X5"	0.0420313421298812	0.277824065655447	0.64367773345435	-0.0554453112763886	0.139390480464261	0.000481015423070871	1	1	1	1
"ERGIC2.Q96RQ1"	"ERGIC2.Q96RQ1"	0.249326547445753	0.00732788833881974	0.0174991973133485	0.329374393933564	0.0912382842146316	0.000122610196158541	1	1	1	0.667122077298623
"ERGIC3.Q9Y282"	"ERGIC3.Q9Y282"	0.696507641833015	0.194918737660165	3.85162076495009e-05	0.44955762365831	0.3494359676757	0.0680898868289181	1	1	1	1
"ERH.P84090"	"ERH.P84090"	0.0680339962595712	0.906020475400599	0.399094067042737	-0.173721094143026	0.958931505289674	0.378927105557746	1	1	1	1
"ERI1.Q8IV48"	"ERI1.Q8IV48"	0.540705084495494	0.964645618516769	0.462825963091396	-0.139724699680349	0.495221870892554	0.537215495049249	1	1	1	1
"ERI3.O43414"	"ERI3.O43414"	0.455545037439484	0.392054962758464	0.00103012907655727	-1.65443018372852	0.00245043759809529	0.186561010979925	1	1	1	1
"ERLEC1.Q96DZ1"	"ERLEC1.Q96DZ1"	0.189191320225917	0.0177661315693464	1.66537667657562e-06	-0.847384926635025	0.119812554748648	0.115644323870353	1	1	1	1
"ERLIN1.O75477"	"ERLIN1.O75477"	0.450407347906481	0.574057514919726	0.0590627192068253	-0.27651104029082	0.00135654379645541	0.000348628613541989	1	1	1	1
"ERLIN2.O94905"	"ERLIN2.O94905"	0.309712900860191	0.160536187020575	0.816216063925615	0.0651551723473853	0.0645015523165029	0.099349091477388	1	1	1	1
"ERMP1.Q7Z2K6"	"ERMP1.Q7Z2K6"	0.877530073231002	0.00046200333456139	0.942095955437317	0.0194025086086	0.964898317938103	1.62731833380584e-05	1	1	1	0.0920085785933825
"ERO1A.Q96HE7"	"ERO1A.Q96HE7"	0.0109902069558271	0.129171273592334	0.0302551980171455	-0.191766437322076	0.215730569852185	0.000117319389423859	1	1	1	0.639625311138878
"ERP29.P30040"	"ERP29.P30040"	0.693915036643857	0.75718806003494	0.517425195822685	-0.263211133935552	0.323015610245296	0.374851429299813	1	1	1	1
"ERP44.Q9BS26"	"ERP44.Q9BS26"	0.0108743533794932	0.368922236143909	0.0110288464505462	-0.140325997330397	0.966608154397638	0.794271550507465	1	1	1	1
"ESD.P10768"	"ESD.P10768"	0.0621588978950622	0.000838576802603716	0.364896059485717	0.0955472342681285	0.687888931852044	0.0896106799141946	1	1	1	1
"ESF1.Q9H501"	"ESF1.Q9H501"	8.02089601286893e-05	0.000644682993958886	0.000206479767541817	-0.401825623510606	0.687048290198106	0.0147887996092379	0.430321071090418	1	1	1
"ESPL1.Q14674"	"ESPL1.Q14674"	0.203879715361329	0.682181851658244	0.0287243940671063	0.384753216590962	0.383224549938748	0.0595574168699832	1	1	1	1
"ESYT1.Q9BSJ8"	"ESYT1.Q9BSJ8"	0.999663577957443	0.792849121267999	0.0154772631963671	-0.336157724048377	0.002101994193886	0.00182630441534239	1	1	1	1
"ESYT2.A0FGR8.2"	"ESYT2.A0FGR8.2"	0.434052492285457	0.0170960801011406	0.711243476565927	-0.0432360960455256	0.0437926591878258	5.42718171202644e-07	1	1	1	0.00316241878359781
"ETF1.P62495"	"ETF1.P62495"	0.395397241353635	0.0552239486925867	0.236238244838151	-0.153838020841079	0.128913923069343	0.961754526264549	1	1	1	1
"ETFA.P13804"	"ETFA.P13804"	0.125124624658148	0.0683504389304741	0.237565989749342	-0.168860626291221	0.227514577335051	0.0014658331808836	1	1	1	1
"ETFB.P38117"	"ETFB.P38117"	0.734151436019388	0.591668385487121	0.536077639682294	0.133182308709503	0.471182063920464	0.430207829059047	1	1	1	1
"ETHE1.O95571"	"ETHE1.O95571"	0.00228396347460444	0.0461843197275429	0.00987559097841613	0.237113283448199	0.646609627236208	0.897833717612158	1	1	1	1
"ETNK1.Q9HBU6"	"ETNK1.Q9HBU6"	0.0229663575601942	0.945549994020489	0.104613493339878	0.275282352323495	0.31480914402061	0.569140826416513	1	1	1	1
"ETS1.P14921"	"ETS1.P14921"	0.00642647344377884	0.513049037134013	0.0267717128286476	-0.958789258178064	0.486151710340358	0.0154089355626655	1	1	1	1
"ETV3.P41162"	"ETV3.P41162"	0.766640804302498	0.496974956158391	0.0594539139301576	0.360392428912232	0.0595195382194769	0.00650113803312724	1	1	1	1
"ETV6.P41212"	"ETV6.P41212"	0.322270413199532	0.257758454950333	0.73037762992336	0.090008587349319	0.773406120280158	0.806147580140077	1	1	1	1
"EWSR1.Q01844"	"EWSR1.Q01844"	0.446489622150831	0.642574645792026	0.449468784005682	-0.0932390097540167	0.255243982353781	0.949433590605959	1	1	1	1
"EXOC1.Q9NV70"	"EXOC1.Q9NV70"	0.0827202943501802	0.31531314593493	0.0172740691649586	0.309816240374249	0.197667321485064	0.0959103267941709	1	1	1	1
"EXOC2.Q96KP1"	"EXOC2.Q96KP1"	0.0409288314528745	0.0588738828834552	0.387282727517311	0.165503587423411	0.504735764347773	0.445063964367476	1	1	1	1
"EXOC3.O60645"	"EXOC3.O60645"	0.946302878617962	0.00403647731746165	0.862725412731968	-0.026730512960028	0.127911036281824	0.563937619777018	1	1	1	1
"EXOC4.Q96A65"	"EXOC4.Q96A65"	0.00688950929321199	0.00987468000630172	0.014676016800579	0.212227370190916	0.011406213427279	0.0748596531849669	1	1	1	1
"EXOC5.O00471"	"EXOC5.O00471"	0.173192000885241	0.00436319270234235	0.161613020755675	0.194403046681318	0.0278475294066251	0.869275614916109	1	1	1	1
"EXOC6B.Q9Y2D4"	"EXOC6B.Q9Y2D4"	0.338544884958118	0.0393281013056823	0.0884066961625577	-0.279790482593093	0.252962601986353	0.374785280094328	1	1	1	1
"EXOC6.Q8TAG9"	"EXOC6.Q8TAG9"	0.737376330622103	0.894548182955254	0.97633016117441	0.00800913896268447	0.0804961206141068	0.261022436504995	1	1	1	1
"EXOC7.Q9UPT5"	"EXOC7.Q9UPT5"	0.0845615449380784	0.0218928796012311	0.00257524869659184	-0.300555473025897	0.530156766042137	0.0163305718505731	1	1	1	1
"EXOC8.Q8IYI6"	"EXOC8.Q8IYI6"	4.53426524814369e-05	0.0881211810437166	0.340041851664829	0.0902389188573103	0.244028908501392	0.39915434257742	0.245893204406833	1	1	1
"EXOG.Q9Y2C4"	"EXOG.Q9Y2C4"	1.3543014568787e-11	1.88313742805608e-10	4.66729934989289e-10	-1.12988436592072	0.223066055259505	0.0023638304734874	7.96464686790364e-08	1.1050250427833e-06	1	1
"EXOSC10.Q01780"	"EXOSC10.Q01780"	0.00884251112456344	0.0841205416692834	0.0363658510481093	0.170622483472088	0.6578457360869	0.000212643296604112	1	1	1	1
"EXOSC1.Q9Y3B2"	"EXOSC1.Q9Y3B2"	0.0580474598348017	0.282287785533928	0.0255557789104785	-0.331762958915546	0.677028685501373	0.0472411903194887	1	1	1	1
"EXOSC2.Q13868"	"EXOSC2.Q13868"	0.010103940593338	0.296012911945046	0.601701228497143	-0.106830834920346	0.384083288936636	0.36068842037349	1	1	1	1
"EXOSC3.Q9NQT5"	"EXOSC3.Q9NQT5"	0.154814463639722	0.324751246358399	0.121393023696057	-0.445636588065499	0.0414105844937949	0.409299064042726	1	1	1	1
"EXOSC4.Q9NPD3"	"EXOSC4.Q9NPD3"	3.56698225867002e-06	0.0033339558602552	0.00196952228793162	-0.381511553780666	0.427687553123888	0.187388886534063	0.0200856770985709	1	1	1
"EXOSC5.Q9NQT4"	"EXOSC5.Q9NQT4"	0.0325099032302894	0.000947216943558649	0.281867754656842	-0.119559198289255	0.517981603334529	0.164379261291779	1	1	1	1
"EXOSC6.Q5RKV6"	"EXOSC6.Q5RKV6"	0.00449787627185497	0.110825610063415	0.629569826898709	-0.0958302818694865	0.442972751912086	0.975167921926192	1	1	1	1
"EXOSC7.Q15024"	"EXOSC7.Q15024"	0.154649810901786	0.420928112673695	0.176492308285186	-0.235517101340525	0.372791231882243	0.315015319097265	1	1	1	1
"EXOSC8.Q96B26"	"EXOSC8.Q96B26"	0.707132761194246	0.871803011533261	0.213812741579514	-0.507677977316605	0.0592890217059246	0.624572555236847	1	1	1	1
"EXOSC9.Q06265"	"EXOSC9.Q06265"	0.178534434148996	0.0162964169593124	0.0241188709257999	-0.240327548651047	0.00140695950545941	0.0478774022550574	1	1	1	1
"EXTL2.Q9UBQ6"	"EXTL2.Q9UBQ6"	1.19258235221719e-05	1.06826566868134e-05	0.00109609853934931	-1.61231240373854	0.461035082809742	0.0997654754551413	0.0660332848422657	0.0594062538353696	1	1
"EXTL3.O43909"	"EXTL3.O43909"	0.302776244500319	0.198154253170571	0.007901736096109	0.683462308634199	0.81599865283852	0.105847530281798	1	1	1	1
"EYA3.Q99504"	"EYA3.Q99504"	0.518700271369929	0.0249321784704167	0.118512536105179	0.239673566548166	0.109435617411089	0.987015469406886	1	1	1	1
"EZH2.Q15910"	"EZH2.Q15910"	0.0371453876537641	0.0776907906118778	0.0201349438769522	-0.481738022455425	8.15253773091984e-05	5.8685808263494e-06	1	1	0.477412609522666	0.0335448080034132
"EZHIP.Q86X51"	"EZHIP.Q86X51"	0.155017745210651	0.0107255709905871	0.0107193158685986	0.283660682654759	0.905637441080287	0.137027266562683	1	1	1	1
"EZR.P15311"	"EZR.P15311"	0.437957932134566	0.129518612881282	0.0380901046462178	0.143655608710662	0.346482357123029	0.00174884719835908	1	1	1	1
"F2.P00734"	"F2.P00734"	6.58904745655061e-11	1.32583418806108e-06	7.2119082576025e-09	-1.55681943861065	0.00125514676048731	0.045514047833637	3.8737009997061e-07	0.00753869319331528	1	1
"F3.P13726"	"F3.P13726"	0.206899583170986	5.20057261734822e-05	7.75659243402746e-07	1.02754953117268	0.784916669476731	0.129042820266475	1	0.280900931164287	1	1
"FABP5.Q01469"	"FABP5.Q01469"	0.00155110306131417	0.127305540176191	0.000596284082187934	0.420691456955205	0.0731887900375517	2.65704125773812e-07	1	1	1	0.00155383772752525
"FADD.Q13158"	"FADD.Q13158"	0.286301229581674	0.946289408015541	0.689482870957749	0.090012563300135	0.0572303822658684	0.540546967056278	1	1	1	1
"FADS1.O60427"	"FADS1.O60427"	0.37404695854875	0.0559067181171986	0.617584501163898	0.086897737483199	0.59652666603195	0.0966090124099626	1	1	1	1
"FADS2.O95864"	"FADS2.O95864"	0.613513199285828	0.00133657182035361	2.85827710413116e-06	0.774022749588442	0.00199966792761378	0.111965326392	1	1	1	1
"FADS3.Q9Y5Q0"	"FADS3.Q9Y5Q0"	0.0821423186392063	0.0203358716818894	0.193028932733602	0.284811794938529	0.822404483720423	0.0222052438441722	1	1	1	1
"FAF1.Q9UNN5"	"FAF1.Q9UNN5"	0.0874207757923904	0.0690282082616156	0.241996318874461	-0.221188873612129	0.011615552055293	0.546624950113145	1	1	1	1
"FAF2.Q96CS3"	"FAF2.Q96CS3"	8.00584214293192e-07	1.39929496073858e-05	2.17758231943699e-07	-0.405207335402338	0.00139298277552514	2.85723691083981e-07	0.00457133586361413	0.0774089972280582	1	0.00167005497438587
"FAHD1.Q6P587"	"FAHD1.Q6P587"	0.000172832580574674	0.544110749954696	0.000486238953404188	-0.390462182642708	0.056723075407656	5.61302280059718e-05	0.911346197370255	1	1	0.310905332925078
"FAHD2A.Q96GK7"	"FAHD2A.Q96GK7"	3.77549039533208e-05	0.0659131417898212	0.00212508600585248	-0.242939681765482	0.141086589939959	0.697982431064222	0.205613206929785	1	1	1
"FAHD2B.Q6P2I3"	"FAHD2B.Q6P2I3"	0.0362936323507299	0.0884748940580996	0.0988811042524754	-0.638240883636871	0.653707739218117	0.874223307377293	1	1	1	1
"FAH.P16930"	"FAH.P16930"	0.986844142541242	0.688635309284292	0.0234827230776066	-0.267834898004668	0.0835995572687063	0.0862544094088198	1	1	1	1
"FAIM.Q9NVQ4"	"FAIM.Q9NVQ4"	0.00896528754143343	0.197780629461173	0.451784502543753	0.268036935615848	0.000362841289676876	0.289970539300339	1	1	1	1
"FAM104A.Q969W3"	"FAM104A.Q969W3"	0.119251099481002	0.0668404991360612	0.233344188596062	0.5018390614639	0.733043401786763	0.760108914309048	1	1	1	1
"FAM107B.Q9H098"	"FAM107B.Q9H098"	0.963806993888899	0.0566672007175052	0.628965747836189	0.120220645223455	0.0262082348691557	0.351487361421706	1	1	1	1
"FAM111A.Q96PZ2"	"FAM111A.Q96PZ2"	0.0769066876650761	0.857193169757267	0.207982193825381	-0.680064978330147	0.168512262066155	0.018248342352722	1	1	1	1
"FAM114A1.Q8IWE2"	"FAM114A1.Q8IWE2"	0.00728133197331232	0.000468958225645654	0.244594617532384	0.204188789739621	0.20988569696422	0.994536335802368	1	1	1	1
"FAM114A2.Q9NRY5"	"FAM114A2.Q9NRY5"	0.0511881319359835	0.419738571052663	0.0574984900044929	0.294773804096405	0.00354008996689696	0.0440760931410501	1	1	1	1
"FAM118A.Q9NWS6"	"FAM118A.Q9NWS6"	0.118763306992598	0.00343012072337038	0.394980846227043	-0.174718510894182	0.0242933344441397	0.291230942982062	1	1	1	1
"FAM118B.Q9BPY3"	"FAM118B.Q9BPY3"	0.0361238287060249	0.000177786635302535	0.0897565566692524	0.416400831592403	0.652593360821965	0.522139322242223	1	0.938002287856176	1	1
"FAM120A.Q9NZB2"	"FAM120A.Q9NZB2"	0.346336843728253	0.781817802482281	0.323576742346451	0.113972097044894	0.779917521577011	0.564028357351995	1	1	1	1
"FAM120B.Q96EK7"	"FAM120B.Q96EK7"	8.09416516602303e-05	0.013804206688207	0.000136633623551821	1.70924831609073	0.364576334589618	0.00426732327122295	0.434090077853815	1	1	1
"FAM136A.Q96C01"	"FAM136A.Q96C01"	7.70292065917373e-12	1.00499265450089e-13	2.27548053294397e-08	-0.815455997440353	0.278247157404241	0.00108808176543008	4.53470939205557e-08	5.92342670562822e-10	1	1
"FAM162A.Q96A26"	"FAM162A.Q96A26"	0.0906524069545088	0.00408993549809867	0.27749651690132	-0.126554426829957	0.97002989869139	0.108242888360929	1	1	1	1
"FAM169A.Q9Y6X4"	"FAM169A.Q9Y6X4"	0.0616725895437428	0.00676463857285792	0.152316084742798	-0.359980311660454	0.0373454030756328	0.472471945823128	1	1	1	1
"FAM171A1.Q5VUB5"	"FAM171A1.Q5VUB5"	0.627469275497892	0.31210002021873	0.0238400617832586	0.329270901101324	0.811085126035727	0.290885485937923	1	1	1	1
"FAM193A.P78312"	"FAM193A.P78312"	0.726074380061076	0.153118440029142	0.00269722819014757	0.616715926981127	0.0386229015879364	0.326828449662035	1	1	1	1
"FAM193B.Q96PV7"	"FAM193B.Q96PV7"	0.271700447294426	0.748335581475886	0.697122943858357	0.131897666757171	0.0850611854649732	0.803010385291505	1	1	1	1
"FAM20B.O75063"	"FAM20B.O75063"	0.517471809346996	0.0244773225292553	0.245153114385621	0.429394467726758	0.658882674428209	0.0681898239299955	1	1	1	1
"FAM210A.Q96ND0"	"FAM210A.Q96ND0"	0.549395110172064	0.431054132761767	0.756586208832749	-0.0364872983239811	0.448015398698839	0.00134539390952684	1	1	1	1
"FAM219A.Q8IW50"	"FAM219A.Q8IW50"	0.21580506790811	0.366036265739507	0.482231704112754	-0.243264321016612	0.584770882432237	0.106745159106299	1	1	1	1
"FAM234A.Q9H0X4"	"FAM234A.Q9H0X4"	0.0201552884276994	0.948711248070357	0.0123007794459826	0.847002391083722	0.305881540768017	0.397184996415096	1	1	1	1
"FAM234B.A2RU67"	"FAM234B.A2RU67"	0.313018116588685	0.842596894952529	0.00858816439293551	-1.49671730470895	0.051169662949398	0.00572570608357874	1	1	1	1
"FAM241B.Q96D05"	"FAM241B.Q96D05"	0.00130942383226071	0.397058402533003	0.66971734835242	-0.116818481681291	0.204247018374319	0.840357814926428	1	1	1	1
"FAM30A.Q9NZY2"	"FAM30A.Q9NZY2"	0.756431641355354	0.0671810552585102	0.89984670925009	0.088623433652563	0.905798551300255	0.314978418563466	1	1	1	1
"FAM32A.Q9Y421"	"FAM32A.Q9Y421"	0.233432934083332	0.531503438155571	0.394067760604851	0.216586422398576	0.00743588182155707	0.734799617385834	1	1	1	1
"FAM3C.Q92520"	"FAM3C.Q92520"	0.757302424486302	0.513705544252221	0.290544222480761	-0.230648035384837	0.380128634037826	0.619240440576239	1	1	1	1
"FAM50A.Q14320"	"FAM50A.Q14320"	0.335271259630609	0.00125123200644085	0.433088656120065	0.084154996461954	0.172350243221242	0.653715604962439	1	1	1	1
"FAM83D.Q9H4H8"	"FAM83D.Q9H4H8"	0.591186088014052	0.0107900858129483	0.000693712581649747	0.586170575960088	0.0253505535279181	0.726241601286052	1	1	1	1
"FAM83G.A6ND36"	"FAM83G.A6ND36"	0.592206283566289	0.00392068583659248	0.791452212671947	0.0389760556878817	0.900972986908303	0.000614616911506669	1	1	1	1
"FAM83H.Q6ZRV2"	"FAM83H.Q6ZRV2"	0.623762404343573	0.748136687102843	0.000593406859297728	0.852209141673106	0.287764896423674	0.236386789442228	1	1	1	1
"FAM91A1.Q658Y4"	"FAM91A1.Q658Y4"	0.402285230004823	0.185235386057509	0.850201696165344	-0.0144925322006052	0.330624349418324	0.182857176995233	1	1	1	1
"FAM98A.Q8NCA5"	"FAM98A.Q8NCA5"	0.0221432206783818	0.0720202139592426	0.0125623733787168	-0.260812338005079	0.732246297222666	0.117601556029356	1	1	1	1
"FAM98B.Q52LJ0"	"FAM98B.Q52LJ0"	0.0053666661007283	0.47083400573299	4.63211738882301e-05	-0.641982357709673	0.189726990197941	0.419752165816049	1	1	1	1
"FAM98C.Q17RN3"	"FAM98C.Q17RN3"	0.00842983728912309	0.000554943607395355	0.00373876900064688	0.492382609325023	0.0810367532804182	0.641241348251336	1	1	1	1
"FANCA.O15360"	"FANCA.O15360"	0.000249029200870824	0.28691599696504	0.920953016513141	-0.0323395981183322	0.000879014990793046	0.201015542837123	1	1	1	1
"FANCD2.Q9BXW9"	"FANCD2.Q9BXW9"	0.0842529072619323	0.0121880784277851	0.00132151501690039	-0.499068972176973	0.100883685654921	0.737117283906193	1	1	1	1
"FANCG.O15287"	"FANCG.O15287"	0.55385088264209	0.00123707163643652	0.812355619062884	0.15658646270318	0.651547418336824	0.00259707946107044	1	1	1	1
"FANCI.Q9NVI1"	"FANCI.Q9NVI1"	0.98957533474035	0.0112029889742582	0.896261448134796	-0.00977265145870607	0.198408563489276	0.340347522746446	1	1	1	1
"FAR1.Q8WVX9"	"FAR1.Q8WVX9"	0.0140358743141752	0.288893049432358	0.0545902870996537	0.490433374175928	0.0965086046622893	0.0520161710908511	1	1	1	1
"FARP2.O94887"	"FARP2.O94887"	0.719828354103352	0.516895143153444	0.0786100109220891	0.455034597451393	0.0414374597501626	0.7680959596061	1	1	1	1
"FARSA.Q9Y285"	"FARSA.Q9Y285"	0.0995737665662506	0.296019843798101	8.42697584624278e-05	-0.313783644250477	0.0173489936390848	0.00145824619965151	1	1	1	1
"FARSB.Q9NSD9"	"FARSB.Q9NSD9"	0.135268115963425	0.675200808273065	0.0134704059538286	-0.233556415821713	0.993941468753457	0.0765994957120573	1	1	1	1
"FASN.P49327"	"FASN.P49327"	2.69703990825491e-06	0.000162441151606866	0.000217742339381628	-0.283765951964514	0.567161134474974	0.00189043248634634	0.0152490636412733	0.858988809697105	1	1
"FASTKD2.Q9NYY8"	"FASTKD2.Q9NYY8"	0.653094501776031	0.185036465970632	0.926538182852195	-0.0144827903773312	0.87006890330506	0.00547132371882105	1	1	1	1
"FASTKD5.Q7L8L6"	"FASTKD5.Q7L8L6"	0.39097302743781	0.333867780365442	0.0149736321275973	0.494996796289261	0.855339535952181	0.000279989019696503	1	1	1	1
"FAS.P25445"	"FAS.P25445"	0.0142644277555966	0.74150601467957	0.00666464200756546	-0.645133693577484	0.680426075669285	0.0046040101625406	1	1	1	1
"FAT1.Q14517"	"FAT1.Q14517"	0.728235699600714	0.910225428512977	6.93461147932939e-05	0.877048328353664	0.141568114174878	0.541243180236536	1	1	1	1
"FAU.P62861"	"FAU.P62861"	0.0672253914978168	0.554726739690882	0.326949903555347	0.444324132271033	0.140526911228279	0.802939912313787	1	1	1	1
"FBLN1.P23142"	"FBLN1.P23142"	6.16462995185418e-06	0.478155053661534	0.926083751820916	-0.0202639680645144	0.0390220048770984	0.0124893260015992	0.0343986351313463	1	1	1
"FBL.P22087"	"FBL.P22087"	0.599490976950512	0.864914220500616	0.907303990946137	0.0192739049459764	0.550551361627338	0.00890524082117891	1	1	1	1
"FBN2.P35556"	"FBN2.P35556"	0.254272610673562	0.198486054990283	1.23516389806239e-09	0.999217289605244	0.288993841594844	0.769079196025602	1	1	1	1
"FBXL15.Q9H469"	"FBXL15.Q9H469"	0.0273087790597516	0.252044554115582	0.454271068429348	-0.236708106351941	0.15081066651639	0.968959740016317	1	1	1	1
"FBXL18.Q96ME1.4"	"FBXL18.Q96ME1.4"	0.864905976701741	0.644808332725849	0.582683891156284	0.108752017083472	0.336394587174167	0.0481929584082903	1	1	1	1
"FBXL6.Q8N531"	"FBXL6.Q8N531"	0.821407869146315	0.012989649803875	0.355396170263958	-0.37266178064962	0.189351473946028	0.958826033597348	1	1	1	1
"FBXO11.Q86XK2"	"FBXO11.Q86XK2"	0.681071970561697	0.0300975793905925	0.653718275090002	0.149789065399287	0.876082157224553	0.482899682579421	1	1	1	1
"FBXO17.Q96EF6"	"FBXO17.Q96EF6"	0.0783559097171065	0.0602322079795196	0.0621054299951873	0.61754902388667	0.637271625911796	0.168005322651872	1	1	1	1
"FBXO22.Q8NEZ5"	"FBXO22.Q8NEZ5"	0.985442642877357	0.0624393314573817	0.0732700086323554	-0.323098731723262	0.224397204830384	0.0397444503189502	1	1	1	1
"FBXO28.Q9NVF7"	"FBXO28.Q9NVF7"	0.196037539190412	0.0286477805656844	0.0001191261724398	0.530655943972496	0.0274799875031689	0.000639495173146406	1	1	1	1
"FBXO2.Q9UK22"	"FBXO2.Q9UK22"	7.00686670451427e-05	0.0936467508940643	0.0121736580126646	1.0926913055345	0.332864575709448	0.232665058480399	0.376759222701733	1	1	1
"FBXO30.Q8TB52"	"FBXO30.Q8TB52"	0.0908778913896322	0.010692288911918	0.497130800895012	-0.176536136870639	0.00348787261550196	0.291589682830224	1	1	1	1
"FBXO3.Q9UK99"	"FBXO3.Q9UK99"	0.0722892398783558	0.0263914928113662	0.0030346397957006	1.16997802769613	0.147291378810028	0.00538273620664057	1	1	1	1
"FBXO44.Q9H4M3"	"FBXO44.Q9H4M3"	0.872807487995314	0.976359044366865	0.249843937530386	0.427811349314728	0.763231224408577	0.463563401809941	1	1	1	1
"FBXO5.Q9UKT4"	"FBXO5.Q9UKT4"	0.0308363524615676	0.00125099606327409	0.0016093432997559	0.699542824172382	0.395361372820793	0.413088712944039	1	1	1	1
"FBXO9.Q9UK97"	"FBXO9.Q9UK97"	0.65870485783938	0.369829114951822	0.606384236363363	0.107288349995034	0.390104637538994	0.573473574383286	1	1	1	1
"FBXW11.Q9UKB1"	"FBXW11.Q9UKB1"	0.995030080992342	0.0262355391808453	0.624949621951739	0.270356051254637	0.561379146332104	0.152146695901064	1	1	1	1
"FCF1.Q9Y324"	"FCF1.Q9Y324"	0.250761325587596	0.761896811715187	0.55625456958935	-0.137518029842783	0.433685992909529	0.000467918523434908	1	1	1	1
"FCHSD2.O94868"	"FCHSD2.O94868"	0.0780959920034796	0.00145898374914091	0.00067414332426831	-1.34010275017761	0.036805237565399	0.465715377007673	1	1	1	1
"FDFT1.P37268"	"FDFT1.P37268"	0.0343412403423981	2.37890538877886e-05	6.15816046417097e-06	0.462031056643518	0.187156447049366	0.305832304067134	1	0.130554327736184	1	1
"FDPS.P14324"	"FDPS.P14324"	0.151537303933155	0.0693875839122492	0.0188352893728077	0.216778518815833	1.25924493421614e-05	8.17324483583405e-09	1	1	0.0740687870305934	4.81404120830626e-05
"FDX1.P10109"	"FDX1.P10109"	0.409073108191119	0.473151269477993	0.59852115699032	-0.0779810745516088	0.795280578148401	0.14592923518926	1	1	1	1
"FDX2.Q6P4F2"	"FDX2.Q6P4F2"	0.525025801428255	3.77715649793242e-05	0.5531601478525	-0.231838898536267	0.748413500676362	6.14229929740047e-07	1	0.205363998792586	1	0.00357727511080604
"FDXR.P22570"	"FDXR.P22570"	5.57402305891883e-07	2.81004438593238e-06	6.20848239543825e-08	-0.628251232807526	0.114024059252668	0.000133866890169996	0.0031928004081487	0.0158936110468335	1	0.727031080513249
"FECH.P22830"	"FECH.P22830"	0.190800686482415	0.453971255417461	0.734032005220498	-0.0459048038145464	0.922922281053354	0.00684315028086014	1	1	1	1
"FEM1B.Q9UK73"	"FEM1B.Q9UK73"	0.0111471713414331	0.633541867718243	4.9654265594197e-05	4.17280178237874	0.00946364039983741	0.850042511210705	1	1	1	1
"FEN1.P39748"	"FEN1.P39748"	0.184249386792885	0.0343975999997066	0.156956864033333	0.146672900192676	0.322961645322533	0.042509854023587	1	1	1	1
"FERMT2.Q96AC1"	"FERMT2.Q96AC1"	0.0567019330733038	0.350287594489128	0.264456291097772	0.0990735342168414	0.51478941609502	0.105176630403963	1	1	1	1
"FGF1.P05230"	"FGF1.P05230"	0.665290177135772	0.773153434004073	0.635297731021416	-0.11934248779648	0.363740013191752	0.47763184008726	1	1	1	1
"FHIP1B.Q8N612"	"FHIP1B.Q8N612"	0.240947158894417	0.703185448786769	0.291152384928604	-0.681893573430219	0.372485793529264	0.618334340884358	1	1	1	1
"FHIP2A.Q5W0V3"	"FHIP2A.Q5W0V3"	0.966239940241205	0.0172424287409859	0.879727688706331	-0.02570921357434	0.15007560979536	0.181767222931868	1	1	1	1
"FHL1.Q13642.1"	"FHL1.Q13642.1"	0.737059125839527	0.19541933039878	0.678671177798944	0.0420383533663311	0.15305517237306	0.0261890167245117	1	1	1	1
"FHL2.Q14192"	"FHL2.Q14192"	0.973077674879306	0.0529256947743673	0.0381558269564856	0.253340436505988	0.8224831890013	0.00180313644344688	1	1	1	1
"FHL3.Q13643"	"FHL3.Q13643"	0.202192712690597	0.919104401364233	0.651303024335396	-0.109596346875781	0.777542890245696	0.297259506600497	1	1	1	1
"FHOD1.Q9Y613"	"FHOD1.Q9Y613"	4.90552841018133e-08	4.52337729378839e-10	3.03155671449066e-07	-0.537671082156902	0.962399813893487	0.000600319021996455	0.000284226316085907	2.65160376961876e-06	1	1
"FH.P07954"	"FH.P07954"	0.31695956028296	0.183704584423288	0.092929435669727	-0.221924819191	0.201347337997516	0.955865474543397	1	1	1	1
"FIBP.O43427"	"FIBP.O43427"	0.0880191041463887	0.379188152025231	0.0545327799766152	0.641775974011139	0.518668948027811	0.794099041895796	1	1	1	1
"FIGNL1.Q6PIW4"	"FIGNL1.Q6PIW4"	0.164652143546403	0.434365302618255	0.000781638861906031	0.665945774942047	0.317800204093778	0.796122046885681	1	1	1	1
"FIP1L1.Q6UN15"	"FIP1L1.Q6UN15"	0.0154033425388487	0.979839564242989	0.181632548763672	-0.326046737643434	0.38112433766732	0.197827660159673	1	1	1	1
"FIS1.Q9Y3D6"	"FIS1.Q9Y3D6"	0.00133684000863078	0.509189523105441	0.0430519056336678	-0.368095814539138	0.461819820445354	0.0971572191575756	1	1	1	1
"FKBP10.Q96AY3"	"FKBP10.Q96AY3"	0.867111417591269	0.169586990449618	0.00151865460739842	0.466064394840268	0.816748985493445	0.106088512071077	1	1	1	1
"FKBP14.Q9NWM8"	"FKBP14.Q9NWM8"	0.000532389386220965	0.322065289496385	1.96857446905933e-08	-0.921284947325485	0.975110324925856	0.106194004645129	1	1	1	1
"FKBP15.Q5T1M5"	"FKBP15.Q5T1M5"	0.337684375048526	0.498377035568098	0.0115511887112052	-0.337058276752787	0.188706432164054	0.297522621558926	1	1	1	1
"FKBP1A.P62942"	"FKBP1A.P62942"	0.00287070774374955	9.58411049424986e-05	0.000177429415759691	0.525404836771342	0.000247627057117756	1.81832774236268e-05	1	0.511887341497885	1	0.102590051224103
"FKBP2.P26885"	"FKBP2.P26885"	0.857660121954599	0.130806415363053	0.490031062501862	0.114919165657244	0.961689970003386	0.14121473603853	1	1	1	1
"FKBP3.Q00688"	"FKBP3.Q00688"	0.00980916034486258	0.0281309289354959	0.000749331170014586	0.495330992525785	0.345657704188004	0.00052981323085577	1	1	1	1
"FKBP4.Q02790"	"FKBP4.Q02790"	0.276407461720307	0.0990511520662745	0.519415864674471	0.107235691003278	0.828624442780077	0.177008564478854	1	1	1	1
"FKBP5.Q13451"	"FKBP5.Q13451"	0.027176684785057	0.000634613216024059	0.00155179358559206	0.424824709235532	0.00293540166981312	0.64910500759294	1	1	1	1
"FKBP8.Q14318.2"	"FKBP8.Q14318.2"	0.437337021975008	0.0832549615717402	0.392690945610401	0.0918705605555891	0.393157893718629	0.00505856237608063	1	1	1	1
"FKBP9.O95302"	"FKBP9.O95302"	0.883759201416214	0.00770306519135921	0.000187420016073727	0.736338571385115	0.466367175939198	0.027782449730516	1	1	1	1
"FLAD1.Q8NFF5"	"FLAD1.Q8NFF5"	0.539143449344902	0.191069602894937	0.347194623050249	-0.153864510943846	0.0163701552639412	0.570047898573689	1	1	1	1
"FLCN.Q8NFG4"	"FLCN.Q8NFG4"	0.0171779853929876	0.0661251899567133	0.00876619083080041	0.924422138208403	0.447801994972546	0.694350022935814	1	1	1	1
"FLG2.Q5D862"	"FLG2.Q5D862"	0.794631211866571	0.444804729109248	0.103785262444964	0.891566017689834	0.984231046726094	0.712415481002269	1	1	1	1
"FLII.Q13045"	"FLII.Q13045"	0.439513164867439	0.546953121844181	0.00894738206655495	-0.222602109727441	0.00163758317306956	0.788961179898433	1	1	1	1
"FLNA.P21333"	"FLNA.P21333"	0.144371251375506	0.0452908802798857	0.018464537157329	-0.116316258588448	0.0518818684137297	0.0111498196903914	1	1	1	1
"FLNB.O75369.8"	"FLNB.O75369.8"	5.07822425089736e-06	0.000142663652865965	8.11744749692163e-06	-0.377346151645363	0.570518609011807	0.231556977734981	0.0284278993565234	0.756830678453944	1	1
"FLNC.Q14315"	"FLNC.Q14315"	0.911606333262541	0.0493221582139548	0.0414814856060349	-0.125110471075183	0.0654843104879576	0.0543002079917787	1	1	1	1
"FLOT1.O75955"	"FLOT1.O75955"	0.226009115064948	0.168285225118757	0.396494549507772	0.112963728468783	0.0172325514614114	0.00201109910016735	1	1	1	1
"FLOT2.Q14254"	"FLOT2.Q14254"	0.208004614601722	0.384748618384081	0.102654425722489	0.293090791203241	0.750540218830846	0.0979095105804191	1	1	1	1
"FLRT2.O43155"	"FLRT2.O43155"	0.10248386234817	0.989910899315964	0.731350831672911	-0.148515282268453	0.558457928279808	0.256769199310158	1	1	1	1
"FLVCR1.Q9Y5Y0"	"FLVCR1.Q9Y5Y0"	0.445520576282554	0.965608426147779	0.368171969165401	-0.19953035198045	0.969254123049226	0.0102291496688127	1	1	1	1
"FLYWCH2.Q96CP2"	"FLYWCH2.Q96CP2"	0.0168046651599899	0.00205798786787556	0.687106305810493	0.0579603785858605	0.301560160719291	0.164438788069707	1	1	1	1
"FMC1.Q96HJ9.2"	"FMC1.Q96HJ9.2"	0.709507310142564	0.577997989362505	0.759213607922843	-0.0211107268883986	0.328323182711928	0.0183403283777987	1	1	1	1
"FMNL1.O95466"	"FMNL1.O95466"	0.018409354062818	0.0286193668184213	0.253877075103771	-0.141679083485223	0.00361322098424529	0.00495042908399072	1	1	1	1
"FMR1.Q06787"	"FMR1.Q06787"	0.426262351885062	0.911774977824983	0.167701814161196	-0.163895217529229	0.38238034684586	0.0518751531667149	1	1	1	1
"FMR1.Q06787.2"	"FMR1.Q06787.2"	0.0176192828603748	0.0376205756319491	0.114002410495993	-0.55799295408303	0.854204880271034	0.698943001713869	1	1	1	1
"FN1.P02751"	"FN1.P02751"	0.00234571372671505	0.00926350133603472	0.000395247041724333	-0.751568537951635	0.739165445487819	0.000936325133764702	1	1	1	1
"FN3KRP.Q9HA64"	"FN3KRP.Q9HA64"	0.420126329735754	0.354774074841549	0.101791906798136	-0.481192699573017	0.523847358616994	0.688966198131358	1	1	1	1
"FNBP1L.Q5T0N5"	"FNBP1L.Q5T0N5"	0.000155135513561797	0.00933958418214469	0.735594297579595	-0.0648301791799441	6.2233192744099e-05	0.0676157774853162	0.820046324687659	1	0.364873209058652	1
"FNBP4.Q8N3X1"	"FNBP4.Q8N3X1"	3.49818508201295e-05	0.00111522290826389	2.89995111957682e-05	-0.872942134076635	0.494805246503621	0.413051317142999	0.190686068820526	1	1	1
"FNDC3A.Q9Y2H6"	"FNDC3A.Q9Y2H6"	0.00559081306441843	0.0869985754036373	6.01639980568699e-06	-0.852433117417527	0.918572380653857	0.0129493478910361	1	1	1	1
"FNDC3B.Q53EP0"	"FNDC3B.Q53EP0"	0.73437624531769	0.690388336393345	1.5916897259483e-06	-0.619187338987818	0.737880581964929	0.0257143441432507	1	1	1	1
"FNIP1.Q8TF40"	"FNIP1.Q8TF40"	0.604919093135823	0.0429246303244159	0.493796611306812	0.2248071984688	0.209705278518736	0.324988006689243	1	1	1	1
"FNTA.P49354"	"FNTA.P49354"	0.0169233609049149	0.378650424990191	0.000231296120440052	-0.951857511345681	0.281939161182535	0.142914183722327	1	1	1	1
"FNTB.P49356"	"FNTB.P49356"	0.00384500571319032	0.187947683955931	0.00367992224778149	-1.02417817495404	0.720665908217194	0.139773217270613	1	1	1	1
"FOCAD.Q5VW36"	"FOCAD.Q5VW36"	0.866958981730596	0.0411672863696357	0.624690510707518	-0.122160048456761	0.964132232900909	0.0196480841425543	1	1	1	1
"FOSL1.P15407"	"FOSL1.P15407"	0.119091557395963	0.280740165599086	7.51398450905014e-05	0.909811860643444	0.00680556792966029	0.0121510713980258	1	1	1	1
"FOSL2.P15408"	"FOSL2.P15408"	0.266950987576548	0.915876445850613	0.442647935350873	0.235798973128918	0.861225790985692	0.362972788647388	1	1	1	1
"FOXJ3.Q9UPW0"	"FOXJ3.Q9UPW0"	0.310213958429749	0.963664754587079	0.0629750385303841	0.460497986169681	0.612403023285265	0.583074542571265	1	1	1	1
"FOXK1.P85037"	"FOXK1.P85037"	2.07399056963258e-05	0.0231450546587431	5.68578007039369e-05	0.354867822581887	0.398496244908455	0.0910114411319026	0.114131701046881	1	1	1
"FOXK2.Q01167"	"FOXK2.Q01167"	0.00224393263089538	0.222190758403972	0.62833310926243	-0.0776251856373347	0.0289584950235398	0.430196549536552	1	1	1	1
"FOXO3.O43524"	"FOXO3.O43524"	0.0326489798719898	0.636516918439752	0.256721646966175	0.527982431010863	0.0205538370427257	0.157277040251132	1	1	1	1
"FOXRED2.Q8IWF2"	"FOXRED2.Q8IWF2"	0.000169412579513366	8.47208277791831e-05	4.61309786537828e-07	2.26275850498372	0.110699717684616	0.408075891011044	0.893990182092035	0.453872662907212	1	1
"FPGS.Q05932"	"FPGS.Q05932"	0.0675911699518659	0.961100006373818	0.00488413180080168	0.542327835711915	0.659277499911954	0.967312333455347	1	1	1	1
"FRG1.Q14331"	"FRG1.Q14331"	0.522516273592437	0.959020739367684	1.37843763025817e-06	-0.638965263275853	0.0379986274345546	0.0326949448861303	1	1	1	1
"FRMD5.Q7Z6J6"	"FRMD5.Q7Z6J6"	0.0500950814650346	0.0216367822033254	0.247216511076533	-0.416775240442668	0.0123608077944709	0.642273077390682	1	1	1	1
"FRMD6.Q96NE9"	"FRMD6.Q96NE9"	0.00287356703140152	0.23053135898718	0.789805826130904	0.0521094786823756	0.54570830485975	0.898002358903411	1	1	1	1
"FRMD8.Q9BZ67"	"FRMD8.Q9BZ67"	0.343928644968386	0.611050338399891	0.245305336222972	0.154178397062556	0.0215173077398487	0.908459914386502	1	1	1	1
"FRYL.O94915"	"FRYL.O94915"	0.08327074551292	0.000595224562899691	0.287651395461165	0.116315043172079	0.482931784583064	0.348956297157596	1	1	1	1
"FSCN1.Q16658"	"FSCN1.Q16658"	0.0122881570434861	0.00890295982796104	0.00314309054763007	0.426755051539237	0.942206503366579	0.132244138098092	1	1	1	1
"FSD1.Q9BTV5"	"FSD1.Q9BTV5"	0.0406804828689107	0.00299047558008583	0.0171082252246716	0.380871085757984	0.515295287907601	0.635787157104559	1	1	1	1
"FSTL1.Q12841"	"FSTL1.Q12841"	0.00041454799241471	0.889067274223605	2.30002374229187e-13	1.33611115379337	0.0781199981334637	0.108571991569433	1	1	1	1
"FSTL3.O95633"	"FSTL3.O95633"	0.197513143433786	0.300257660473297	0.0532879110158456	-0.573736701036688	0.944272739702621	0.378618406703666	1	1	1	1
"FTH1.P02794"	"FTH1.P02794"	0.468323227362086	0.327578080035137	6.70619495506117e-06	-0.588426915717956	0.428812088562371	0.475048182403191	1	1	1	1
"FTL.P02792"	"FTL.P02792"	0.555650358765073	0.348843942216356	0.725594625046655	-0.0894907157885603	0.50595041871049	0.884359035446422	1	1	1	1
"FTO.Q9C0B1"	"FTO.Q9C0B1"	0.778976956174248	0.0129959716345892	0.54666262877789	-0.0770266100716284	0.826903688749472	0.79436918827408	1	1	1	1
"FTSJ1.Q9UET6"	"FTSJ1.Q9UET6"	0.179800226466085	0.0402192189666839	0.490168849976369	-0.192079980676677	0.489752993371302	0.550724425846445	1	1	1	1
"FTSJ3.Q8IY81"	"FTSJ3.Q8IY81"	0.204399450258076	0.287791475239424	0.0108631236466187	-0.391943318498151	0.0164039928614304	2.98726409738948e-06	1	1	1	0.0171797558240869
"FUBP1.Q96AE4"	"FUBP1.Q96AE4"	0.00103669544746478	0.0989612902559969	0.00204628101506452	-0.274933773925563	0.498248156079755	0.178027872633327	1	1	1	1
"FUBP3.Q96I24"	"FUBP3.Q96I24"	0.291418178890829	0.0589728122163509	0.255986351672172	-0.112030712003659	0.0703246296943812	0.906695778254829	1	1	1	1
"FUCA2.Q9BTY2"	"FUCA2.Q9BTY2"	0.122937883126778	0.0944557284569041	0.647106649705628	-0.282808768287232	0.883665174064951	0.0390196522183531	1	1	1	1
"FUNDC2.Q9BWH2"	"FUNDC2.Q9BWH2"	0.58452293460377	0.871324174809783	0.246942332566624	-0.30455944768295	0.0173663837782064	0.00095931123343615	1	1	1	1
"FURIN.P09958"	"FURIN.P09958"	0.20943543016713	0.398358530170226	0.104901436756674	0.795941009550824	0.111672355210509	0.203635782804172	1	1	1	1
"FUS.P35637"	"FUS.P35637"	0.704232787787365	0.585181106276155	0.261656435630641	-0.198244612780153	0.0381677656008862	0.52925626859647	1	1	1	1
"FUT8.Q9BYC5"	"FUT8.Q9BYC5"	0.000218322425831667	0.00887031340815727	0.449707784202025	-0.106758551657649	0.565970317115186	0.00867074876389687	1	1	1	1
"FXN.Q16595"	"FXN.Q16595"	0.0299216812801599	0.302119075264751	0.286763051525994	0.134041525438514	0.0535989721590058	0.947776985448364	1	1	1	1
"FXR1.P51114"	"FXR1.P51114"	0.928039532709372	3.64763239145213e-05	0.00406244654082621	0.234295902835147	0.255095302706475	0.00451151457974238	1	0.198467678418911	1	1
"FXR2.P51116"	"FXR2.P51116"	0.129586632095164	2.67244979571305e-06	0.0868800412633858	0.173063113378729	0.613321078382118	0.00110964921029987	1	0.0151207209441444	1	1
"FXYD5.Q96DB9"	"FXYD5.Q96DB9"	0.11652287204149	0.113156432174367	0.000230617989195735	0.72131075976382	0.000374527070043062	0.606570974079079	1	1	1	1
"FYCO1.Q9BQS8"	"FYCO1.Q9BQS8"	7.84848168220136e-06	0.00642259404971234	0.000141634691869391	-1.01967810331033	0.0114693773596276	0.814421295961826	0.0436846490431328	1	1	1
"FYTTD1.Q96QD9"	"FYTTD1.Q96QD9"	6.4979187152514e-05	5.53242870201976e-06	1.60208265782023e-05	1.27682686453326	0.211905756258968	0.0210718998385109	0.350042881190593	0.0310203277322248	1	1
"FZD6.O60353"	"FZD6.O60353"	0.00585975687925974	0.00298396502737611	0.237701274122103	0.156520339352015	0.179111241526432	0.559801361945368	1	1	1	1
"G3BP1.Q13283"	"G3BP1.Q13283"	0.34388539483082	0.977228301509647	0.0064843359152973	0.177525765073798	0.785026954737095	0.00845997285159731	1	1	1	1
"G3BP2.Q9UN86"	"G3BP2.Q9UN86"	0.0143332716968966	0.0216139635453274	0.000875482474062563	0.334996308660896	0.174072040227746	0.558664064009671	1	1	1	1
"G6PC3.Q9BUM1"	"G6PC3.Q9BUM1"	0.371363178041817	0.0352742248395418	0.999909892677193	-3.33287194489024e-05	0.62508531532002	0.00104358410378269	1	1	1	1
"G6PD.P11413"	"G6PD.P11413"	0.000178834449400956	0.0667811956918481	0.41695098654755	0.0620926043744944	0.310478469593816	0.000629612173518773	0.942099879444237	1	1	1
"GAA.P10253"	"GAA.P10253"	1.88555445687355e-05	0.00103920638194518	0.328352601909951	-0.0964724126218801	0.779676209367729	0.0271681018953428	0.103837483940027	1	1	1
"GABARAPL1.Q9H0R8"	"GABARAPL1.Q9H0R8"	0.706116781218	0.0924645222392432	0.0369074214356712	-0.460319432729218	0.000132978474011171	0.905503607774275	1	1	0.776993223647274	1
"GABARAPL2.P60520"	"GABARAPL2.P60520"	0.202545982657709	0.0172792270303231	0.112251021171411	0.658462110098293	0.592150084984661	0.508548276063578	1	1	1	1
"GABPA.Q06546"	"GABPA.Q06546"	0.149105729255506	0.00428767222321023	1.25983458401656e-05	0.568223026431576	4.47606422363577e-06	0.0177595209835964	1	1	0.0263819225341092	1
"GABPB1.Q06547"	"GABPB1.Q06547"	0.283230594742691	0.0897200606036431	0.159946124843201	0.438286122895253	0.339455824760681	0.495378214195092	1	1	1	1
"GADD45GIP1.Q8TAE8"	"GADD45GIP1.Q8TAE8"	0.844577295192073	0.227401249637968	0.0165583074195626	0.487915273135408	0.514352706751299	0.0456568094794086	1	1	1	1
"GAK.O14976"	"GAK.O14976"	0.847527713008862	0.0733165501582772	0.123641041830116	0.520554822018907	0.589580147398401	0.504446189365629	1	1	1	1
"GALC.P54803"	"GALC.P54803"	5.73330892382305e-07	0.00011333297340965	6.57295003771797e-05	-0.566416927225923	0.800605969202387	0.000332103064031249	0.00328289268978108	0.603724749353205	1	1
"GALE.Q14376"	"GALE.Q14376"	0.0456765896630184	0.359974539946704	0.498984678781456	-0.170746058442101	0.990158076944077	0.954989192726977	1	1	1	1
"GALK1.P51570"	"GALK1.P51570"	0.000313470281126146	3.49236553116157e-05	7.67673126488635e-07	-0.902087670102985	0.233363515508958	0.0711214164035957	1	0.190229150482371	1	1
"GALNS.P34059"	"GALNS.P34059"	0.109951691758444	0.931785738231665	0.131806378060218	0.304729188817833	0.827143098989955	0.456450444876898	1	1	1	1
"GALNT14.Q96FL9"	"GALNT14.Q96FL9"	8.27647932134581e-06	0.000740336654012301	0.166474301418731	-0.225549982493312	0.224374402026913	0.00186962132583305	0.0460172250266827	1	1	1
"GALNT1.Q10472"	"GALNT1.Q10472"	0.572755824865537	0.246912047369289	0.291259116579314	0.283407185359775	0.702798414179698	0.63836518391259	1	1	1	1
"GALNT2.Q10471"	"GALNT2.Q10471"	0.000329712989875653	0.0220843064578669	0.00319477308585187	0.344148907608535	0.017966350860694	0.00164777025313127	1	1	1	1
"GALNT6.Q8NCL4"	"GALNT6.Q8NCL4"	0.000243588005353739	0.604061477854896	0.629925623957633	-0.0972639050468444	0.0344758359365842	0.000325175713893142	1	1	1	1
"GALNT7.Q86SF2"	"GALNT7.Q86SF2"	0.953213891540027	0.0820634759903077	0.154301572938654	0.138248140219102	0.647088234643777	0.000503279521595476	1	1	1	1
"GAMT.Q14353"	"GAMT.Q14353"	0.115853414855745	0.128961286970405	0.00114961788162357	0.823564750073904	0.0186762579033488	0.0101517801884555	1	1	1	1
"GANAB.Q14697"	"GANAB.Q14697"	0.0464209387991188	0.0280965228894841	0.0728709535940212	0.119514330473888	0.589044557239865	7.63768173177565e-05	1	1	1	0.420683509786203
"GANAB.Q14697.2"	"GANAB.Q14697.2"	0.946547496530249	0.51496367761731	0.292845841497946	-0.644469626167166	0.074816474723953	0.0719620910464647	1	1	1	1
"GAN.Q9H2C0"	"GAN.Q9H2C0"	0.897471798519491	3.47542924129909e-06	0.920920318050371	-0.016567755671072	0.681995574390681	0.000193336817933581	1	0.0196083717794095	1	1
"GAPDH.P04406"	"GAPDH.P04406"	0.0326094511766329	0.000499342884511663	0.00109001898674809	0.255898295772263	0.141920815550473	4.6970025757296e-05	1	1	1	0.261059403159051
"GAPDH.P04406.2"	"GAPDH.P04406.2"	0.266068912030125	0.977027933366377	0.403657984930099	-0.696720458683678	0.659290936772287	0.507531456611163	1	1	1	1
"GAPVD1.Q14C86"	"GAPVD1.Q14C86"	0.099707444000899	0.617210514258171	0.503421176617491	0.0812033811659497	0.315545121009085	0.0525669938884895	1	1	1	1
"GAR1.Q9NY12"	"GAR1.Q9NY12"	0.111093866650336	0.964398743715612	0.512768824321523	-0.173062940842179	0.886102013198948	0.202358035970837	1	1	1	1
"GARS1.P41250"	"GARS1.P41250"	0.000413877353831723	8.9911769139903e-07	1.12689905059053e-11	-0.964807184585056	0.774028010670052	0.0220133674931412	1	0.00513486113557986	1	1
"GART.P22102"	"GART.P22102"	0.0125152407989556	0.0120537003264618	0.050827858312981	-0.162349474223874	0.0878166060933948	0.0407202618778841	1	1	1	1
"GATAD2A.Q86YP4"	"GATAD2A.Q86YP4"	0.594936568939775	0.0994551522961145	0.500587267519744	0.0731557671041961	0.0516002651609228	0.00479853501458726	1	1	1	1
"GATAD2B.Q8WXI9"	"GATAD2B.Q8WXI9"	0.340413682143111	0.747096542279089	0.746660407333425	0.0320102868478683	0.92771692897559	0.740791769695043	1	1	1	1
"GATB.O75879"	"GATB.O75879"	0.0465321101979384	0.995155140302633	0.329547739481368	0.220803069306672	0.021616705245918	0.554722965033985	1	1	1	1
"GATC.O43716"	"GATC.O43716"	0.180470238312343	0.472973989106472	0.92817269052922	0.0113276676420752	0.409788007427204	6.7419426696786e-05	1	1	1	0.371952977086168
"GATD1.Q8NB37"	"GATD1.Q8NB37"	0.124329535384478	0.0262230298456245	0.0490708433104907	-0.261883952357215	0.674012743838535	0.0277445226282554	1	1	1	1
"GATD3B.A0A0B4J2D5"	"GATD3B.A0A0B4J2D5"	2.46180517222458e-06	0.021353717377506	0.000667889359623152	-0.384670143577174	0.0820191522491908	0.0158046677504274	0.0139313554696189	1	1	1
"GBA.P04062"	"GBA.P04062"	0.0383471601109211	0.0948588852479249	0.265916803586054	0.12404040452278	0.0840113496959831	0.135716274971603	1	1	1	1
"GBE1.Q04446"	"GBE1.Q04446"	0.00636868442888929	0.00240174410460199	0.632911459900723	-0.0452542876589598	0.694482559563403	0.176255860402247	1	1	1	1
"GBF1.Q92538"	"GBF1.Q92538"	1.28629666923449e-06	0.000792644572539121	8.11187241671737e-11	-0.527480454405477	0.726201243476824	0.0369592255509826	0.00731516915793655	1	1	1
"GBP1.P32455"	"GBP1.P32455"	0.325688205017276	0.0729220407858605	0.268447820784434	-0.506039712760515	0.398963791221209	0.259608310819098	1	1	1	1
"GCA.P28676"	"GCA.P28676"	0.00740108123212219	0.300662835933667	0.103960902810333	-0.183741608893463	0.0402395445753352	0.663773063106543	1	1	1	1
"GCC2.Q8IWJ2"	"GCC2.Q8IWJ2"	0.0111751312806517	0.171874485424966	0.00562306916036332	-0.292992999466587	0.032791842098737	0.30959724524049	1	1	1	1
"GCDH.Q92947"	"GCDH.Q92947"	0.035866443843684	0.000177430350255886	0.0217290702288098	-0.452007460860473	0.35600113187476	0.926616178051191	1	0.936299958300312	1	1
"GCFC2.P16383"	"GCFC2.P16383"	0.000348214309423724	0.00131643610925348	0.00917391976518741	-0.223547478283882	0.808867064021031	0.192911530070654	1	1	1	1
"GCLC.P48506"	"GCLC.P48506"	8.70183264522611e-07	0.0272735947869292	0.0002899474884221	-0.346712972368523	0.678244536517951	0.000755481698417927	0.0049643955241015	1	1	1
"GCLM.P48507"	"GCLM.P48507"	0.00116589932379697	0.0670448877604633	1.25482782623736e-06	-0.71257304311774	0.168045257049825	0.00209905798015083	1	1	1	1
"GCN1.Q92616"	"GCN1.Q92616"	0.00870125829254738	0.00816330340354785	0.0494246544310934	-0.12576057875386	0.0024811650613422	0.584622188149892	1	1	1	1
"GCSH.P23434"	"GCSH.P23434"	0.315580534498132	0.742145399723164	0.0302277756053177	-1.59708346639009	0.0181690801205859	0.0864516127969186	1	1	1	1
"GC.P02774"	"GC.P02774"	0.00022685167348597	0.00351461636171482	0.000998254813009701	-1.00438890422125	0.911650976968868	0.0710382147293968	1	1	1	1
"GDAP1.Q8TB36"	"GDAP1.Q8TB36"	0.000534394799473202	0.67901775385748	0.170906245090261	-1.11157578148046	0.22498120023407	0.130947395659396	1	1	1	1
"GDI1.P31150"	"GDI1.P31150"	0.0977960702340345	0.00270760740281797	0.495016742278248	0.097019304831523	0.494850003337199	0.133669343504952	1	1	1	1
"GDI2.P50395"	"GDI2.P50395"	0.00275202194201843	0.000804388061914429	0.256719107848947	-0.0700796775836945	0.159144308825985	0.00373550045431237	1	1	1	1
"GDPD1.Q8N9F7"	"GDPD1.Q8N9F7"	0.000276112521265454	3.33960620006147e-06	1.73504301381956e-07	-1.70629470072666	0.230961270635277	0.0373817349090185	1	0.018848737393147	1	1
"GEMIN2.O14893"	"GEMIN2.O14893"	0.0452495693707781	0.744106732093205	0.0268108151628202	-0.418675097889855	0.377056038678382	0.108841858998836	1	1	1	1
"GEMIN4.P57678"	"GEMIN4.P57678"	0.34747147873332	0.387678329648572	0.423511223642453	0.0806414043643255	0.653586262822094	0.099261105921634	1	1	1	1
"GEMIN5.Q8TEQ6"	"GEMIN5.Q8TEQ6"	0.3403390446089	0.087521697475677	0.843838422341735	-0.010916161808419	0.773763942637041	0.0545601858519959	1	1	1	1
"GEMIN6.Q8WXD5"	"GEMIN6.Q8WXD5"	0.412341800732389	0.0488235965138874	0.75217670933376	0.0619862010737726	0.0684125304507269	0.183216662648592	1	1	1	1
"GEMIN7.Q9H840"	"GEMIN7.Q9H840"	0.186227208865115	0.529377606514605	0.0980069924377501	0.518148362297999	0.758607264330218	0.0844935273055844	1	1	1	1
"GET3.O43681"	"GET3.O43681"	0.0855838490754226	6.40703478251988e-07	0.000194544479871423	-0.365334981674942	0.0608659399278384	9.68477709502517e-08	1	0.00366738670951438	1	0.000567915328852276
"GET4.Q7L5D6"	"GET4.Q7L5D6"	0.878650378151294	0.121637615053085	0.453247397991845	0.172305297735239	0.262738342169119	0.927217213956369	1	1	1	1
"GFER.P55789"	"GFER.P55789"	0.118638394883466	0.00409013115316046	0.183571884530765	0.430231967702992	0.054680169437154	0.0559772066419114	1	1	1	1
"GFM1.Q96RP9"	"GFM1.Q96RP9"	0.00976539767886971	0.0148690059858791	0.0469881506976329	-0.278356496187159	0.303709364698875	0.0393051059505061	1	1	1	1
"GFM2.Q969S9"	"GFM2.Q969S9"	0.0543679440225998	0.556775377771412	0.000648340015712261	-0.634998324120802	0.0982325336872861	0.00240100030355398	1	1	1	1
"GFPT1.Q06210"	"GFPT1.Q06210"	0.00175569726822231	0.000768613371145984	7.46843151404983e-12	-0.734064550399182	0.191037003785395	0.371178489496389	1	1	1	1
"GFUS.Q13630"	"GFUS.Q13630"	0.369666259880221	0.274972112050118	0.898456812861106	-0.013964062559157	0.0267541609695576	0.000100011735995309	1	1	1	0.548064313254292
"GGA1.Q9UJY5"	"GGA1.Q9UJY5"	0.0036101516374735	0.961161689982768	0.0713174227158856	-0.172667560813685	0.0274923814307246	0.00124330185411236	1	1	1	1
"GGA2.Q9UJY4"	"GGA2.Q9UJY4"	0.721152051678093	0.806822763249044	0.0683746376605158	0.299948749020602	0.711690285574285	0.00245466558478976	1	1	1	1
"GGA3.Q9NZ52"	"GGA3.Q9NZ52"	0.00155333300381369	0.00650809135412515	0.0209574125589504	-0.675753375787821	0.00725596600504738	0.0579981718824855	1	1	1	1
"GGCT.O75223"	"GGCT.O75223"	0.0711636321448279	0.301430808595566	0.00239412693182249	-0.847615969813841	0.210305574618203	0.257873818371016	1	1	1	1
"GGCX.P38435"	"GGCX.P38435"	0.268604725833564	0.873540396040098	0.780060722015321	0.0826886794599934	0.603093402789663	0.0939342008079732	1	1	1	1
"GGH.Q92820"	"GGH.Q92820"	0.00115878540287347	0.300441597524144	0.244602477902506	-0.143820606122134	0.552914590353956	0.00745176734144999	1	1	1	1
"GGNBP2.Q9H3C7"	"GGNBP2.Q9H3C7"	0.152813007741219	0.947290164317919	0.253440475889702	-0.444332716869578	0.0075301446636141	0.431291277483063	1	1	1	1
"GGPS1.O95749"	"GGPS1.O95749"	0.502094666343218	0.0175136529271088	0.945665195031993	0.0217907080281515	0.056780313886529	0.646664510026012	1	1	1	1
"GHDC.Q8N2G8"	"GHDC.Q8N2G8"	0.0016796970486233	0.0554764840843421	0.0751387513206096	-0.382674503937472	0.807348745357939	0.924644651835079	1	1	1	1
"GHITM.Q9H3K2"	"GHITM.Q9H3K2"	0.0637949342121028	0.135539250450166	1.01945687180924e-06	-0.898431971699145	0.325487512310539	0.000125983359844856	1	1	1	0.685097510836327
"GID4.Q8IVV7"	"GID4.Q8IVV7"	0.429571471749524	0.595037021106434	0.186465003400509	-0.225893567590772	0.00568529791079914	0.827786210153708	1	1	1	1
"GID8.Q9NWU2"	"GID8.Q9NWU2"	0.0721484120607599	0.249374158503229	0.713675150227032	0.0489565503729331	0.0632045462840338	0.246515339059557	1	1	1	1
"GIGYF2.Q6Y7W6"	"GIGYF2.Q6Y7W6"	0.00182776353781912	0.0584976395443431	0.000761214440095757	-0.462915209347316	0.819017661614831	0.624886254366254	1	1	1	1
"GINS1.Q14691"	"GINS1.Q14691"	0.537561189200561	0.142420485596562	0.28236811092598	0.184109735934058	0.740123959828002	0.469726527966188	1	1	1	1
"GINS2.Q9Y248"	"GINS2.Q9Y248"	0.0294418115197767	0.0278612671997998	0.00226988978344298	0.441922303683791	0.750314163413543	0.493173090583813	1	1	1	1
"GINS3.Q9BRX5"	"GINS3.Q9BRX5"	0.854502975220885	0.0120618664738692	0.324863634102284	0.148050244156228	0.501636109291669	0.147473162881895	1	1	1	1
"GINS4.Q9BRT9"	"GINS4.Q9BRT9"	0.397303597542542	0.0373049394979571	0.000195184527194886	0.473044138762622	0.489974657620829	0.000526316645542295	1	1	1	1
"GIPC1.O14908"	"GIPC1.O14908"	0.00301964673048422	0.000123171924752839	7.86168085631573e-06	0.704249175492612	0.147025695189561	0.646489503773216	1	0.655644155459362	1	1
"GIT1.Q9Y2X7"	"GIT1.Q9Y2X7"	0.423330621700108	0.196011195406416	0.961185067871661	0.00985715178690333	0.524438464287001	0.501458732342438	1	1	1	1
"GIT2.Q14161"	"GIT2.Q14161"	0.447069835791013	0.0362792746904949	0.0122123771271215	0.3556570347604	0.466551723301259	0.106881259929137	1	1	1	1
"GJA1.P17302"	"GJA1.P17302"	0.803545466653511	0.53903312443672	0.0307303587543841	-0.465799784638936	0.421874349412127	0.00286334735552394	1	1	1	1
"GJC1.P36383"	"GJC1.P36383"	0.203765262730391	0.53719594351351	1.19974058442927e-05	0.944904973019905	0.472518430239385	0.859175837578499	1	1	1	1
"GLA.P06280"	"GLA.P06280"	0.690925450895499	0.130546510212553	0.0470933120126445	0.400661275828698	0.915911946508346	0.131516973906512	1	1	1	1
"GLB1.P16278"	"GLB1.P16278"	0.00953635960486363	0.000500946888427101	0.00616178288801412	-0.534737531404556	0.704879778743905	0.320099768136497	1	1	1	1
"GLCE.O94923"	"GLCE.O94923"	0.00410796372018721	0.0322979163902356	4.55609172910362e-05	0.60381120479844	0.676020011314765	0.256349788991965	1	1	1	1
"GLE1.Q53GS7"	"GLE1.Q53GS7"	0.688270489795443	0.00870755939604502	0.0755100182624726	-0.245220752883181	0.00721866984275135	1.34160662042941e-06	1	1	1	0.00777058554552713
"GLG1.Q92896"	"GLG1.Q92896"	4.08405913560507e-05	5.8334914443041e-06	6.65322174396453e-05	0.515843480995315	0.457545762491541	0.146545204733528	0.222009454611492	0.0326908860538802	1	1
"GLI2.P10070"	"GLI2.P10070"	0.753006169154396	0.228710309623499	0.00415752895559429	0.484630274531492	0.000461549305050825	0.00582833330799773	1	1	1	1
"GLIPR1.P48060"	"GLIPR1.P48060"	0.00125577983942989	0.00424621103942845	0.00363857496628394	-0.755075077116105	0.0177279250874637	0.265512848462263	1	1	1	1
"GLIPR2.Q9H4G4"	"GLIPR2.Q9H4G4"	0.0511857010923506	0.352764081411471	0.170483799949877	-0.426365665206457	0.553172256982179	0.0380538838560485	1	1	1	1
"GLMN.Q92990"	"GLMN.Q92990"	0.000418602384722517	0.00660906450907213	7.54581152257808e-05	-1.17888212099942	0.760834515226015	0.789971026706294	1	1	1	1
"GLO1.Q04760"	"GLO1.Q04760"	0.758191054982038	0.956785140388109	0.535938185404248	-0.142145953815054	0.270659557226672	0.0334137737822412	1	1	1	1
"GLOD4.Q9HC38.2"	"GLOD4.Q9HC38.2"	0.197039880217241	0.480024174398926	0.252389229252058	0.181391727278309	0.584002836114997	0.00398783648213297	1	1	1	1
"GLRX3.O76003"	"GLRX3.O76003"	1.53075325427339e-06	0.000912980390946007	3.58279919854672e-05	0.349780415152612	0.381957936249136	3.51737515774993e-05	0.00869314773101857	1	1	0.196445402560333
"GLRX5.Q86SX6"	"GLRX5.Q86SX6"	0.579092712834078	0.148684919843056	0.807997799569702	0.0563038423061091	0.16261394957101	0.00989127453262619	1	1	1	1
"GLRX.P35754"	"GLRX.P35754"	0.21352414274864	0.424068308937961	0.0238097821541107	-1.78340532947022	0.585556559900233	0.239352477320175	1	1	1	1
"GLS.O94925.3"	"GLS.O94925.3"	0.492263899745404	0.0543914901815365	0.173651346921314	0.129897927786269	0.989706990906056	0.00816400088935126	1	1	1	1
"GLTP.Q9NZD2"	"GLTP.Q9NZD2"	0.147441419391297	0.105593460018057	0.929961827545301	0.0205274853589246	0.171179408140121	0.966838947183828	1	1	1	1
"GLUD1.P00367"	"GLUD1.P00367"	0.000190256749335795	4.51711668190013e-05	0.000135769352726722	-0.466127115734095	0.283153769218474	0.0589516707307495	1	0.244737381825349	1	1
"GLUL.P15104"	"GLUL.P15104"	0.175264392371582	0.485062805363029	0.0774817819329006	0.274311945962628	0.0533339678197826	0.0904548471718517	1	1	1	1
"GLYR1.Q49A26"	"GLYR1.Q49A26"	0.598668848902052	0.254124566963433	0.414903640244587	0.081933702574357	0.0672823147908616	1.29388965102659e-06	1	1	1	0.00749550274839701
"GM2A.P17900"	"GM2A.P17900"	0.20850637448933	0.632272648270068	0.0302109665703829	0.689416399545961	0.268225342576667	0.591784395801747	1	1	1	1
"GMDS.O60547"	"GMDS.O60547"	0.0184848658643694	0.154770823518626	0.0193516945542907	0.46013947788903	0.0387546966480192	0.0736582690797962	1	1	1	1
"GMEB2.Q9UKD1"	"GMEB2.Q9UKD1"	0.0140354336311369	0.0772120565042159	0.954863479222346	0.00918796116025113	0.00379183646213909	0.766697052027772	1	1	1	1
"GMFB.P60983"	"GMFB.P60983"	0.638771461202013	0.352030492206499	0.785273044430164	0.087911620696643	0.516891920317671	0.828138185971955	1	1	1	1
"GMNN.O75496"	"GMNN.O75496"	0.426707342305274	0.288344993483132	0.0892821399823175	0.324544954423616	0.561777600811186	0.603349535388885	1	1	1	1
"GMPPA.Q96IJ6"	"GMPPA.Q96IJ6"	0.503923521353535	0.60436823570431	0.0254917032836227	-0.360903754914835	0.0132246170997515	0.004543610113452	1	1	1	1
"GMPPB.Q9Y5P6"	"GMPPB.Q9Y5P6"	1.22827708827299e-05	8.39067814491802e-07	7.42220204899715e-13	-1.13443868316401	0.00508088043547101	0.00511939740684276	0.0679605712941447	0.00479359442419166	1	1
"GMPR2.Q9P2T1"	"GMPR2.Q9P2T1"	3.99834509404876e-05	7.16641523908781e-05	0.00793343662579453	0.282334392915929	0.32528233561607	0.00013420295742477	0.217509973116253	0.385051490796188	1	0.728722058816504
"GMPS.P49915"	"GMPS.P49915"	0.000208730501946684	8.49707199141494e-05	0.0108942049282115	0.219986506384402	0.00712593369627917	0.0060868082806288	1	0.455103175860184	1	1
"GNA11.P29992"	"GNA11.P29992"	0.298760411358506	0.0820075937808395	0.219969543342776	-0.307772662897358	0.00223424392489296	0.00102670020244158	1	1	1	1
"GNA13.Q14344"	"GNA13.Q14344"	0.0204399644462208	0.0334428417106122	0.0441338708608199	-0.229360612647634	0.187747248381148	8.30168161541277e-05	1	1	1	0.456426455215394
"GNAI1.P63096"	"GNAI1.P63096"	0.252073845727718	6.96586687736005e-06	0.00114134191270115	0.770559688913123	0.474560777112473	2.29430183606545e-05	1	0.0389322299775653	1	0.129123307333764
"GNAI2.P04899"	"GNAI2.P04899"	0.0436545695860673	0.0110676835757773	0.0343143355938713	-0.305961730308268	0.0500778557986791	0.00656726047636149	1	1	1	1
"GNAI3.P08754"	"GNAI3.P08754"	0.897661151443662	0.210241850797903	0.74538770261137	0.045148471277842	0.113290172052276	0.000239976839581386	1	1	1	1
"GNAS.P63092"	"GNAS.P63092"	0.0382547565124262	0.000769440778690885	0.202901009498816	0.179023815513422	0.0534545977239266	0.00868652350264464	1	1	1	1
"GNB1.P62873"	"GNB1.P62873"	0.0403359583300785	0.127647216012063	0.000163461278573827	0.623299653849998	0.320206357744934	0.675652466780455	1	1	1	1
"GNB2.P62879"	"GNB2.P62879"	0.362441577383271	0.607042091384954	0.239908903783609	-0.285212371722626	0.0942211702335194	0.223173477773179	1	1	1	1
"GNB4.Q9HAV0"	"GNB4.Q9HAV0"	0.367992367460986	0.57023381364371	0.050844350405028	0.303886263576768	0.718050122606339	0.47947664017357	1	1	1	1
"GNE.Q9Y223"	"GNE.Q9Y223"	0.00209417302122909	0.0466656097808312	0.792594718337826	0.0242053426832355	0.0321324254792333	0.0111002882203696	1	1	1	1
"GNG12.Q9UBI6"	"GNG12.Q9UBI6"	0.000865707060811528	0.213354559088851	0.0406706514237161	-0.205887448036621	0.198974213475729	0.00359179726298357	1	1	1	1
"GNL1.P36915"	"GNL1.P36915"	0.179124907360248	0.618240667877327	0.00216195914375029	-0.408081360964579	0.146728267120074	0.0848657800018293	1	1	1	1
"GNL2.Q13823"	"GNL2.Q13823"	0.00133219944957713	0.196941880094008	1.7910330417547e-06	0.799232385332538	0.726267564861858	6.45929248209559e-05	1	1	1	0.357005095485423
"GNL3L.Q9NVN8"	"GNL3L.Q9NVN8"	0.00178822368873891	0.00408540581384713	2.93913108373276e-05	0.677011627242336	0.135384827788566	0.213305331926688	1	1	1	1
"GNL3.Q9BVP2"	"GNL3.Q9BVP2"	0.0119153005845752	0.00144324147260164	0.17164797336466	-0.157843057982848	0.776788533635328	0.0156047389951428	1	1	1	1
"GNPAT.O15228"	"GNPAT.O15228"	3.04783908125814e-05	1.54066682640981e-05	0.000557958535111806	0.391824660222303	0.443040421263429	1.12243110985521e-08	0.166533927399945	0.0850294021495574	1	6.60887437482745e-05
"GNPDA1.P46926"	"GNPDA1.P46926"	0.149634283381287	0.0183002490282905	0.197472695225083	0.246612522091736	0.690925671941606	0.907679266403558	1	1	1	1
"GNPDA2.Q8TDQ7"	"GNPDA2.Q8TDQ7"	0.793867158702233	0.370566851652721	0.76198538138121	0.118016673888041	0.416551707252597	0.495388833119699	1	1	1	1
"GNPNAT1.Q96EK6"	"GNPNAT1.Q96EK6"	0.577235543067376	0.0738347656332332	1.54333791405529e-08	-0.811240952661819	0.00852448842926873	0.000321140551400978	1	1	1	1
"GNS.P15586"	"GNS.P15586"	0.353838800860601	0.0990398370790324	0.287134844176292	0.179878149438615	0.254160700306108	0.566213694049503	1	1	1	1
"GOLGA2.Q08379"	"GOLGA2.Q08379"	0.141012947655313	0.0579620668778531	0.0348995441435788	-0.20116579216881	0.723936004927035	0.0144404386075114	1	1	1	1
"GOLGA3.Q08378"	"GOLGA3.Q08378"	8.66076509374029e-05	1.34204115165344e-09	0.000287906542308389	0.319814294559767	0.000340622836912053	0.0565913784313983	0.463350932515105	7.85228277832425e-06	1	1
"GOLGA4.Q13439"	"GOLGA4.Q13439"	2.02916501193417e-09	1.56483956892988e-08	4.49835343020934e-11	-1.11662194572341	0.492439230344146	0.812895547229682	1.18604694947552e-05	9.09641241418942e-05	1	1
"GOLGA5.Q8TBA6"	"GOLGA5.Q8TBA6"	0.0149018334587412	0.00226551701967922	0.0100708891858878	0.363151269823644	0.0262577493308774	0.789331795605386	1	1	1	1
"GOLGA7.Q7Z5G4"	"GOLGA7.Q7Z5G4"	0.671496220430466	0.215420547231405	0.324946266982385	-0.527211472627903	0.215127896967004	0.159164416762043	1	1	1	1
"GOLGB1.Q14789"	"GOLGB1.Q14789"	0.236326372432974	0.197983746899155	0.0709555457711548	-0.193151217500616	0.790066933397141	0.320321800866021	1	1	1	1
"GOLIM4.O00461"	"GOLIM4.O00461"	7.21034600924404e-06	0.00814017039004109	1.74808453068963e-05	0.329415239974804	0.344188289385851	0.152081955242879	0.04015441692548	1	1	1
"GOLM1.Q8NBJ4"	"GOLM1.Q8NBJ4"	0.990989627612272	0.130373350007262	0.472542264883082	0.0975700575386515	0.987986223729844	0.047756931857278	1	1	1	1
"GOLM2.Q6P4E1"	"GOLM2.Q6P4E1"	0.0897677801212848	0.374547961090797	0.974747320208951	-0.00876128888467675	0.0726506162486022	0.148140274293004	1	1	1	1
"GOLPH3L.Q9H4A5"	"GOLPH3L.Q9H4A5"	0.316270526210887	0.396216106699851	0.474287839191959	0.374035270364809	0.0271148896725707	0.976255620559968	1	1	1	1
"GOLPH3.Q9H4A6"	"GOLPH3.Q9H4A6"	0.210423724989815	0.00352376812978757	0.235540478306634	0.266716333571945	0.076765296759229	0.0281116233523363	1	1	1	1
"GOLT1B.Q9Y3E0"	"GOLT1B.Q9Y3E0"	0.368264625859817	0.0122367208337148	0.0793886494462568	-0.568143198180778	0.00240574145091831	0.000187142160286492	1	1	1	1
"GON7.Q9BXV9"	"GON7.Q9BXV9"	0.915475427758895	0.0941616755499864	0.222119840199036	0.473269336977831	0.438893198232182	0.712800547184904	1	1	1	1
"GOPC.Q9HD26"	"GOPC.Q9HD26"	9.19862122846492e-11	4.15501986926228e-07	4.47570818912738e-10	0.659370197749896	0.491760869888879	0.0804079417003805	5.40418997172314e-07	0.00238498140495655	1	1
"GORASP2.Q9H8Y8"	"GORASP2.Q9H8Y8"	0.66240190432172	0.175184741256132	0.0206699466142129	-0.481509208642937	0.18508427797255	0.822658894442404	1	1	1	1
"GOSR1.O95249"	"GOSR1.O95249"	0.122642544647968	0.183768864398865	0.406213734732517	0.0829784347051039	0.140692106132085	0.0215330845232811	1	1	1	1
"GOSR2.O14653"	"GOSR2.O14653"	0.800099441338681	0.0189017497775709	0.729195545581953	0.0425725615204344	0.924351750274256	0.46500062431816	1	1	1	1
"GOT1.P17174"	"GOT1.P17174"	0.248408802925854	0.90165355671235	9.12405274362936e-07	-0.816637677892753	0.81427996304057	0.229251161985488	1	1	1	1
"GOT2.P00505"	"GOT2.P00505"	0.409332413164963	0.429973640197416	0.232365990786427	-0.220446446310778	0.0471562568051764	0.119138256267726	1	1	1	1
"GPAA1.O43292"	"GPAA1.O43292"	0.94235752653379	0.000664927073901108	0.623207379449314	0.0579374378184371	0.064121593310052	0.0598326974515899	1	1	1	1
"GPALPP1.Q8IXQ4"	"GPALPP1.Q8IXQ4"	0.497207626146069	0.146534262312107	0.0343643330229342	-0.591947218537469	0.851580388942623	0.0657618256449374	1	1	1	1
"GPAM.Q9HCL2"	"GPAM.Q9HCL2"	0.740942851871613	0.988226491525891	0.313203174890274	0.261387819166728	0.857567528442522	0.00177709395909915	1	1	1	1
"GPAT3.Q53EU6"	"GPAT3.Q53EU6"	0.236767597557139	0.0767605267284801	5.91801804046074e-06	-0.987783173466919	0.00206785389050627	1.46904090081472e-05	1	1	1	0.0831770958041293
"GPAT4.Q86UL3"	"GPAT4.Q86UL3"	0.508379100697923	0.0611066967473085	0.0147636238270496	-0.85705923474337	0.00670362721870842	0.155316225232589	1	1	1	1
"GPATCH11.Q8N954"	"GPATCH11.Q8N954"	0.710934922213148	0.785359885122976	0.126114696983619	-0.656327650490609	0.113960534662826	0.490218869742075	1	1	1	1
"GPATCH4.Q5T3I0"	"GPATCH4.Q5T3I0"	0.0227089431625799	0.0853022397754014	0.0137170703923874	-0.351331029564471	0.0275253870005497	0.000835163973857899	1	1	1	1
"GPATCH8.Q9UKJ3"	"GPATCH8.Q9UKJ3"	0.509774443374199	0.423083136557867	0.407528632901899	0.154519601447413	0.188959083030572	0.768439728121506	1	1	1	1
"GPC1.P35052"	"GPC1.P35052"	0.278293083242054	0.00111507265527674	1.62168537659799e-05	0.828504783763689	0.355868209260175	0.0955916050909097	1	1	1	1
"GPC4.O75487"	"GPC4.O75487"	3.94043563474773e-05	8.62408199475224e-09	2.90738738645248e-07	-0.935983298343841	0.971424271656509	0.0922623692947854	0.214517315955667	5.02439017014266e-05	1	1
"GPC6.Q9Y625"	"GPC6.Q9Y625"	0.896311039116587	0.00846885636910245	0.0373562826417536	0.691061081241384	0.115281148265032	0.00608255915366902	1	1	1	1
"GPD1L.Q8N335"	"GPD1L.Q8N335"	0.0115781176882364	0.39345080917126	0.226464148086659	-0.789204278307237	0.110863676419845	0.970801077113559	1	1	1	1
"GPD2.P43304"	"GPD2.P43304"	0.101252855237979	0.127792011749746	0.00287712517302654	-0.570369540847759	0.0250427656933408	0.0319830612775633	1	1	1	1
"GPHN.Q9NQX3"	"GPHN.Q9NQX3"	1.00712784671404e-06	2.74801206461121e-05	1.4002896011657e-07	-0.621932771435218	0.00934160366025734	0.000252741133243534	0.00574062872627005	0.150398700296171	1	1
"GPI.P06744"	"GPI.P06744"	0.000296301188417146	1.09893203493253e-06	0.000821732005410961	0.397999342649593	0.378533687003495	0.308095534197234	1	0.00626171473504558	1	1
"GPKOW.Q92917"	"GPKOW.Q92917"	0.826340472847889	0.00523202892669402	0.0700978877071302	0.145256225753065	0.644350769060955	0.105767693749029	1	1	1	1
"GPN1.Q9HCN4"	"GPN1.Q9HCN4"	0.182365373438396	0.358293284199227	0.567479683353696	0.0757207414264189	0.00763027960346998	0.373786706190463	1	1	1	1
"GPN2.Q9H9Y4"	"GPN2.Q9H9Y4"	0.608105594572365	0.511771757660256	0.0438795046978161	-0.310234395832394	0.479534951605292	0.211877746881649	1	1	1	1
"GPR107.Q5VW38"	"GPR107.Q5VW38"	0.93637295727049	0.154256122946232	0.0167732907835153	0.477896580509612	0.0187917080040703	0.226842495686096	1	1	1	1
"GPR155.Q7Z3F1"	"GPR155.Q7Z3F1"	0.812918519999006	0.690250266540445	0.602642496373764	-0.128356322541098	0.1850954401961	0.869029495025692	1	1	1	1
"GPR180.Q86V85"	"GPR180.Q86V85"	0.86789477409608	0.273346735776501	0.00621717127965159	-0.619813752673574	0.00461774155174058	2.71227202436609e-05	1	1	1	0.152212706007425
"GPR89A.B7ZAQ6"	"GPR89A.B7ZAQ6"	0.70479470206348	0.808753453725691	0.259335672922505	-0.39064360148766	0.926921083866099	0.0376699038093477	1	1	1	1
"GPRASP1.Q5JY77"	"GPRASP1.Q5JY77"	0.0120846954373664	0.668970200367839	0.950094723960064	-0.0413529208497087	0.741696922021772	0.601129375042685	1	1	1	1
"GPRC5A.Q8NFJ5"	"GPRC5A.Q8NFJ5"	0.597369495322553	0.066728293078073	0.666222771188311	0.122664861125071	0.601382031446334	0.273340705334205	1	1	1	1
"GPRIN1.Q7Z2K8"	"GPRIN1.Q7Z2K8"	6.4654878353917e-06	0.411190652935121	0.979524856734889	-0.00388535531037516	0.199966736694102	0.0350020993569225	0.0360450946823088	1	1	1
"GPS1.Q13098"	"GPS1.Q13098"	0.461396527681405	0.35080148097222	0.451277276743118	0.0486585102060594	0.310050650170824	0.000323888032323064	1	1	1	1
"GPS2.Q13227"	"GPS2.Q13227"	0.0733311286729939	0.27150052813866	0.0280644936638404	0.361816309012071	0.227137176198832	0.710702525578286	1	1	1	1
"GPT2.Q8TD30"	"GPT2.Q8TD30"	0.0989848967994336	0.0233426122949	1.21358552975436e-06	-0.829431182902766	0.180265197344569	0.102237531289489	1	1	1	1
"GPX1.P07203"	"GPX1.P07203"	2.56495027701344e-09	5.71649344618858e-11	6.76310965653821e-10	-0.765378723553121	0.0673889518244219	0.231044954214056	1.49767446674815e-05	3.35958319832503e-07	1	1
"GPX4.P36969"	"GPX4.P36969"	0.959127640493425	0.628707649427869	0.817610763550558	-0.0452493201354421	0.147617492076532	0.219634149161051	1	1	1	1
"GPX7.Q96SL4"	"GPX7.Q96SL4"	0.00359091499438392	0.0192413731029489	0.0169441189926994	0.538714888550569	0.595947607625942	0.0151971866925078	1	1	1	1
"GPX8.Q8TED1"	"GPX8.Q8TED1"	0.0765917193315331	0.20133281387363	0.164935971511191	-0.334676302037606	0.0614268769914727	0.037686864010601	1	1	1	1
"GRB10.Q13322"	"GRB10.Q13322"	3.63578233076594e-07	5.88786910938537e-05	1.42713049655312e-06	1.54067418245558	0.00145182918635981	0.00420942503571256	0.0020873794131878	0.31717950892259	1	1
"GRB2.P62993"	"GRB2.P62993"	3.58048638979259e-08	6.24152768210267e-09	1.56973460868361e-06	-0.384205448413409	0.879049778106151	0.000236291656427875	0.000207596600880174	3.63943479143407e-05	1	1
"GRHPR.Q9UBQ7"	"GRHPR.Q9UBQ7"	0.16649658765158	0.000438021231337884	0.147586672982302	0.103338817328689	0.0362771058084868	0.732250770236427	1	1	1	1
"GRIPAP1.Q4V328"	"GRIPAP1.Q4V328"	0.211550092099728	0.592630828161447	0.0275542567158141	-0.374245295661269	0.778458885018843	0.153844893347475	1	1	1	1
"GRK2.P25098"	"GRK2.P25098"	0.623291780081108	0.419272711096942	0.350593070900152	0.531152226640948	0.863742287993424	0.151373311565364	1	1	1	1
"GRK6.P43250"	"GRK6.P43250"	0.000491094944502224	0.123154204781328	0.00206815654919757	0.899133750167143	0.186766465549078	0.0415409612738036	1	1	1	1
"GRN.P28799"	"GRN.P28799"	0.103860101350332	0.831451424793554	1.94133295192708e-08	1.11224002515345	0.463693422260158	0.449035852931677	1	1	1	1
"GRPEL1.Q9HAV7"	"GRPEL1.Q9HAV7"	0.000586782956285929	0.00795419025367412	0.00375269359415559	-0.310481224579865	0.832580096474216	0.0145349268278784	1	1	1	1
"GRPEL2.Q8TAA5"	"GRPEL2.Q8TAA5"	8.85667380265777e-07	3.42964846328891e-07	2.66574708521294e-11	-1.3439062677008	0.997665242456728	0.0313773263240073	0.00505096106965572	0.00197067600700581	1	1
"GRSF1.Q12849"	"GRSF1.Q12849"	1.45992582296669e-06	0.791980551914074	0.00674891998300842	-0.201991186712622	0.0396883874280575	6.50046384457406e-05	0.00829383860027377	1	1	0.359085622774271
"GRWD1.Q9BQ67"	"GRWD1.Q9BQ67"	0.742498479269862	0.0035637308560425	0.285718851372803	0.210641082482273	0.769712901403818	0.383460731464731	1	1	1	1
"GSDMD.P57764"	"GSDMD.P57764"	0.0424965988941531	0.405716165229275	4.99247230899938e-05	-0.823144299768144	0.00804398105971364	0.230388803157521	1	1	1	1
"GSDME.O60443"	"GSDME.O60443"	0.0428397902209981	0.998359656198624	0.00316464158584543	-0.926724906783188	0.424423813755656	0.639858310687573	1	1	1	1
"GSE1.Q14687"	"GSE1.Q14687"	0.221270820952521	0.93100153661171	0.0844693992819592	0.430648616799588	0.829630179541094	0.788411552629782	1	1	1	1
"GSK3A.P49840"	"GSK3A.P49840"	0.179240264787219	0.00507748670393517	0.969137369520045	-0.0125550312281574	0.296098932931619	0.0211398205076912	1	1	1	1
"GSK3B.P49841"	"GSK3B.P49841"	8.68875843605135e-05	1.09142358688247e-05	9.66561748407531e-05	0.380295424249218	0.706714055219196	0.326012043175582	0.464761688744387	0.0606613229589277	1	1
"GSN.P06396.2"	"GSN.P06396.2"	0.301671762015285	0.589417214961084	0.365543142322595	-0.108278154139869	0.786421370145712	0.978497267136198	1	1	1	1
"GSPT1.P15170.2"	"GSPT1.P15170.2"	0.00150959455677163	0.000239616899360501	0.682804196621118	0.0247335987494085	0.804515288611339	0.0123079485798999	1	1	1	1
"GSPT2.Q8IYD1"	"GSPT2.Q8IYD1"	0.00026690622030509	0.0016202900859348	0.999793059239952	5.24357897331018e-05	0.0043465704721131	0.587681643403356	1	1	1	1
"GSR.P00390"	"GSR.P00390"	0.000128087176450731	0.00499324220457613	0.00585339070644119	0.221197930151185	0.388776563320805	0.008462442079534	0.680399081306282	1	1	1
"GSS.P48637"	"GSS.P48637"	0.0240933201200777	0.843391966181081	0.0667443858718669	-0.360170034036086	0.143059298412926	0.0777295277444027	1	1	1	1
"GSTCD.Q8NEC7"	"GSTCD.Q8NEC7"	0.0243604158923582	0.762111873257228	0.195242606525201	0.526809368797658	0.229885671196577	0.132974649650831	1	1	1	1
"GSTK1.Q9Y2Q3"	"GSTK1.Q9Y2Q3"	5.90827763610217e-06	2.91733132684146e-08	2.03820417113665e-06	-0.565509423770167	0.326490574993458	0.0359877452429037	0.0329859140423584	0.000169234390270073	1	1
"GSTM3.P21266"	"GSTM3.P21266"	1.12787321740194e-09	2.99554585115527e-07	2.39110748595683e-09	-3.43310652135336	0.976561483347567	0.67581966647369	6.60031406823618e-06	0.00172243886441428	1	1
"GSTM4.Q03013"	"GSTM4.Q03013"	0.0195908124054213	0.789130038616961	0.821958749998004	-0.0869510752429541	0.0550659098128981	0.569654801674805	1	1	1	1
"GSTO1.P78417"	"GSTO1.P78417"	0.357718427045043	0.229968416826237	0.00504294261788353	-0.396155790870305	0.944115052840485	0.0269884738750578	1	1	1	1
"GSTP1.P09211"	"GSTP1.P09211"	0.0021763716155688	0.0627713408325411	0.529127467130908	0.0897527189030203	0.0495625007345909	0.0166292495028604	1	1	1	1
"GSTT1.P30711"	"GSTT1.P30711"	0.00057314872358564	0.209158670784075	0.34637808352797	-0.207504425373954	0.00193171704953489	0.81287923241433	1	1	1	1
"GSTZ1.O43708"	"GSTZ1.O43708"	0.00419942253924201	0.347573894387785	0.254503920548027	-0.176168793658024	0.268552355506525	0.598522993494564	1	1	1	1
"GTF2A1.P52655"	"GTF2A1.P52655"	0.612685803701208	0.743604713431353	0.410301402149553	-0.446659865577069	0.462382863080426	0.679425743054722	1	1	1	1
"GTF2A2.P52657"	"GTF2A2.P52657"	0.0405770200206526	0.621944659662246	0.223149778870436	-0.366941040538029	0.681721396541029	0.626895933288068	1	1	1	1
"GTF2B.Q00403"	"GTF2B.Q00403"	0.0920007324527188	0.0015079571435745	0.0480185712527318	-0.269823688145443	0.898777980671148	0.0062177322841831	1	1	1	1
"GTF2E1.P29083"	"GTF2E1.P29083"	0.253938019650737	0.00673907992246854	0.194484374036446	0.164332576904017	0.233782236099423	0.0267313084867655	1	1	1	1
"GTF2E2.P29084"	"GTF2E2.P29084"	0.03329369703495	0.0649310461838213	0.0117661602622089	0.270505863529992	0.15498303507899	0.000163474864432725	1	1	1	0.882764267936716
"GTF2F1.P35269"	"GTF2F1.P35269"	0.643221562050682	0.228050834846424	0.218410994986758	-0.398166883402685	0.0322294758713166	0.550656704613574	1	1	1	1
"GTF2F2.P13984"	"GTF2F2.P13984"	0.42200239598444	0.0500758683008717	0.416077536036692	0.0758751643851275	0.0360640318032182	0.0770318231671128	1	1	1	1
"GTF2H1.P32780"	"GTF2H1.P32780"	0.164157094153854	0.979893934178983	0.34965814512459	-0.13891311800588	0.146691395593268	0.00938094129920482	1	1	1	1
"GTF2H2.Q13888"	"GTF2H2.Q13888"	0.586780256078102	0.382811564671062	0.821308688552155	-0.0289906419155659	0.17041449975451	0.960838285335629	1	1	1	1
"GTF2H3.Q13889"	"GTF2H3.Q13889"	0.77867149584934	0.900126672190639	0.109473218483547	0.391685256619058	0.156670849586227	0.437075634847773	1	1	1	1
"GTF2H4.Q92759"	"GTF2H4.Q92759"	0.436514661821769	0.0878292058912719	0.526874825341693	0.131673405588272	0.417115354310665	0.00227577285746138	1	1	1	1
"GTF2H5.Q6ZYL4"	"GTF2H5.Q6ZYL4"	0.24690839151236	0.931364222548942	0.205817110871659	-0.405761682394822	0.100783032774944	0.00865743756841361	1	1	1	1
"GTF2I.P78347"	"GTF2I.P78347"	0.324512847447155	0.138888051629161	0.00054294119642279	0.622836094914005	0.609412552641169	0.21720408206931	1	1	1	1
"GTF3C1.Q12789"	"GTF3C1.Q12789"	9.29726428910215e-06	9.32561433397363e-06	0.0163258322661807	-0.212628149634396	0.808434317797938	0.000723934625768809	0.0515998168045169	0.0519623230689011	1	1
"GTF3C2.Q8WUA4"	"GTF3C2.Q8WUA4"	1.35156058946002e-05	2.90754542837439e-09	3.11440184472111e-06	-0.424880791100273	0.241818904945715	0.000136804232044003	0.0747142693853502	1.69858803925632e-05	1	0.742299763070762
"GTF3C3.Q9Y5Q9"	"GTF3C3.Q9Y5Q9"	8.11372783781152e-05	0.0015777328384395	0.00436868513624665	-0.346135343069962	0.921393582022562	0.00597109230017998	0.435058086663454	1	1	1
"GTF3C4.Q9UKN8"	"GTF3C4.Q9UKN8"	0.000798745887814774	0.0692245391271095	0.0287507368908832	-0.142463348430704	0.104829639834192	1.66826499340366e-05	1	1	1	0.0942236068274386
"GTF3C5.Q9Y5Q8"	"GTF3C5.Q9Y5Q8"	0.43759684172869	0.469234913021786	0.714195368009775	0.042614501856925	0.787102063963915	0.00979293372334262	1	1	1	1
"GTF3C6.Q969F1"	"GTF3C6.Q969F1"	0.188679488835383	0.972313772578133	0.219254488129247	0.627579654650501	0.352496529102842	0.973326754878936	1	1	1	1
"GTPBP10.A4D1E9"	"GTPBP10.A4D1E9"	0.624653111478262	0.138963984384074	0.537840036293926	-0.113934060131907	0.590556988674224	0.0583137871919831	1	1	1	1
"GTPBP1.O00178"	"GTPBP1.O00178"	0.278761940706977	0.0602174194274144	0.176009943848976	-0.305473111073668	0.304835774256267	0.348035785915174	1	1	1	1
"GTPBP4.Q9BZE4"	"GTPBP4.Q9BZE4"	0.220362803045509	0.222075821468962	0.0764371596377046	0.284592751934504	0.525200579087142	7.99912651399953e-05	1	1	1	0.440031949535114
"GTSE1.Q9NYZ3"	"GTSE1.Q9NYZ3"	0.0206227847981214	0.00151502787671015	7.36510578427438e-08	0.920466328977008	0.0250049315105566	0.546074835046833	1	1	1	1
"GUF1.Q8N442"	"GUF1.Q8N442"	0.0023744829712558	0.00112741796469476	0.505992845137496	0.0950197105060466	0.0971333055613537	1.57677208864081e-06	1	1	1	0.00912162653278708
"GUK1.Q16774"	"GUK1.Q16774"	0.559525607936372	0.35077734038295	0.825154767376716	-0.0353718325700381	0.43379014591834	0.136507766405843	1	1	1	1
"GUSB.P08236"	"GUSB.P08236"	0.502400939987507	0.0124496013356167	0.00814388982164253	0.459996303599397	0.110952281593302	0.00175101817971233	1	1	1	1
"GXYLT1.Q4G148"	"GXYLT1.Q4G148"	0.471419248388622	0.172755712106804	0.344119288957249	0.138766295293846	0.0246830277301246	0.0231897501007618	1	1	1	1
"GYG1.P46976"	"GYG1.P46976"	0.162524901823601	0.0114256759294374	0.0565550012147481	0.373375583471305	0.882411172932183	0.23155755655745	1	1	1	1
"GYS1.P13807"	"GYS1.P13807"	1.57102401118921e-06	0.00193105474685994	3.75473871527283e-05	0.799025176986522	0.31823571868736	0.289159064875278	0.00891870331152117	1	1	1
"H1.0.P07305"	"H1.0.P07305"	0.529203986906784	0.152570213013921	0.0341636319892219	-0.625945363054534	0.0449858466687853	5.72131198890931e-05	1	1	1	0.316789044825909
"H1.10.Q92522"	"H1.10.Q92522"	0.376556473989686	0.0331019864835879	0.671400495792227	-0.120231072717138	0.0133550355360256	0.000647652608550924	1	1	1	1
"H1.1.Q02539"	"H1.1.Q02539"	1.07876355570465e-05	0.0612553562677174	5.2544538704066e-08	1.19903310894046	0.650403320924452	0.317709514705141	0.0597688357882466	1	1	1
"H1.2.P16403"	"H1.2.P16403"	0.0276808470026961	0.0270273734953497	0.138240907173561	0.468188409874398	0.0273077464780792	0.19554680246861	1	1	1	1
"H1.4.P10412"	"H1.4.P10412"	0.519605718768782	0.610630637298232	0.739068124890364	-0.177182607606526	0.000924702468471126	0.177487741617897	1	1	1	1
"H2AC17.P0C0S8"	"H2AC17.P0C0S8"	0.751574327375376	0.635493058586473	0.319007399494213	-0.194977265943124	0.00789150254301024	0.116525768441828	1	1	1	1
"H2AC20.Q16777"	"H2AC20.Q16777"	0.336216073159478	0.499672073345037	0.764505003958112	-0.187796821304565	0.482831863055318	0.861114211316257	1	1	1	1
"H2AC21.Q8IUE6"	"H2AC21.Q8IUE6"	0.204124110337596	0.627208166392402	0.721468743558247	0.0996859249532589	0.0302478068965653	0.727103311785857	1	1	1	1
"H2AZ1.P0C0S5"	"H2AZ1.P0C0S5"	0.268468626716811	0.448965244233533	0.685710452814189	-0.102872415894942	0.165117681889884	0.0164927554606853	1	1	1	1
"H2BC11.P06899"	"H2BC11.P06899"	0.236646047604407	0.951015743447972	0.114898607333509	0.284964722570924	0.984349691792056	0.960673008788989	1	1	1	1
"H2BC12.O60814"	"H2BC12.O60814"	0.0484708930758818	0.728883449964269	0.0906042809982288	0.530474131850778	0.384361644751625	0.435360459050503	1	1	1	1
"H2BC1.Q96A08"	"H2BC1.Q96A08"	0.594194977847992	0.766374367706264	0.308726378940714	0.908018547510715	0.692663258914713	0.645684204486882	1	1	1	1
"H2BC20P.Q6DN03"	"H2BC20P.Q6DN03"	0.831211786758196	0.700657727453947	0.607733754412952	-0.297849080784432	0.29032560642926	0.920536856599183	1	1	1	1
"H3.2.Q5TEC6"	"H3.2.Q5TEC6"	0.999690740710861	0.737960229950729	0.995572530962357	-0.00105599118460219	0.0670045509401857	0.00178284273294538	1	1	1	1
"H3.3B.P84243"	"H3.3B.P84243"	0.0338890424452932	0.581882771309656	0.980578034052304	-0.00970098604770055	0.930639495313804	0.0321727950303728	1	1	1	1
"H3C15.Q71DI3"	"H3C15.Q71DI3"	0.216340915761961	0.270251964531601	0.639502915999266	0.213172974793227	0.546242009657698	0.0872468104037898	1	1	1	1
"H3C8.P68431"	"H3C8.P68431"	0.512691019299874	0.00397309748875938	0.240659290226464	0.361059862736123	0.552478844401435	0.00645646647799981	1	1	1	1
"H4C9.P62805"	"H4C9.P62805"	0.173306946534488	0.266945810420856	0.412403379709173	0.161757305433562	0.151500102176322	0.134462640946099	1	1	1	1
"H6PD.O95479"	"H6PD.O95479"	0.0245588751944417	0.477942414973186	0.356419534914999	-0.202313849996039	0.229656768219917	0.788038660993715	1	1	1	1
"HACD2.Q6Y1H2"	"HACD2.Q6Y1H2"	0.803248918495527	0.0284564948662555	0.0590281626135689	0.461673602772517	0.24982143945807	0.0123146441192565	1	1	1	1
"HACD3.Q9P035"	"HACD3.Q9P035"	0.510548938142913	0.18573203506918	0.797712575035993	0.048748267354016	0.0892696081101999	0.000430389088094684	1	1	1	1
"HADHA.P40939"	"HADHA.P40939"	0.00923620836124024	0.00479038066667254	0.000476826551256267	-0.56744722078263	0.0193780888112599	0.000243246502590069	1	1	1	1
"HADHB.P55084"	"HADHB.P55084"	0.0558777280943509	0.0861418331844172	0.0164410837589817	-0.597905805848685	0.0564219871027327	0.022597850431536	1	1	1	1
"HADH.Q16836"	"HADH.Q16836"	0.000355876105284659	2.74698293199659e-05	0.000213133017887126	0.325448417005497	0.0378254568690203	0.00065555141733592	1	0.150369845697493	1	1
"HAGH.Q16775"	"HAGH.Q16775"	0.0535457426692337	0.564587835795914	0.0310106029677093	0.257250619693411	0.00359336271545726	1.37607659923935e-05	1	1	1	0.0779685001129018
"HARS1.P12081"	"HARS1.P12081"	0.0659565187022673	0.524409163928895	0.00463859549628779	-0.624004720461163	0.0776306804688876	0.335456381634004	1	1	1	1
"HARS2.P49590"	"HARS2.P49590"	0.0589882578871205	0.170976505623678	0.0539194607798638	-0.292989720698397	0.320985779853804	0.00313556595904863	1	1	1	1
"HAT1.O14929"	"HAT1.O14929"	0.158361585404301	0.0244160512957606	0.266563583342948	-0.155315235520158	0.148452791498138	0.319043398986979	1	1	1	1
"HAUS1.Q96CS2"	"HAUS1.Q96CS2"	0.101662710734782	0.000235547737834202	0.00633473623650059	0.477096499706384	0.790211029592214	0.558462779040186	1	1	1	1
"HAUS4.Q9H6D7"	"HAUS4.Q9H6D7"	0.187920668812288	0.203807988317739	0.581268361304014	0.146722552875186	0.109575018982887	0.962052668160693	1	1	1	1
"HAUS5.O94927"	"HAUS5.O94927"	0.0231948366181728	0.00111888382800391	0.00407264659511919	0.553661214534783	0.558807118291826	0.943002582201003	1	1	1	1
"HAUS7.Q99871"	"HAUS7.Q99871"	0.673646167708999	1.03516438132972e-06	0.554109767678738	-0.135951090263574	0.168037752116797	2.88573704236043e-05	1	0.00590250730234209	1	0.161803275965149
"HAX1.O00165"	"HAX1.O00165"	0.000188771166643989	5.91018738786973e-06	1.49073732959097e-07	-0.95228268567335	0.22753044248204	0.406616688596368	0.993502650047315	0.0331029595594583	1	1
"HBA2.P69905"	"HBA2.P69905"	7.07752067875604e-09	4.40506143606448e-06	5.80561452606371e-05	-0.737380204524824	0.0867085675980162	0.000679205171155921	4.12407129951114e-05	0.0247740655164266	1	1
"HBD.P02042"	"HBD.P02042"	0.00293139195612933	0.00320003355472098	0.000724160147682316	-1.03395251368401	0.659856012771469	0.00142305669010735	1	1	1	1
"HBE1.P02100"	"HBE1.P02100"	0.0605675594561916	0.166714109209725	0.0772303180523704	-1.43267734143603	0.248403146855555	0.843807697318365	1	1	1	1
"HBEGF.Q99075"	"HBEGF.Q99075"	0.00246374464261954	0.0583598954499132	0.275638440272353	0.26092701895148	0.0231323709361112	0.42418483837909	1	1	1	1
"HBS1L.Q9Y450"	"HBS1L.Q9Y450"	7.10976979370165e-08	0.000214543016916124	8.31534194505723e-05	0.367596726873162	0.302782845670395	3.52747442865349e-05	0.000411513475659452	1	1	0.196974172096011
"HCCS.P53701"	"HCCS.P53701"	0.0249251867394936	0.894634334310789	0.351931921430862	-0.112004513873008	0.933683299290808	0.000281466252742241	1	1	1	1
"HCFC1.P51610"	"HCFC1.P51610"	0.0957785284247857	0.297328954916129	0.364111068279697	0.105924677069552	0.0178443537214611	0.135549486235763	1	1	1	1
"HDAC1.Q13547"	"HDAC1.Q13547"	0.0027139451814408	0.0266447796859967	0.000420239383011877	0.352737435004433	0.167697367202021	0.0164770146258329	1	1	1	1
"HDAC2.Q92769"	"HDAC2.Q92769"	0.236288737416136	0.0924625961636091	0.540746152727851	0.0528536216469107	0.0661696830531402	0.215994799582988	1	1	1	1
"HDAC3.O15379"	"HDAC3.O15379"	0.706340476247846	0.152492858228064	0.517021821574858	0.19708768956434	0.987366735540203	0.0150549678800445	1	1	1	1
"HDAC6.Q9UBN7"	"HDAC6.Q9UBN7"	0.00965422795306033	0.0553998975071618	0.106854010526562	0.305488182703206	0.188061449112188	0.122419166113582	1	1	1	1
"HDAC7.Q8WUI4"	"HDAC7.Q8WUI4"	0.172337207682694	0.00356809232722872	0.377992740936106	0.126801495838404	0.594329458165857	0.000667401433467096	1	1	1	1
"HDDC2.Q7Z4H3"	"HDDC2.Q7Z4H3"	0.0238513794047499	3.09968161692059e-05	0.479624874715169	0.202637925426652	0.150564288112327	0.0773276315055735	1	0.169242616283864	1	1
"HDDC3.Q8N4P3"	"HDDC3.Q8N4P3"	0.53526898661784	0.0309382992532741	0.127651550602336	-0.408921078265208	0.961696165412874	0.870986442771489	1	1	1	1
"HDGFL2.Q7Z4V5"	"HDGFL2.Q7Z4V5"	0.095916334038088	0.0191159290470569	0.093153637785161	0.15232779301956	0.389867341176161	0.0209255208581346	1	1	1	1
"HDGFL3.Q9Y3E1"	"HDGFL3.Q9Y3E1"	0.717611892780878	0.121193873603143	0.08790567683504	0.327797485321073	0.522752694856599	0.203578628934418	1	1	1	1
"HDGF.P51858"	"HDGF.P51858"	0.457993259346335	0.0432473654189575	0.0391308346418868	0.394694079337496	0.186835073010718	0.057382716671198	1	1	1	1
"HDHD2.Q9H0R4"	"HDHD2.Q9H0R4"	0.234193663750031	0.0048436877184442	0.868093088966811	-0.0227317811961523	0.516283842601629	0.148800245948641	1	1	1	1
"HDHD5.Q9BXW7"	"HDHD5.Q9BXW7"	0.65157232394939	0.992349360761806	0.295958419464601	0.104577762322398	0.643348450780328	0.0750050607216363	1	1	1	1
"HDLBP.Q00341"	"HDLBP.Q00341"	0.0958768670735677	0.00158429894915537	0.00509383635780271	-0.17005051609363	0.722186532425299	0.10133354434559	1	1	1	1
"HEATR1.Q9H583"	"HEATR1.Q9H583"	0.228737926433023	0.219631951045207	2.33543805087967e-05	-0.388150829025004	0.0001337089921268	3.1409672827449e-08	1	1	0.781127932004766	0.000184500418188436
"HEATR5A.Q86XA9"	"HEATR5A.Q86XA9"	0.834722484759002	0.0826769769623335	0.543653987831855	0.445548591045373	0.158414693931509	0.601417939101048	1	1	1	1
"HEATR5B.Q9P2D3"	"HEATR5B.Q9P2D3"	0.00853726190503274	0.175389193581207	0.00165071718129928	-0.476687597968713	0.639462247814388	0.391859290137575	1	1	1	1
"HEATR6.Q6AI08"	"HEATR6.Q6AI08"	1.09251078885358e-06	1.80676246754176e-08	1.28065431557477e-11	-1.41619457416689	0.032716010356551	0.427723125569351	0.00622075643173226	0.000104972899364176	1	1
"HEBP1.Q9NRV9"	"HEBP1.Q9NRV9"	0.0239194461263797	0.1051912010123	0.0127532504639456	-0.330391364947484	0.109704929586988	0.408595174723186	1	1	1	1
"HEBP2.Q9Y5Z4"	"HEBP2.Q9Y5Z4"	0.773345600171731	0.467320901776361	0.0578102405161157	-0.490192461121866	0.00856538527262495	0.882258903442146	1	1	1	1
"HECTD1.Q9ULT8"	"HECTD1.Q9ULT8"	4.48915741584726e-05	0.00149871119868955	5.60197439459832e-07	0.740086028472679	0.451498164020862	0.18214176678246	0.243536789809714	1	1	1
"HECTD3.Q5T447"	"HECTD3.Q5T447"	0.100414296831279	0.33728678844806	0.613799174162845	0.17947211420019	0.734329834889356	0.272246937642431	1	1	1	1
"HELZ2.Q9BYK8"	"HELZ2.Q9BYK8"	0.0667649590657972	0.735599584412239	0.153951377516392	-0.849430041575389	0.975853446520731	0.793194215016548	1	1	1	1
"HELZ.P42694"	"HELZ.P42694"	0.114236337372213	0.276750911792055	0.0901813836058364	-0.292136280175017	0.0182237660968266	0.0195997880859196	1	1	1	1
"HERC1.Q15751"	"HERC1.Q15751"	0.397775154468539	0.00856053729966724	0.956709743133607	0.0142829742932856	0.87056450271675	0.313273390842925	1	1	1	1
"HERC2.O95714"	"HERC2.O95714"	0.9611896679559	0.252456362413778	0.157527942948492	0.284683553231935	0.0812753496562252	0.784171550274086	1	1	1	1
"HERC4.Q5GLZ8"	"HERC4.Q5GLZ8"	0.0122407224556636	0.00873430491981486	0.0345935370446308	0.197243211624687	0.7983829265433	0.156487117989567	1	1	1	1
"HERPUD1.Q15011"	"HERPUD1.Q15011"	0.00726793299086347	0.481810346538021	1.3070531742201e-15	-2.36883071152616	0.617327657346999	0.215918999011035	1	1	1	1
"HEXA.P06865"	"HEXA.P06865"	0.0359649522575831	0.133975767603416	0.0713560880358688	0.250569748405117	0.383974508985648	0.00469370621197258	1	1	1	1
"HEXB.P07686"	"HEXB.P07686"	0.0166207962307191	0.866220492326032	0.766522040378623	0.0482370696526701	0.652717245026847	0.0777104771004863	1	1	1	1
"HEXIM1.O94992"	"HEXIM1.O94992"	0.978819580345534	0.881462648324287	0.00546828964109127	0.327193470864696	0.00101611921162366	0.171052611407184	1	1	1	1
"HGH1.Q9BTY7"	"HGH1.Q9BTY7"	0.0258026435829561	0.197761381409373	0.0359249328867594	-0.286297337793038	0.0845715043187211	0.324082562477162	1	1	1	1
"HGS.O14964"	"HGS.O14964"	0.0142858761981584	0.777282151703621	0.0326172987939779	-0.212180009302513	0.313589268829446	0.313950121797901	1	1	1	1
"HIBADH.P31937"	"HIBADH.P31937"	0.000240280438205549	0.0146002745657023	3.74315019950739e-05	-0.848705265876596	0.124093988554566	0.0104031093451729	1	1	1	1
"HIBCH.Q6NVY1"	"HIBCH.Q6NVY1"	5.02834910591666e-07	1.57721731067618e-08	1.74216057515046e-05	-0.455127614013451	0.104250948100132	0.28480306964571	0.00288174687260084	9.16678700964995e-05	1	1
"HIF1AN.Q9NWT6"	"HIF1AN.Q9NWT6"	0.0479324524816391	0.199555367835949	0.0328595653567273	-0.424562692417579	0.335674177744251	0.668379584931126	1	1	1	1
"HIGD1A.Q9Y241"	"HIGD1A.Q9Y241"	5.43821018955244e-05	0.000949833668064292	3.08367939316523e-07	-1.50371640338853	0.000282272279552424	0.000885316381363416	0.293989642847205	1	1	1
"HIGD2A.Q9BW72"	"HIGD2A.Q9BW72"	0.0679579283556953	0.888910172347	0.76058308252963	-0.145836089504405	0.943230392150511	0.0910714078221424	1	1	1	1
"HIKESHI.Q53FT3"	"HIKESHI.Q53FT3"	0.940089503642779	0.343465238813917	0.121324529068695	-0.33037409244097	0.0395184580116021	0.0271630683085636	1	1	1	1
"HINT1.P49773"	"HINT1.P49773"	0.000399711707148053	0.0471898755789057	0.000272772715545646	0.43547033528426	0.140397053765707	3.26277259245457e-07	1	1	1	0.0019064380257712
"HINT2.Q9BX68"	"HINT2.Q9BX68"	0.201048054034516	0.694126844534231	0.0791110251174456	-0.321949925148547	0.565078998449796	0.156865308503398	1	1	1	1
"HINT3.Q9NQE9"	"HINT3.Q9NQE9"	0.000563239519999231	0.134195943756364	0.00301838636762967	0.586410338907216	0.681937171094702	0.856457684716497	1	1	1	1
"HIP1R.O75146"	"HIP1R.O75146"	0.0469807268723885	0.274589922741645	0.00584239059386644	-0.184793131413815	0.796959800800869	0.606338881974615	1	1	1	1
"HIP1.O00291"	"HIP1.O00291"	0.929211510851278	0.599651839712571	0.163180962598231	0.138216309531325	0.886467553926871	0.617391994410831	1	1	1	1
"HIRA.P54198"	"HIRA.P54198"	0.599600692155915	0.86817055383557	0.0380158531658437	0.713427838846806	0.842988288814617	0.732531506029934	1	1	1	1
"HIRIP3.Q9BW71"	"HIRIP3.Q9BW71"	0.503418249450372	0.000721872960640186	0.000310387070622981	0.571451034930527	0.016886459452468	0.23603304059426	1	1	1	1
"HK1.P19367"	"HK1.P19367"	0.887138381251473	0.558579264684746	0.0245288077603885	-0.495265877515762	0.0111849151100566	0.0649453134107732	1	1	1	1
"HK2.P52789"	"HK2.P52789"	5.61842634067518e-08	2.71018911100442e-08	5.96570876460726e-13	-1.41804680775851	0.285722883832168	0.40496886606727	0.0003253630693885	0.000157299376002696	1	1
"HLA.A.P04439"	"HLA.A.P04439"	0.70882835650395	0.457470040450956	0.573968467385798	0.233447717042648	0.496489547036226	0.325525363346412	1	1	1	1
"HLA.B.P01889"	"HLA.B.P01889"	1.46107895563631e-06	0.0293027224561988	0.0994524053677708	-0.246514989541101	0.0908068179455481	0.0620887146493316	0.00829892846801423	1	1	1
"HLA.C.P10321"	"HLA.C.P10321"	0.100769525362901	0.011450763982308	0.00057472347163223	1.07659090112753	0.289530702126262	0.114765439788663	1	1	1	1
"HLA.E.P13747"	"HLA.E.P13747"	0.00538154870793445	0.327677222212631	0.310740269241079	0.309110978302333	0.537560413879423	0.000255155897406426	1	1	1	1
"HLA.F.P30511"	"HLA.F.P30511"	0.123399960368868	0.790095065632459	0.89955477269263	-0.0686045810079755	0.527238929772861	0.943955069577529	1	1	1	1
"HLA.H.P01893"	"HLA.H.P01893"	3.16137179980694e-06	0.0102453274556404	0.0123774409941	0.365377158827017	0.48973154637313	0.0216901774484715	0.0178427824381104	1	1	1
"HLTF.Q14527"	"HLTF.Q14527"	8.04576257725411e-05	0.0229812062032005	5.39943003252394e-06	0.740422857771902	0.778166600018742	0.607051555595379	0.431574704643911	1	1	1
"HM13.Q8TCT9"	"HM13.Q8TCT9"	0.600939917074034	0.185183877431569	0.00320707675225704	-0.60074180426999	0.0124726889857169	0.00148332766367796	1	1	1	1
"HM13.Q8TCT9.2"	"HM13.Q8TCT9.2"	0.524668390555763	0.311386085515999	0.0500668012924538	-0.481337394331182	0.780499861651652	0.00393017168112793	1	1	1	1
"HMBS.P08397"	"HMBS.P08397"	1.33495085121981e-05	1.44768078459548e-08	1.52329086974544e-05	0.6266813333581	0.000717858328395276	0.00661085645093739	0.0738227820724556	8.41971144320733e-05	1	1
"HMCES.Q96FZ2"	"HMCES.Q96FZ2"	0.323292384451553	0.308936886618757	0.832846898543877	0.0290931274221017	0.863552221676518	0.871448355515302	1	1	1	1
"HMG20A.Q9NP66"	"HMG20A.Q9NP66"	0.00433557200077325	0.0600008629652942	0.711528168916728	-0.0382522300426099	0.220426848379518	0.396349388906355	1	1	1	1
"HMGA1.P17096"	"HMGA1.P17096"	0.51359766097074	0.910384281141007	0.571029205464151	-0.115375615712538	0.0347919880805311	0.693909425985842	1	1	1	1
"HMGA1.P17096.2"	"HMGA1.P17096.2"	0.349439480317079	0.208767773016674	0.568995558472275	0.241112614481201	0.0769657264920521	0.355821924578133	1	1	1	1
"HMGA2.P52926"	"HMGA2.P52926"	0.384459975927426	0.00397832341161826	6.04510549920875e-05	0.867861988571241	0.141786280434805	0.428571822454098	1	1	1	1
"HMGB1.P09429"	"HMGB1.P09429"	0.000484151842526962	0.00652079847119114	0.00762535284381738	0.278148958115978	0.879311745924372	0.000764077815272587	1	1	1	1
"HMGB2.P26583"	"HMGB2.P26583"	0.00813230576610779	4.03142258563333e-07	0.000807439702744082	0.251000559766083	0.00633174985051623	0.000790827455218078	1	0.00231484284867066	1	1
"HMGB3.O15347"	"HMGB3.O15347"	5.75674043963339e-06	0.00456586838610536	0.00505547435471417	0.40457466807307	0.336756195590311	0.0510757668238224	0.0321686655766714	1	1	1
"HMGCS1.Q01581"	"HMGCS1.Q01581"	0.13570365675667	0.146028283064694	0.032809449391991	0.306179001078674	0.68986847875303	0.00433116873598588	1	1	1	1
"HMGN1.P05114"	"HMGN1.P05114"	0.852108465477948	0.233778071469421	0.477439436291563	-0.176796547118688	0.388242517328176	0.0330707056252741	1	1	1	1
"HMGN2.P05204"	"HMGN2.P05204"	0.128827882140207	0.0451990151674497	0.0227980030639075	0.331473966432916	0.0695561895730878	0.897934319672757	1	1	1	1
"HMGN3.Q15651"	"HMGN3.Q15651"	0.34644693217017	0.917698837200177	0.473031305611729	-0.187253954651417	0.55285911468424	0.212433544542539	1	1	1	1
"HMGN5.P82970"	"HMGN5.P82970"	0.338313456795155	0.0110112641870404	0.0179613918343762	-0.302667717357547	0.468530514848597	0.79469467964462	1	1	1	1
"HMGXB4.Q9UGU5"	"HMGXB4.Q9UGU5"	0.840532870924238	0.0553043161297395	0.000170501233626146	1.1220770659023	0.00553466085155713	0.415890592620388	1	1	1	1
"HMMR.O75330"	"HMMR.O75330"	0.830998125527324	0.00540750754630632	0.0156141859649908	0.348286394660904	0.0506565491928945	0.297114411832379	1	1	1	1
"HMOX1.P09601"	"HMOX1.P09601"	1.70354475668462e-08	2.78663039932791e-09	1.44816445635526e-06	-0.915342013696608	0.211748829111123	0.717643283007143	9.90440921536439e-05	1.6282281423273e-05	1	1
"HMOX2.P30519"	"HMOX2.P30519"	0.0326071528279478	8.64289240460165e-05	0.0258589147517739	-0.261005393494414	0.146713361836626	0.139185304604151	1	0.462740459342372	1	1
"HNRNPA0.Q13151"	"HNRNPA0.Q13151"	6.85254527202324e-07	0.981843490680246	0.118395377825279	-0.108031465910682	0.000537220636658989	0.000773751729672655	0.00391760013201569	1	1	1
"HNRNPA1.P09651"	"HNRNPA1.P09651"	0.509055867700648	0.682230204435557	0.128840637899755	0.183017062510809	0.0605316238877767	0.266722074026307	1	1	1	1
"HNRNPA2B1.P22626"	"HNRNPA2B1.P22626"	0.00106054431678507	3.83248744504513e-05	0.0213875439687129	-0.251161096489899	0.464319830988042	0.829218176838696	1	0.208257367763753	1	1
"HNRNPA3.P51991"	"HNRNPA3.P51991"	0.094995447018947	0.0494095225862015	0.119631152030904	-0.134846479321293	0.0199733155285592	0.00541563781189087	1	1	1	1
"HNRNPA3.P51991.2"	"HNRNPA3.P51991.2"	0.727060577487254	0.132380294125292	0.716083553351643	-0.209546695910301	0.556860007486421	0.992292308378972	1	1	1	1
"HNRNPAB.Q99729.3"	"HNRNPAB.Q99729.3"	0.0836170038451847	0.195041893816084	0.896798764732864	0.012989564679484	0.62164100850227	0.43821828036377	1	1	1	1
"HNRNPC.P07910"	"HNRNPC.P07910"	0.578384363801154	0.0514733901424085	0.071881689848208	-0.314698857203176	0.00532134959852837	0.35775096735682	1	1	1	1
"HNRNPC.P07910.2"	"HNRNPC.P07910.2"	0.1284100716982	0.00131807960680679	0.107402714995711	0.632921824864756	0.155159310364484	0.00011783797343826	1	1	1	0.642216955238515
"HNRNPDL.O14979.2"	"HNRNPDL.O14979.2"	0.538957252120383	0.218315175029611	0.647300946125816	-0.0924654800654506	0.0946160097428921	0.0623063823936788	1	1	1	1
"HNRNPD.Q14103.3"	"HNRNPD.Q14103.3"	0.0474762777382278	0.00089622951644999	0.0259818976196926	0.202154574791243	0.484734815544618	0.00965516599745987	1	1	1	1
"HNRNPF.P52597"	"HNRNPF.P52597"	0.0163989537173335	0.36665641960258	0.888602592344437	-0.00947690674083748	0.442158060044901	0.000900437889916193	1	1	1	1
"HNRNPH1.P31943"	"HNRNPH1.P31943"	3.42776989722234e-05	0.493283099883546	0.000265123431405684	-0.188478306657223	0.018313550076517	4.24091817089007e-09	0.186950570194507	1	1	2.49959716992261e-05
"HNRNPH2.P55795"	"HNRNPH2.P55795"	0.027377776174382	0.349316768565817	0.469988025729713	-0.067374508837889	0.546791120773825	3.61262894343577e-05	1	1	1	0.201656947622585
"HNRNPH3.P31942"	"HNRNPH3.P31942"	0.896900005821679	0.145694645179284	0.722068144935928	-0.0347567949810247	0.546661787858821	0.00526455849042403	1	1	1	1
"HNRNPK.P61978.3"	"HNRNPK.P61978.3"	0.637499899329853	0.967312714962215	0.138742684595722	-0.221988359469593	0.0149570902363376	0.311438050894284	1	1	1	1
"HNRNPLL.Q8WVV9"	"HNRNPLL.Q8WVV9"	0.578068810473592	0.479473990017175	0.103306675637073	0.149961223381982	0.0359549256013578	0.66101828865414	1	1	1	1
"HNRNPL.P14866"	"HNRNPL.P14866"	0.416761636830247	0.401846637844189	0.112402675297672	-0.173113641215836	0.00827788322926561	0.038691974754925	1	1	1	1
"HNRNPM.P52272"	"HNRNPM.P52272"	0.246728075057898	0.581457322902432	0.0782899415777445	-0.119095033062835	0.0214668524087038	0.00817955771316045	1	1	1	1
"HNRNPR.O43390"	"HNRNPR.O43390"	9.13603333210373e-05	0.013853129233967	0.0826175902663357	-0.135986963473155	0.0174975103524749	0.0151997434941505	0.488046900600981	1	1	1
"HNRNPR.O43390.2"	"HNRNPR.O43390.2"	0.257054739597585	0.0836556403484411	0.826704178535103	-0.101454574673549	0.309662161558154	0.00051092408773452	1	1	1	1
"HNRNPUL1.Q9BUJ2"	"HNRNPUL1.Q9BUJ2"	0.156305729740017	0.4030086130062	0.673154537997559	0.0539882934345242	0.0979580859346986	0.246054129201141	1	1	1	1
"HNRNPUL2.Q1KMD3"	"HNRNPUL2.Q1KMD3"	0.867095039283682	0.338435811194639	0.817432438555256	-0.057767806213013	0.355020608793179	0.0758294589280867	1	1	1	1
"HNRNPU.Q00839"	"HNRNPU.Q00839"	0.317481512966841	0.432854171789463	0.819688854023214	-0.0239625934601593	0.00822477150957537	0.00382140081615611	1	1	1	1
"HOMER3.Q9NSC5"	"HOMER3.Q9NSC5"	0.728689533399401	0.00460109209858853	0.0150891930218687	0.420932354166438	0.472365204858811	0.24810779437008	1	1	1	1
"HOOK3.Q86VS8"	"HOOK3.Q86VS8"	0.649705102025287	0.000171897470492185	0.0279561033998871	-0.318014767844807	0.0157912648755045	0.0211858506556607	1	0.907962439139723	1	1
"HP1BP3.Q5SSJ5"	"HP1BP3.Q5SSJ5"	0.0011904489130667	0.00246270965184378	0.173838235885006	0.175004161738235	0.0205900777980268	8.20613963543066e-07	1	1	1	0.00476776712818521
"HPCAL1.P37235"	"HPCAL1.P37235"	0.729487121157474	0.430091198936727	0.0427229032840823	0.298898294336441	0.710374538257698	0.365818698633005	1	1	1	1
"HPF1.Q9NWY4"	"HPF1.Q9NWY4"	0.169901869053005	0.520344913421322	0.957118801864854	-0.00888989533704893	0.044603078768963	0.0871934521737282	1	1	1	1
"HPRT1.P00492"	"HPRT1.P00492"	8.6554457805297e-06	0.372189515386715	0.0255227643101183	0.177696328627004	0.439325176744148	1.98175528239495e-08	0.048072345865062	1	1	0.000116547028157647
"HPS5.Q9UPZ3"	"HPS5.Q9UPZ3"	0.63107712294271	0.572409247050587	0.415930333490429	0.466369637442533	0.0982368575527792	0.941522921582252	1	1	1	1
"HRAS.P01112"	"HRAS.P01112"	0.556436330854938	0.112330760024304	0.303219711463696	0.176231686119637	0.0326228070459464	0.829218723373781	1	1	1	1
"HRNR.Q86YZ3"	"HRNR.Q86YZ3"	0.659141007784381	0.140063957921177	0.0185254547485719	2.47663075573053	0.25509325123243	0.728367066823407	1	1	1	1
"HS1BP3.Q53T59"	"HS1BP3.Q53T59"	1.63839329836817e-06	0.00137355154075554	0.00414458610063693	-0.359690373662518	0.000947673959645925	0.102356900207846	0.00929788196823939	1	1	1
"HS2ST1.Q7LGA3"	"HS2ST1.Q7LGA3"	0.0156213927499667	0.0511406838260554	0.91652494658194	0.0151430763314918	0.819839957603772	0.033742441894787	1	1	1	1
"HSBP1.O75506"	"HSBP1.O75506"	0.940983011605296	0.0280732886081574	0.0984397334420588	-0.432806381586697	0.0178409823076547	0.0758847831121607	1	1	1	1
"HSD17B10.Q99714"	"HSD17B10.Q99714"	0.000171980465099539	0.0197941299491128	6.43911699892886e-05	-0.586460965665433	0.00747499256354903	0.0108694257790115	0.907368933865168	1	1	1
"HSD17B11.Q8NBQ5"	"HSD17B11.Q8NBQ5"	0.000653789512486444	0.267000280673425	0.549829372304196	0.0775634820615601	0.00201976149078661	6.27609186647334e-05	1	1	1	0.347067880215976
"HSD17B12.Q53GQ0"	"HSD17B12.Q53GQ0"	0.45763315373024	0.0794331134892735	0.0773563782313451	-0.348539906535085	0.0919687288900393	0.0332841596668248	1	1	1	1
"HSD17B4.P51659"	"HSD17B4.P51659"	0.803760910131426	0.725077441935602	0.0534636337281813	-0.234341498535294	0.0425988930035219	0.000268614321482147	1	1	1	1
"HSD17B7.P56937"	"HSD17B7.P56937"	0.0740972183204528	0.972343414306786	0.222474884873191	-0.242660954514447	0.0012790847271068	0.0009675787632824	1	1	1	1
"HSD17B8.Q92506"	"HSD17B8.Q92506"	0.648412246862367	0.486769624593931	0.825655114293092	-0.0708767820133735	0.701790913456146	0.374817249246758	1	1	1	1
"HSDL1.Q3SXM5"	"HSDL1.Q3SXM5"	0.032917836565171	0.906044509774447	0.385633660226413	0.196299402528172	0.299904682199277	0.0289429228471459	1	1	1	1
"HSDL2.Q6YN16"	"HSDL2.Q6YN16"	1.56901809448868e-05	0.415186340191351	0.00122738029841909	0.412446869842844	0.287885436579878	0.153393455706383	0.0865627282729405	1	1	1
"HSF1.Q00613"	"HSF1.Q00613"	0.0206453874131274	1.93717817195012e-05	0.525596003511923	-0.0732191968080086	0.0337448052732977	0.000220490536569506	1	0.106583543020696	1	1
"HSP90AA1.P07900"	"HSP90AA1.P07900"	0.712779329408266	0.486356000000891	0.450768872293323	0.112930928395461	0.915511422904221	0.0288116810182737	1	1	1	1
"HSP90AA2P.Q14568"	"HSP90AA2P.Q14568"	0.0342541575920508	0.0348262647703133	0.162061417307369	-0.764585830850858	0.418827105750142	0.0481032016174092	1	1	1	1
"HSP90AA4P.Q58FG1"	"HSP90AA4P.Q58FG1"	0.42985649310309	0.600825248739297	0.259270865339813	-0.485717026540682	0.49195288308035	0.593713630200744	1	1	1	1
"HSP90AB1.P08238"	"HSP90AB1.P08238"	0.770050916388161	0.705557670203138	0.414966435514564	-0.114625572305591	0.440845929767208	0.250479208433494	1	1	1	1
"HSP90AB3P.Q58FF7"	"HSP90AB3P.Q58FF7"	0.43072618979343	0.443185656855184	0.926283809337964	0.107866950512254	0.601825996920724	0.146120094776347	1	1	1	1
"HSP90AB4P.Q58FF6"	"HSP90AB4P.Q58FF6"	0.250467980078632	0.547642754756456	0.302929776529412	-0.636372680738289	0.589214155839905	0.908579750733753	1	1	1	1
"HSP90B1.P14625"	"HSP90B1.P14625"	0.575821765962048	0.16200095928913	0.00033727191828369	-0.858005391118003	0.144737467044747	0.119311852531243	1	1	1	1
"HSPA12A.O43301"	"HSPA12A.O43301"	0.375616966745929	0.0339737952631349	0.502553127655647	0.192988655172201	0.314143257573042	0.981777630952816	1	1	1	1
"HSPA13.P48723"	"HSPA13.P48723"	0.276086678740734	0.57653320990842	0.0309699777076208	-0.265892646476581	0.572883483638137	0.0346845427139588	1	1	1	1
"HSPA14.Q0VDF9"	"HSPA14.Q0VDF9"	0.192091099894156	0.00021784609461015	0.532244514945178	-0.0820638725954147	0.602580140439998	0.0609889920392153	1	1	1	1
"HSPA1A.P0DMV8"	"HSPA1A.P0DMV8"	2.7456362666628e-05	1.0669523732958e-07	1.05896397862497e-07	-0.652252184744537	0.00110201345769275	0.16796665102481	0.150460867413122	0.000615844909866337	1	1
"HSPA1L.P34931"	"HSPA1L.P34931"	0.000197756192268405	0.0405945363550344	0.175380321517797	-0.28993047438162	0.98262565351891	0.320469442719018	1	1	1	1
"HSPA2.P54652"	"HSPA2.P54652"	0.4194582091185	0.959829431874345	0.301233081049495	-0.598136967668149	0.711097325246645	0.519724063657438	1	1	1	1
"HSPA4.P34932"	"HSPA4.P34932"	0.473915022368896	0.714366765707375	0.285866723708819	-0.135376570742875	0.141189489497039	0.246576917650924	1	1	1	1
"HSPA5.P11021"	"HSPA5.P11021"	0.903669459843886	0.584286472731251	1.21764315359807e-14	-2.03641791959782	0.0168461853635305	0.0847765825496058	1	1	1	1
"HSPA8.P11142"	"HSPA8.P11142"	0.154359288681638	0.462334351918413	0.412642051144493	0.0679139510681805	0.0132857847439683	0.247140806467908	1	1	1	1
"HSPA9.P38646"	"HSPA9.P38646"	0.0110681316050957	0.18095955876585	0.000592741967176252	-0.68946372230499	0.0594749089955772	0.0191276625661756	1	1	1	1
"HSPB11.Q9Y547"	"HSPB11.Q9Y547"	0.87672832695865	0.0013060278521211	0.753501508368436	0.101039071318146	0.937010094335041	0.0165892578649747	1	1	1	1
"HSPB1.P04792"	"HSPB1.P04792"	0.672849098495631	0.0196700867486441	0.0350998578992873	0.272288353864718	0.102433827282441	0.0417208428359869	1	1	1	1
"HSPB8.Q9UJY1"	"HSPB8.Q9UJY1"	0.16406221729032	0.401382667012249	0.00369540454992964	0.526538447387352	0.240347030526842	0.00434752071032852	1	1	1	1
"HSPBP1.Q9NZL4"	"HSPBP1.Q9NZL4"	0.0108536285759774	0.00189719180518101	0.00177457618119084	0.45384403891128	0.219282474937528	0.00060869320592102	1	1	1	1
"HSPD1.P10809"	"HSPD1.P10809"	0.0712058310888227	0.232290939259853	0.036593850717186	-0.45531693535027	0.0189470217112108	0.0935658513099911	1	1	1	1
"HSPE1.P61604"	"HSPE1.P61604"	0.570145376373634	0.802853687427091	0.123739801659808	-0.620379579975155	0.0194743605856106	0.151884764076392	1	1	1	1
"HSPG2.P98160"	"HSPG2.P98160"	0.493802104459231	0.445258017518715	0.0899273197365476	0.3308445412697	0.750716524475949	0.121777904115096	1	1	1	1
"HSPH1.Q92598"	"HSPH1.Q92598"	0.0173621882495	0.139424410956506	0.00651660364634282	-0.171058968210739	0.0787407239077535	0.0130388224507432	1	1	1	1
"HTATIP2.Q9BUP3.3"	"HTATIP2.Q9BUP3.3"	0.00881934066520261	0.000215176300591264	0.855938457687771	-0.0180693209057667	0.00621167708790273	0.0134885067636479	1	1	1	1
"HTATSF1.O43719"	"HTATSF1.O43719"	0.656115292771541	0.18662676096218	0.589985345560361	0.125331866137485	0.168096444138442	0.236447629179902	1	1	1	1
"HTD2.P86397"	"HTD2.P86397"	0.0473530227471606	0.650870721083711	0.110931852620735	-0.850330145362774	0.959092587302802	0.370707270776188	1	1	1	1
"HTRA2.O43464"	"HTRA2.O43464"	3.59646255015383e-06	1.42389383697229e-05	3.90151300580632e-07	-0.999265964906089	0.0197889886252521	0.0509287598517289	0.0202480841573661	0.0787270902461982	1	1
"HTT.P42858"	"HTT.P42858"	0.196823535878145	0.142193200639244	0.110747076220581	0.315191889997759	0.400990180470517	0.159788932934942	1	1	1	1
"HUWE1.Q7Z6Z7"	"HUWE1.Q7Z6Z7"	0.0222085547598198	0.00967569895453581	0.417974018587041	-0.053096795152904	0.34054134234617	0.0609601908174907	1	1	1	1
"HYOU1.Q9Y4L1"	"HYOU1.Q9Y4L1"	4.79778645160363e-06	0.000176627670893866	0.496314868057853	-0.0995153809714686	0.0121188355109552	0.107283465465702	0.0268963908476899	0.932240846977823	1	1
"HYPK.Q9NX55"	"HYPK.Q9NX55"	0.00234614528620673	0.0143119956664362	0.000450079617095719	-0.539415690614627	0.281676690672406	0.00027765154211602	1	1	1	1
"IARS1.P41252"	"IARS1.P41252"	0.00359672783897975	0.0996062803663902	0.793639830832691	-0.0284428498120495	0.0175972449980795	0.713487824026324	1	1	1	1
"IARS2.Q9NSE4"	"IARS2.Q9NSE4"	0.16184983433819	0.304339860316414	0.579775119939289	0.0552122913611107	0.0200188524018297	0.000775099524281527	1	1	1	1
"IBA57.Q5T440"	"IBA57.Q5T440"	0.208707855434479	0.296711332839101	0.876114032471345	-0.0206273351897906	0.419586758819696	3.84970780699846e-05	1	1	1	0.214582713162094
"ICAM1.P05362"	"ICAM1.P05362"	0.0870100011206985	0.258073739944714	0.0981866788487012	-1.36327773633187	0.564069061613811	0.86309791370384	1	1	1	1
"ICE2.Q659A1"	"ICE2.Q659A1"	0.972825726286704	0.000144292179505423	0.000154209854397665	0.706934546757949	0.561852116792662	0.000135298591071125	1	0.765181427917256	1	0.734265453742997
"ICMT.O60725"	"ICMT.O60725"	0.968290835095195	0.524601792276395	0.261556720663959	0.389801536429958	0.482834514025619	0.0126285591556327	1	1	1	1
"ID1.P41134"	"ID1.P41134"	9.01534824070124e-06	0.000411264188220586	5.48359955167842e-12	1.85992003647169	0.267979586505419	0.35434547832393	0.050062228780614	1	1	1
"IDE.P14735"	"IDE.P14735"	0.156350729000183	0.844964613211046	0.304638762331518	-0.0972743999072518	0.348829043119854	0.381340099061346	1	1	1	1
"IDH1.O75874"	"IDH1.O75874"	0.00372217662993941	0.132366467488564	8.39419220294698e-08	-0.700871066645851	0.0751748666871622	0.0240468569026149	1	1	1	1
"IDH2.P48735"	"IDH2.P48735"	0.00331149081669995	0.00507602943598949	0.00466396529270061	0.550839107328494	0.662790440424892	0.979471869678147	1	1	1	1
"IDH3A.P50213"	"IDH3A.P50213"	0.598495086770968	0.895230641366165	0.330253486159333	-0.130713417320815	0.0607584752629416	0.0715187020267498	1	1	1	1
"IDH3B.O43837"	"IDH3B.O43837"	0.996742537888077	0.0397606706297763	0.0652580066859151	-0.153938757635974	0.00307875194862342	0.00807812978560692	1	1	1	1
"IDH3G.P51553"	"IDH3G.P51553"	0.888314617917619	0.0178381805521554	0.471102049061306	-0.11041703006086	0.313203701819216	0.379735996458057	1	1	1	1
"IDI1.Q13907"	"IDI1.Q13907"	0.350137312058257	0.523796944126504	0.29156598367946	0.222443916857427	0.00154858962963824	0.00260046760960234	1	1	1	1
"IER3IP1.Q9Y5U9"	"IER3IP1.Q9Y5U9"	0.487778393810532	0.0341790750601368	0.364337240702214	0.489511978408121	0.509762708025151	0.0334908811761347	1	1	1	1
"IFI16.Q16666"	"IFI16.Q16666"	5.48969918605491e-06	0.0809042583292101	6.45171529857327e-09	-0.496064523515024	0.600345867462548	0.00139290028919374	0.0307038875476051	1	1	1
"IFI30.P13284"	"IFI30.P13284"	0.548796896742634	0.580021660698842	0.0521422781121656	0.940330840647431	0.189264208467096	0.680684951514868	1	1	1	1
"IFIT3.O14879"	"IFIT3.O14879"	0.000542852039267893	0.204965815510786	0.00267944472041039	0.866817442263392	0.173810043941631	0.123115094744968	1	1	1	1
"IFIT5.Q13325"	"IFIT5.Q13325"	0.10994067026885	0.00190733339062109	0.000387548631253463	-0.291333921298577	0.435862419964774	0.0738916249629758	1	1	1	1
"IFITM2.Q01629"	"IFITM2.Q01629"	7.85940199570972e-06	1.56184129550099e-07	5.02687711953341e-06	-1.56499009761913	0.555335702025922	0.284606950391333	0.0437375721061246	0.000899776770338118	1	1
"IFITM3.Q01628"	"IFITM3.Q01628"	0.0450519907211607	0.517143320991361	0.0231730920598441	-0.457029771797499	0.296438806789065	0.318590893157749	1	1	1	1
"IFRD1.O00458"	"IFRD1.O00458"	0.1806430916779	0.298270537946299	0.000212403269505722	-1.61807954649794	0.297579606378962	0.0699844675351146	1	1	1	1
"IFRD2.Q12894"	"IFRD2.Q12894"	0.430716275170729	0.254986313802473	4.16013568798297e-08	-1.20012836766444	3.79528174989193e-05	0.00388824238489115	1	1	0.222745085901158	1
"IFT20.Q8IY31"	"IFT20.Q8IY31"	0.292640860737207	0.00797860222627397	0.817191989868205	0.0693071457783702	0.847440391157302	0.0557706045377006	1	1	1	1
"IFT22.Q9H7X7"	"IFT22.Q9H7X7"	0.0264319000946478	0.0282211856073708	0.00220419395921063	0.638158108633828	0.277240756210144	0.0305646581584052	1	1	1	1
"IFT27.Q9BW83"	"IFT27.Q9BW83"	0.341537186911789	0.160628424851551	0.0102288816006691	-0.527273015088755	0.532420118719239	0.00621586070288999	1	1	1	1
"IFT74.Q96LB3"	"IFT74.Q96LB3"	0.0611424031698184	0.0193824541620727	0.866772765261686	0.0252051979432636	0.545363422390969	0.0995741095690614	1	1	1	1
"IGBP1.P78318"	"IGBP1.P78318"	0.0599536703214719	0.384380604455342	0.309001290762012	0.112252965230109	0.189288612809121	0.00289583970808369	1	1	1	1
"IGF1R.P08069"	"IGF1R.P08069"	0.456442739597773	2.52783828962291e-05	0.00312025747427024	0.577646882858414	0.813029517849071	0.000254205785618034	1	0.13862665180292	1	1
"IGF2BP1.Q9NZI8"	"IGF2BP1.Q9NZI8"	6.61651021116422e-17	2.07528004866112e-16	2.18736192522413e-16	3.37197319279718	0.106751676329204	0.846620888070547	3.90374102458689e-13	1.2248302847198e-12	1	1
"IGF2BP2.Q9Y6M1"	"IGF2BP2.Q9Y6M1"	0.104124097674558	0.0081464040290801	0.159309113564135	-0.131062716447577	0.000847906333122316	0.156189582350114	1	1	1	1
"IGF2R.P11717"	"IGF2R.P11717"	0.101818132638535	0.598499281767878	0.0858273999120105	-0.124718935123135	0.502092647895534	0.0843362394462932	1	1	1	1
"IGFBP7.Q16270"	"IGFBP7.Q16270"	2.55855627534622e-07	3.24753978737738e-06	0.331109049183145	-0.18088451413351	0.00234830414132671	0.722979096121771	0.00147219328083421	0.0183453522588948	1	1
"IGFN1.Q86VF2"	"IGFN1.Q86VF2"	0.25735693782903	0.48595672252882	0.733911676144054	0.142710940199209	0.537923249133174	0.509028281538824	1	1	1	1
"IGSF8.Q969P0"	"IGSF8.Q969P0"	0.0268720005859366	0.536457674734788	0.213170718816253	-0.405651337801033	0.173531596886133	0.00740076133975507	1	1	1	1
"IKBIP.Q70UQ0"	"IKBIP.Q70UQ0"	0.0718782164618227	0.711558888733842	0.193176497635335	-0.25644731496601	0.000508593873814459	0.0221152468690726	1	1	1	1
"IKBIP.Q70UQ0.4"	"IKBIP.Q70UQ0.4"	0.158410314473634	0.846148588946258	0.727671364692499	0.0279837292030618	0.518489860079567	0.0030464431325454	1	1	1	1
"IKBKG.Q9Y6K9"	"IKBKG.Q9Y6K9"	0.124236202466553	0.872158466228145	0.0190245301969239	0.216847244883602	0.0272515107215397	1.12030151817418e-05	1	1	1	0.0636443292474749
"IK.Q13123"	"IK.Q13123"	0.780887025876011	0.10884864593903	0.924870810916442	0.0162622227337997	0.209720028237607	0.00644408115977311	1	1	1	1
"IL17RA.Q96F46"	"IL17RA.Q96F46"	0.019597286794922	0.307685247331987	0.962637252171935	-0.0275449348655183	0.92017749421417	0.498881027343995	1	1	1	1
"IL18.Q14116"	"IL18.Q14116"	0.386056429346129	0.631369093311949	0.249436487199793	-0.396903142403518	0.27574264894785	0.324843050309945	1	1	1	1
"IL18.Q14116.2"	"IL18.Q14116.2"	7.93881401102277e-05	0.721927756954245	0.0181687803615632	-0.70070729749772	0.487295466485456	0.0240383738338517	0.425996759831482	1	1	1
"ILF2.Q12905"	"ILF2.Q12905"	0.0384206242708358	0.742466183514616	0.417110402524874	-0.0414609482563434	0.217695852575889	0.000551492834873623	1	1	1	1
"ILF3.Q12906"	"ILF3.Q12906"	0.396610858371399	0.937929704249781	0.516906494990775	-0.112652575586309	0.151635610081311	0.161540351047125	1	1	1	1
"ILF3.Q12906.4"	"ILF3.Q12906.4"	0.480594878249407	0.196320877590201	0.792970943774767	-0.199948017765992	0.329985316482901	0.150999852343338	1	1	1	1
"ILKAP.Q9H0C8"	"ILKAP.Q9H0C8"	0.664875613340148	0.000780302037341407	0.179955918026657	-0.124356594129289	0.835799392253932	0.646110635258732	1	1	1	1
"ILK.Q13418"	"ILK.Q13418"	0.21752606473004	0.821500542965493	0.374243334921121	-0.120226683181638	0.232718348434033	0.48947282000858	1	1	1	1
"ILVBL.A1L0T0"	"ILVBL.A1L0T0"	0.196210099099431	0.335957831645194	0.935610300640921	0.00516345798597625	0.534051019434813	8.56397415782238e-07	1	1	1	0.00497395619086324
"IMMT.Q16891"	"IMMT.Q16891"	8.54036811804314e-05	0.0144327030199982	3.41482571735123e-05	-0.481332293134109	0.026478331208423	5.035098904779e-05	0.457165905358849	1	1	0.279599042182378
"IMMT.Q16891.4"	"IMMT.Q16891.4"	0.263422031190047	0.0616540563945931	0.472416521498193	-0.307626894928398	0.2938547513505	0.0364523411995662	1	1	1	1
"IMP3.Q9NV31"	"IMP3.Q9NV31"	0.00214604637922149	0.0897165097969666	0.000117153224287734	-0.592312079523467	0.998396700691539	7.51412622523554e-05	1	1	1	0.414103496272731
"IMP4.Q96G21"	"IMP4.Q96G21"	2.35601596982177e-05	0.0166777453303323	0.000110272251273035	-0.48958423020586	0.888227479436832	4.77839215519993e-07	0.129368836902913	1	1	0.00278819182255916
"IMPA1.P29218"	"IMPA1.P29218"	0.872052959134138	0.38285546109621	0.495349068099664	-0.103137890025081	0.475904816778295	0.0441071870333074	1	1	1	1
"IMPA2.O14732"	"IMPA2.O14732"	0.816587259201625	0.608087124728174	0.223280928171257	1.27919635294355	0.292022672323995	0.541639484889286	1	1	1	1
"IMPDH1.P20839"	"IMPDH1.P20839"	0.0467472675022306	1.78221462139642e-05	0.961128204030673	-0.00419761248367895	0.136384931801316	0.425210613618094	1	0.0982178477851565	1	1
"IMPDH2.P12268"	"IMPDH2.P12268"	2.04290749961532e-09	1.15138857311562e-06	2.1307735726054e-09	-0.681960959250476	0.278265402116516	0.00125269382073244	1.19367085202523e-05	0.00655370375817411	1	1
"IMUP.Q9GZP8"	"IMUP.Q9GZP8"	0.0115736684295406	0.00085398046485692	0.0542723868685611	0.725404122446271	0.023108469464922	0.621100015805454	1	1	1	1
"INCENP.Q9NQS7"	"INCENP.Q9NQS7"	0.754911682794301	0.953546079530056	2.52020655015701e-07	0.936533934031019	0.260730871084079	0.696626931035047	1	1	1	1
"INF2.Q27J81"	"INF2.Q27J81"	1.06263406096783e-09	3.60628769780881e-07	1.99479777804618e-10	-0.848302953857258	0.102122998931795	0.000939707870784597	6.22172242696665e-06	0.00207145165362138	1	1
"ING2.Q9H160"	"ING2.Q9H160"	0.275659071388818	0.327099038359279	0.689318302979086	0.29499302388916	0.131476538606105	0.56765298720049	1	1	1	1
"ING3.Q9NXR8"	"ING3.Q9NXR8"	0.981477627166433	0.017841660300539	0.00814397560876652	0.508894274611295	0.144714743246414	0.268701543553893	1	1	1	1
"ING5.Q8WYH8"	"ING5.Q8WYH8"	0.0601087192596488	0.935315532123087	0.00740456849401675	0.964818306532154	9.01369255593869e-06	0.39389538316078	1	1	0.053072621769367	1
"INIP.Q9NRY2"	"INIP.Q9NRY2"	0.894286931478023	0.772470915487762	0.270846419191351	0.539016844914937	0.424999179692759	0.821861295274338	1	1	1	1
"INPP4A.Q96PE3"	"INPP4A.Q96PE3"	0.137448854054202	0.142786718315179	0.0636521075383384	0.456565040214955	0.245531613462786	0.589349334179517	1	1	1	1
"INPP5B.P32019"	"INPP5B.P32019"	0.212820404250603	0.716362643744485	0.969447064756378	-0.0291614876377722	0.114802418804941	0.997176556914163	1	1	1	1
"INPP5K.Q9BT40"	"INPP5K.Q9BT40"	0.625698266598988	0.555503307358019	0.0531355454788381	-0.783977851018859	0.0633715179874549	0.0712543497982267	1	1	1	1
"INPPL1.O15357"	"INPPL1.O15357"	0.000264523445695946	0.0979401359608111	0.0440743873377393	-0.386591841683054	0.300412593652289	0.125612284544638	1	1	1	1
"INTS10.Q9NVR2"	"INTS10.Q9NVR2"	0.90183599708213	0.545896583670561	0.133036022984941	0.259205455269659	0.50327031814986	0.612142972349263	1	1	1	1
"INTS11.Q5TA45"	"INTS11.Q5TA45"	0.254388259933614	0.935398162878463	0.643093433143248	-0.116678336051325	0.0122402591292925	0.413248885126463	1	1	1	1
"INTS12.Q96CB8"	"INTS12.Q96CB8"	0.893697149047588	0.201422901511216	0.496009110876727	0.100607911018212	0.247041812044122	0.253287038164531	1	1	1	1
"INTS13.Q9NVM9"	"INTS13.Q9NVM9"	0.0106894835754292	0.0404096287739926	0.000180230765214762	0.297503854807277	0.390270799115328	0.85466921775482	1	1	1	1
"INTS14.Q96SY0"	"INTS14.Q96SY0"	0.0057799627849769	0.0119752801140308	0.0996502773967057	0.196989593373581	0.0384416824633208	0.35673692664204	1	1	1	1
"INTS1.Q8N201"	"INTS1.Q8N201"	0.675411180709509	0.218104773175104	0.607146205973694	0.0815791202039496	0.2528520447252	0.0172070768763879	1	1	1	1
"INTS2.Q9H0H0"	"INTS2.Q9H0H0"	0.939396850010612	0.765726915781853	0.563497508435081	-0.125551502538311	0.0112289004620335	0.00918159652460254	1	1	1	1
"INTS3.Q68E01"	"INTS3.Q68E01"	0.463514972112323	0.168967219404812	0.116373750076676	-0.289783708117979	0.426845767167211	0.23270797228195	1	1	1	1
"INTS4.Q96HW7"	"INTS4.Q96HW7"	0.478922501578184	0.793157505306868	0.458344844314493	0.227339273535648	0.594459842970102	0.244062062172759	1	1	1	1
"INTS5.Q6P9B9"	"INTS5.Q6P9B9"	0.0264504338431437	0.676161271977432	0.860909268238447	0.01886044797441	0.00662630722742851	0.00546086466434641	1	1	1	1
"INTS6.Q9UL03"	"INTS6.Q9UL03"	0.544350285592236	0.509423146404335	0.59928537740567	-0.123055036367311	0.719641857277043	0.0182114997338582	1	1	1	1
"INTS7.Q9NVH2"	"INTS7.Q9NVH2"	0.650825826355938	2.73752465639921e-05	0.836998259682124	0.0377902153650266	0.274115946509821	2.33654783467321e-06	1	0.149906850184421	1	0.013463188623387
"INTS9.Q9NV88"	"INTS9.Q9NV88"	0.065642915385499	0.330324002140733	0.173113437999021	0.195839221269837	0.937098163544768	0.768155595025389	1	1	1	1
"IP6K1.Q92551"	"IP6K1.Q92551"	0.000157537397835299	0.125684752514327	0.406650454569548	-0.212899835077811	0.162390801473553	0.906040615061438	0.832270072763886	1	1	1
"IPO11.Q9UI26"	"IPO11.Q9UI26"	0.000229368364193336	1.19117765778586e-05	0.0041891550437285	0.271828842147431	0.753254311225033	0.591967788931702	1	0.0661103600071151	1	1
"IPO13.O94829"	"IPO13.O94829"	0.566487316571449	0.26862344067938	0.808822274147164	-0.0856305188519773	0.409156268263643	0.993542775127147	1	1	1	1
"IPO4.Q8TEX9"	"IPO4.Q8TEX9"	6.16932703609193e-09	5.26021288321376e-09	7.80799530301918e-06	0.523685252308413	0.0104062756369657	0.0134808836570975	3.5973345947452e-05	3.07038625993187e-05	1	1
"IPO5.O00410"	"IPO5.O00410"	0.000809699794809373	1.59260781380747e-06	0.051021905635438	0.111495282075102	0.343541759394322	0.00177648045365222	1	0.0090380493433574	1	1
"IPO7.O95373"	"IPO7.O95373"	0.326180282832427	0.00117144095125476	0.546455447855279	-0.0326324940838938	0.250603392231086	0.135215463600087	1	1	1	1
"IPO8.O15397"	"IPO8.O15397"	0.043145967367834	6.91349448463768e-06	0.0185282127169457	0.346523182561273	0.556166788618957	0.0112184461871973	1	0.0386464341691246	1	1
"IPO9.Q96P70"	"IPO9.Q96P70"	0.92919362968099	0.0032265221505743	0.00851310610820524	-0.235425196272494	0.500455922418325	0.236077860277201	1	1	1	1
"IQCE.Q6IPM2"	"IQCE.Q6IPM2"	0.945331580669581	0.992264106949435	0.151639946174297	-0.403116949687348	0.0601257247428595	0.389943425285684	1	1	1	1
"IQCG.Q9H095"	"IQCG.Q9H095"	0.415913335892031	0.39734696468443	0.0178922109978994	-1.1939124782277	0.55432516031307	0.278600157611653	1	1	1	1
"IQGAP1.P46940"	"IQGAP1.P46940"	0.00489452511827863	0.00505200515372812	0.379374269533023	0.111028876728751	0.308431591012783	0.948638914004681	1	1	1	1
"IQGAP3.Q86VI3"	"IQGAP3.Q86VI3"	0.00399979835906298	0.0713122324838522	0.0211636223696466	-0.267462341167444	0.550007154422426	0.00243499503971347	1	1	1	1
"IRAK1.P51617"	"IRAK1.P51617"	0.0178425160137394	0.00592507025394127	0.000241234455429911	0.69680317746436	0.150747656016034	0.119654417926962	1	1	1	1
"IRF2BP1.Q8IU81"	"IRF2BP1.Q8IU81"	0.0352998206347317	0.00227001299206049	0.000407737860942871	0.463631135365906	0.342051693145638	0.420779331079365	1	1	1	1
"IRF2BP2.Q7Z5L9"	"IRF2BP2.Q7Z5L9"	0.392841373933087	0.350767868226934	0.0001445270816295	0.305363249799613	1.55454163582516e-05	0.00164008359370957	1	1	0.0913915027701609	1
"IRF2BPL.Q9H1B7"	"IRF2BPL.Q9H1B7"	2.75425027377105e-05	0.037288383458133	0.274886896351008	-0.285901108691693	0.0493728707096663	0.312669064956701	0.150905372499916	1	1	1
"IRF3.Q14653"	"IRF3.Q14653"	0.586070054056169	0.716044682610622	0.106292490416125	0.485423198073775	0.742558021073418	0.021462029172504	1	1	1	1
"IRGQ.Q8WZA9"	"IRGQ.Q8WZA9"	0.185581825932201	0.000496167165182084	0.115569653712403	0.251095423626405	0.491753515712625	0.259371341620054	1	1	1	1
"ISCA1.Q9BUE6"	"ISCA1.Q9BUE6"	0.242831970323444	0.448270615074934	0.0493365266399096	0.363666251213715	0.740707776072756	0.00635812214828152	1	1	1	1
"ISCA2.Q86U28"	"ISCA2.Q86U28"	0.281016303637604	0.699193819063462	0.354119809661247	-0.297256948473671	0.757332407181207	0.107312679254394	1	1	1	1
"ISCU.Q9H1K1"	"ISCU.Q9H1K1"	0.018921576180205	0.300119136161258	0.0400437867725598	-0.391628989634651	0.784758863298669	0.817282287210883	1	1	1	1
"ISG15.P05161"	"ISG15.P05161"	4.6226719966443e-05	5.40324004585249e-06	2.46789787114755e-05	-0.552709502375969	0.00509630902672628	3.74529222507404e-06	0.250595048938087	0.0303013701771408	1	0.0214904867874748
"ISG20L2.Q9H9L3"	"ISG20L2.Q9H9L3"	0.648244734426534	0.0732240601015937	0.138533139938228	0.285112405370217	0.733419999623544	0.00010067239715181	1	1	1	0.551584063994767
"ISOC1.Q96CN7"	"ISOC1.Q96CN7"	0.0988771603824116	0.239245508066592	0.0192431128326359	-0.240716963984302	0.0265429417014539	0.571297671890614	1	1	1	1
"ISOC2.Q96AB3"	"ISOC2.Q96AB3"	0.698782588155836	0.484474758755152	0.245505810707882	-0.324287526543354	0.44056228799458	0.377360291632462	1	1	1	1
"IST1.P53990"	"IST1.P53990"	0.571456206999378	0.0418639441640237	0.329181434231068	0.159244307671714	0.167150547995822	0.650621155479414	1	1	1	1
"ISY1.Q9ULR0"	"ISY1.Q9ULR0"	0.0532269742151944	0.267849823771557	0.288443157166903	0.178381303156424	0.0975962122707253	0.0494546265098642	1	1	1	1
"ITCH.Q96J02"	"ITCH.Q96J02"	0.0599969935208528	0.872545142013384	0.168384121510453	0.271071108231598	0.69721188082669	0.17294320834277	1	1	1	1
"ITFG1.Q8TB96"	"ITFG1.Q8TB96"	0.0188348271928341	0.454076267400227	0.239901814876777	0.23745001296364	0.320114391036797	0.279640265142737	1	1	1	1
"ITGA11.Q9UKX5"	"ITGA11.Q9UKX5"	0.300587114809151	0.0687450651164921	0.169378732431088	-0.844943554315722	0.0692611666967032	0.0197771607887624	1	1	1	1
"ITGA2.P17301"	"ITGA2.P17301"	1.47417770662381e-13	6.55899859191762e-14	2.37788639710436e-12	-1.47076397793026	0.442673171711711	0.318286609425557	8.68880340284073e-10	3.86652966993544e-10	1	1
"ITGA3.P26006"	"ITGA3.P26006"	0.460192180024454	0.000652134232573959	5.0731750646912e-05	0.375853905940021	0.34029344230406	0.000806440720927453	1	1	1	1
"ITGA5.P08648"	"ITGA5.P08648"	4.85622653774012e-07	0.00121289737895344	0.846913804334957	-0.0231246940015832	0.00540707661852589	0.176593216563944	0.00278407467408641	1	1	1
"ITGA6.P23229"	"ITGA6.P23229"	0.000115724760258249	0.213705748567607	0.723010207475268	0.0502119101554841	0.226762755278413	0.0785668796845236	0.61600289885466	1	1	1
"ITGAV.P06756"	"ITGAV.P06756"	4.87389340100469e-05	0.188501979780812	0.571072815009808	0.0509019421779399	0.428760170905027	0.101787513241079	0.264018805532424	1	1	1
"ITGB1.P05556"	"ITGB1.P05556"	0.483428948976101	0.669970244346387	0.0131974916368689	0.25214978545204	0.0404545637809417	0.0389741720297847	1	1	1	1
"ITGB3BP.Q13352"	"ITGB3BP.Q13352"	0.280980699977347	0.00369846150543982	0.750347699012739	-0.178698685772754	0.514581116466032	0.000485494108134379	1	1	1	1
"ITGB5.P18084"	"ITGB5.P18084"	3.38079172396315e-14	6.17754610503367e-16	0.000765995409833115	-0.247933039632581	0.223618440526029	0.00209835932166928	1.99432903796586e-10	3.64536995658037e-12	1	1
"ITIH2.P19823"	"ITIH2.P19823"	2.49083540675865e-07	9.45354021180999e-05	0.000711434866359531	-0.949099418386073	0.0774559211684847	0.0141366638744583	0.00143372486013028	0.505102653517008	1	1
"ITM2B.Q9Y287"	"ITM2B.Q9Y287"	0.419399373790282	0.7255317840012	0.726962752221616	-0.197353259189584	0.319095186631072	0.279627514301051	1	1	1	1
"ITPA.Q9BY32"	"ITPA.Q9BY32"	0.0200114055491684	0.803546822090255	0.68278197270352	0.0974937942645459	0.32134949134814	0.039733446905465	1	1	1	1
"ITPR1.Q14643"	"ITPR1.Q14643"	0.551676339942368	0.552641342798223	0.183723234102632	-0.700585240302355	0.286774594519276	0.0416633840432806	1	1	1	1
"ITPR2.Q14571"	"ITPR2.Q14571"	0.0901297610732527	0.501995005424171	0.0182834579013638	-0.732265976308066	0.094216908080308	0.000280802391376566	1	1	1	1
"ITPR3.Q14573"	"ITPR3.Q14573"	0.13544558475485	0.157962043059494	0.622087344129395	-0.0806695557777205	0.520751241095034	0.0280799633776452	1	1	1	1
"ITPRID2.P28290"	"ITPRID2.P28290"	0.126216474384738	0.0739334771818171	0.39502317440393	-0.186822552277539	0.337177959574919	0.000153054395352135	1	1	1	0.827565115668993
"ITPRIP.Q8IWB1"	"ITPRIP.Q8IWB1"	0.000154009786740977	2.75093232060092e-05	0.00720154678793651	-0.438598084272253	0.231885141849584	0.725962082559867	0.814403752286285	0.150531016583282	1	1
"ITSN1.Q15811"	"ITSN1.Q15811"	0.00854345227012127	2.01461667266052e-05	0.0196423986140683	0.264176730244661	0.79088402748588	0.77674203489148	1	0.110723332329422	1	1
"ITSN2.Q9NZM3"	"ITSN2.Q9NZM3"	0.00297033044345582	0.000492104958676223	0.00540780055236229	-0.345584098930026	0.688480408608649	0.813008174759723	1	1	1	1
"IVD.P26440"	"IVD.P26440"	6.23183280529606e-07	5.88743602592893e-06	1.02989595972189e-08	-1.21970341010408	0.910587920861795	0.000130380040088213	0.00356585473119041	0.0329873040532798	1	0.708485137839347
"IWS1.Q96ST2"	"IWS1.Q96ST2"	0.71998499329943	0.131103935580875	0.653222347441526	-0.0740566870125984	0.0752814824716102	0.0830367776500429	1	1	1	1
"JADE1.Q6IE81"	"JADE1.Q6IE81"	0.858794851431211	0.966544679249523	0.594423396890923	0.131706990844708	0.255084753808153	0.165586178334797	1	1	1	1
"JAGN1.Q8N5M9"	"JAGN1.Q8N5M9"	0.000250200355128188	0.00544431270261496	0.000796472369661499	-0.524366532831006	0.185045901614076	1.75661490594576e-05	1	1	1	0.0991433452915788
"JAK1.P23458"	"JAK1.P23458"	0.897524528297722	0.0695640109789697	0.252335759397047	0.316090587442897	0.888962543420797	0.0295696170940768	1	1	1	1
"JAM3.Q9BX67"	"JAM3.Q9BX67"	0.00144263424756936	0.919663412609863	0.101298532383015	-0.307539859688785	0.196021133862815	0.0952423874808933	1	1	1	1
"JMJD1C.Q15652"	"JMJD1C.Q15652"	0.747269760259673	0.196489383344561	0.062412309637612	-0.378705860245825	0.581593675822941	0.0468687177171012	1	1	1	1
"JMJD4.Q9H9V9"	"JMJD4.Q9H9V9"	0.0448879256007518	0.000448209954720994	0.000294603670252728	0.744697751065608	0.611578648784922	0.540168776141945	1	1	1	1
"JMJD6.Q6NYC1"	"JMJD6.Q6NYC1"	6.57449949207908e-06	0.00183266972868908	5.72738692302058e-05	-0.747573640096885	0.659659446122501	0.80778411843993	0.0366396856693567	1	1	1
"JPT1.Q9UK76"	"JPT1.Q9UK76"	0.000236724472731554	0.0153563085769117	0.736853096770239	0.0369017378256501	0.0234402656658712	0.00909666055730805	1	1	1	1
"JPT2.Q9H910"	"JPT2.Q9H910"	0.170434816015422	0.270228620066894	0.592527048317289	-0.0688573812166949	0.27507261124926	0.000265797366557292	1	1	1	1
"JUNB.P17275"	"JUNB.P17275"	0.0324628053294518	0.114988643902233	0.000187767072491511	0.677554738831812	0.000488790173570648	2.11108813513378e-05	1	1	1	0.118959816414789
"JUND.P17535"	"JUND.P17535"	0.840354237050849	0.000449690857996512	0.0194930981606472	0.680075644546432	0.197035450782615	0.0178415659436009	1	1	1	1
"JUN.P05412"	"JUN.P05412"	0.0246374024494222	0.0404486759938318	0.0160288813112883	0.399672751981011	0.618560005559544	0.129874974249502	1	1	1	1
"JUP.P14923"	"JUP.P14923"	0.406632834670314	0.312510156153813	0.0483011347058049	0.352059639561657	0.979011436910851	0.19689188048371	1	1	1	1
"KANK2.Q63ZY3"	"KANK2.Q63ZY3"	0.228115053155	0.0352801621194211	0.0191656132035517	0.624597615695585	0.517240882587839	0.0266089213932025	1	1	1	1
"KANSL1.Q7Z3B3"	"KANSL1.Q7Z3B3"	0.193408808004012	0.952949484478283	0.734605039333582	-0.0497649349660056	0.125042599132169	0.0325813853315906	1	1	1	1
"KANSL2.Q9H9L4"	"KANSL2.Q9H9L4"	0.288568287636491	0.387456790060369	0.59158478437699	0.0591673570229278	0.0504265258713799	0.0665233473671446	1	1	1	1
"KANSL3.Q9P2N6.3"	"KANSL3.Q9P2N6.3"	0.0734361107130016	0.510809960905147	0.850530050793509	0.0428193554535195	0.19063688156464	0.120852792373298	1	1	1	1
"KARS1.Q15046"	"KARS1.Q15046"	0.352127127777769	0.00222795245028469	0.0384522322973546	0.115964563571383	0.0725640229796933	0.0303851969213918	1	1	1	1
"KAT2A.Q92830"	"KAT2A.Q92830"	0.973419052415393	0.000185688622005926	0.694257149873612	0.174076638458628	0.960579724196241	8.22922801105884e-06	1	0.978393349349226	1	0.0468819119790022
"KAT5.Q92993"	"KAT5.Q92993"	0.0357788968110396	0.359293235429091	0.104922707927842	0.633740462059022	0.949817853064671	0.264156714719469	1	1	1	1
"KAT7.O95251"	"KAT7.O95251"	0.0818086839688144	0.974184551436176	0.0205691338742259	0.27265816004129	0.257970989856612	0.008591390695921	1	1	1	1
"KATNA1.O75449"	"KATNA1.O75449"	0.440640918688048	0.617262106153916	0.368334627871639	-0.151076719646313	0.658950747403087	0.24128815589894	1	1	1	1
"KATNAL1.Q9BW62"	"KATNAL1.Q9BW62"	0.193842646611214	0.393211654593261	0.193095112040973	0.525863722251738	0.48972548704661	0.836105759884628	1	1	1	1
"KATNB1.Q9BVA0"	"KATNB1.Q9BVA0"	0.397729133953651	0.16775047606011	0.352785222562466	-0.151037965197208	0.445454520420206	0.927162650470788	1	1	1	1
"KCMF1.Q9P0J7"	"KCMF1.Q9P0J7"	0.811471736814362	0.140181999879723	0.142320681525609	-0.325230114307678	0.39290223658324	0.586845527019128	1	1	1	1
"KCNK1.O00180"	"KCNK1.O00180"	0.0290491588937856	0.00635982393871303	0.434744676229231	-0.185622085079767	0.0345973086671817	0.271823770025115	1	1	1	1
"KCNN4.O15554"	"KCNN4.O15554"	0.106581197536436	0.0550313341801036	0.942591910691099	0.0284158300143262	0.0107120468737545	0.00234815827473459	1	1	1	1
"KCT2.Q8NC54"	"KCT2.Q8NC54"	0.966431210262013	0.33179747025813	0.149905929152642	-0.457086748600217	0.104760371827569	0.0458274994086578	1	1	1	1
"KCTD12.Q96CX2"	"KCTD12.Q96CX2"	0.119730334824694	0.558412907234582	0.30376894623549	0.364565710996467	0.699099215425548	0.460100921814942	1	1	1	1
"KCTD14.Q9BQ13"	"KCTD14.Q9BQ13"	2.04328910290318e-07	0.000190756740881074	3.56590218043855e-06	-1.23795190597318	0.176063505700979	0.443263626800222	0.0011775475100031	1	1	1
"KCTD5.Q9NXV2"	"KCTD5.Q9NXV2"	0.57104690759718	0.00269498249963086	5.86375057892225e-06	0.787424781265875	0.107384441777771	0.879778299030915	1	1	1	1
"KCTD9.Q7L273"	"KCTD9.Q7L273"	0.780834472315606	0.0285596539281635	0.796071532763848	-0.109077990841167	0.863094352100335	0.0958540187704059	1	1	1	1
"KDELR1.P24390"	"KDELR1.P24390"	0.32840630541066	0.0177990356857048	0.128038240651044	-0.252962591795236	0.00243935218431357	0.000182887749118151	1	1	1	0.983021651510061
"KDELR2.P33947"	"KDELR2.P33947"	0.0341898386056684	0.839203744342886	0.343400038173148	-0.44486452288073	0.242486320168271	0.115902408136129	1	1	1	1
"KDM1A.O60341"	"KDM1A.O60341"	0.00516623838102222	0.0183199749505794	8.89482010845736e-06	0.398281970277418	0.634235136162586	0.00109316624881346	1	1	1	1
"KDM2A.Q9Y2K7"	"KDM2A.Q9Y2K7"	0.0194582216242393	0.756671046463173	4.41413334343817e-05	0.540859302947123	0.475469903375607	0.147043390143995	1	1	1	1
"KDM3B.Q7LBC6"	"KDM3B.Q7LBC6"	0.0102439643663885	0.07584646811681	0.003237918971602	0.233153614434116	0.360776974398636	0.24228221034103	1	1	1	1
"KDM4A.O75164"	"KDM4A.O75164"	0.185031077957894	0.212449227614647	0.0468926495776482	-0.370146312450148	0.0872704411493533	0.00108291245953229	1	1	1	1
"KDM5C.P41229"	"KDM5C.P41229"	0.871236515464671	0.234416568007828	0.501803882184042	-0.221502332403819	0.420409473254193	0.806273802213074	1	1	1	1
"KDSR.Q06136"	"KDSR.Q06136"	0.0157682138059755	0.294822827594947	0.00832101645755729	-0.461964675509521	0.333212232829424	0.00448508435379989	1	1	1	1
"KEAP1.Q14145"	"KEAP1.Q14145"	3.15735314908324e-05	1.95116860499639e-08	1.45497751241409e-06	0.750596431975527	0.646627385253474	1.93877970463084e-06	0.172391481939945	0.000113323872578191	1	0.01118675889572
"KHDC4.Q7Z7F0"	"KHDC4.Q7Z7F0"	0.0394801486165324	0.22445588592509	0.00264251664096094	-0.512725998415234	0.906993241276316	0.401845806838113	1	1	1	1
"KHDRBS1.Q07666"	"KHDRBS1.Q07666"	0.628188206780725	0.854208342056987	0.0130349436232835	0.284334795408107	0.00515418180364692	0.256337245107283	1	1	1	1
"KHDRBS3.O75525"	"KHDRBS3.O75525"	1.77900984811645e-05	3.05265940958942e-05	0.00158784524067061	-0.408757285401297	0.274637330371634	0.366531237684865	0.0980234426312162	0.166736256951774	1	1
"KHSRP.Q92945"	"KHSRP.Q92945"	0.661371185738562	0.291816321016724	0.379968113887586	0.102354134270848	0.287472090350888	0.09889560144231	1	1	1	1
"KIAA0586.Q9BVV6"	"KIAA0586.Q9BVV6"	0.231017053524639	0.0147690376467057	0.0543971699252137	0.802050168938881	0.327764941497036	0.517402528404137	1	1	1	1
"KIAA1143.Q96AT1"	"KIAA1143.Q96AT1"	0.000912175560143591	0.00628077755636188	2.7495034910793e-05	-1.27407958908564	0.0653851315121446	7.78432276248709e-06	1	1	1	0.0443706397461764
"KIAA1217.Q5T5P2"	"KIAA1217.Q5T5P2"	0.0745845490316719	0.0112529248815984	0.065215400377369	-0.21955010335588	0.372761472842702	0.709925030761855	1	1	1	1
"KIAA1522.Q9P206"	"KIAA1522.Q9P206"	0.386682526313953	0.0353261788488209	0.00025484409695274	1.22902558202719	0.0825137135457124	0.51990751736278	1	1	1	1
"KIAA1671.Q9BY89"	"KIAA1671.Q9BY89"	0.00429070135327263	0.00148813575605232	0.000213064081794051	-0.692162066743809	0.0203490170921459	0.00696501893798951	1	1	1	1
"KIAA2013.Q8IYS2"	"KIAA2013.Q8IYS2"	0.592841808702622	0.759829624676503	0.228391347810427	0.224542529466075	0.714761230388162	0.0698774134366787	1	1	1	1
"KIAA2026.Q5HYC2"	"KIAA2026.Q5HYC2"	0.125467478450699	0.67504483345965	0.421758426675953	-0.418954720532061	0.584847724489047	0.350377149254445	1	1	1	1
"KIDINS220.Q9ULH0"	"KIDINS220.Q9ULH0"	0.890452561618082	0.109476414310993	0.815944026275266	-0.0318847044655833	0.784042552375376	0.0264226612889937	1	1	1	1
"KIF11.P52732"	"KIF11.P52732"	0.523947491390724	0.403575579599182	0.843155468341609	-0.0234790305478234	0.250477209822748	0.4863128257982	1	1	1	1
"KIF14.Q15058"	"KIF14.Q15058"	0.146610705683031	0.388454662581812	0.0741699385645792	0.388491512090201	0.282411023908534	0.12333387379576	1	1	1	1
"KIF15.Q9NS87"	"KIF15.Q9NS87"	2.95270927302423e-05	0.00113882021472819	0.00223840172284235	-0.416796122731054	0.119525137251834	0.0564701464451836	0.161513197234425	1	1	1
"KIF16B.Q96L93"	"KIF16B.Q96L93"	0.0485466012874887	0.528225548108262	0.470799153972977	-0.364551475047731	0.0115659601642695	0.400890908550384	1	1	1	1
"KIF18B.Q86Y91"	"KIF18B.Q86Y91"	0.911408230775556	0.50329204564361	3.25005820891076e-05	0.643639159335492	0.772379378411413	0.00113176512912407	1	1	1	1
"KIF1A.Q12756"	"KIF1A.Q12756"	0.0339165459785644	0.134174090769694	0.0363046682951738	0.705392620453498	0.366305821871486	0.127570388242022	1	1	1	1
"KIF1B.O60333.3"	"KIF1B.O60333.3"	9.07631309795757e-05	1.55247015569673e-07	2.08398665465586e-08	0.777067366686974	0.498378905978787	0.58874648558261	0.484947408823873	0.000894533303712456	1	1
"KIF20A.O95235"	"KIF20A.O95235"	5.94685366103451e-07	0.00176637924997089	1.33260257486168e-14	1.04739662398455	5.35162728188026e-06	2.15783545874329e-07	0.00340397903557615	1	0.0315371395721204	0.00126276531045658
"KIF20B.Q96Q89"	"KIF20B.Q96Q89"	0.443741149343562	0.146482712852288	4.31615560632103e-06	0.800427181161672	0.183858747843559	0.0223359161467281	1	1	1	1
"KIF21A.Q7Z4S6"	"KIF21A.Q7Z4S6"	1.63117297217893e-05	1.15671725017658e-08	3.97856084978872e-06	0.601226035504098	0.203849371826801	0.706580199411878	0.0899755011453898	6.73556454777825e-05	1	1
"KIF22.Q14807"	"KIF22.Q14807"	0.00996079015858357	0.767099741063098	0.0512426984016034	0.146002078015425	0.184709855750032	6.43158205739e-07	1	1	1	0.00374446707381246
"KIF23.Q02241"	"KIF23.Q02241"	0.0355796981520303	0.0219473873689707	5.65805883935049e-05	0.531272970287333	0.0635275087014558	8.56885773480791e-06	1	1	1	0.0487910759419963
"KIF2A.O00139"	"KIF2A.O00139"	0.346155246469641	0.644451964382699	0.0802430896872056	0.239775926947663	0.79164420502822	0.36978520332793	1	1	1	1
"KIF2C.Q99661"	"KIF2C.Q99661"	0.0182921141377507	0.00468427534756855	0.000362282166893918	0.238654824835366	0.37874100264827	0.0261658466586695	1	1	1	1
"KIF2C.Q99661.2"	"KIF2C.Q99661.2"	0.00679976862952519	0.860697013619159	0.0937692211852524	1.38859084110476	0.447479936433218	0.713998200775042	1	1	1	1
"KIF3A.Q9Y496"	"KIF3A.Q9Y496"	0.0478676283836046	0.211950536755315	0.696508376340562	0.0496823681125542	0.788806993872248	0.0502319380189314	1	1	1	1
"KIF3B.O15066"	"KIF3B.O15066"	0.0357007805191222	0.000722034734706046	0.00355196023642931	0.426678632876721	0.174640289101985	0.268367894683034	1	1	1	1
"KIF4A.O95239"	"KIF4A.O95239"	0.000535005307261901	0.00146728906444539	0.00265639875441441	0.198424406685772	0.000588717919010617	0.878616934857678	1	1	1	1
"KIF5B.P33176"	"KIF5B.P33176"	0.91821069132258	0.197608670855187	0.0428847316180481	0.146219303473802	0.28790809533644	0.000107016700908345	1	1	1	0.585167320566828
"KIFAP3.Q92845"	"KIFAP3.Q92845"	0.136581231498351	0.366827612908285	0.366733309753897	0.142356778109228	0.372253764929921	0.0305042843623078	1	1	1	1
"KIFBP.Q96EK5"	"KIFBP.Q96EK5"	0.0482438584950283	0.010105439687707	0.129482604833825	-0.300082236342714	0.18400899572541	0.125432408055044	1	1	1	1
"KIFC1.Q9BW19"	"KIFC1.Q9BW19"	0.120171084673249	0.013900441130264	1.43647344829235e-09	0.663331355472408	0.913584719685911	0.679015880557278	1	1	1	1
"KIN.O60870"	"KIN.O60870"	0.00196267959412959	0.578477323768589	0.464353374943298	-0.0958632889943513	0.150898089987415	0.737344518078489	1	1	1	1
"KIRREL1.Q96J84"	"KIRREL1.Q96J84"	0.00373461269372709	0.430644472153056	0.0956666157715049	-0.183537701257084	0.839751643117518	0.000113760541056095	1	1	1	0.620791272543112
"KLC1.Q07866"	"KLC1.Q07866"	0.0684983476633539	0.187347848387034	0.000699276428512902	-0.659385827891249	0.144432003025771	0.847308349317045	1	1	1	1
"KLC2.Q9H0B6"	"KLC2.Q9H0B6"	0.0910276372106944	0.701813256830708	0.0880168157579261	-0.097881605373242	0.393707067914467	0.0013860021980597	1	1	1	1
"KLC4.Q9NSK0"	"KLC4.Q9NSK0"	0.892328579400408	0.0342458960089287	0.142803518698648	0.220026186385873	0.0162583731660523	0.325060454521196	1	1	1	1
"KLF13.Q9Y2Y9"	"KLF13.Q9Y2Y9"	0.111783706661739	0.982999206128714	0.30000155459178	-0.324945089806309	0.689169712589724	0.810421299351561	1	1	1	1
"KLHDC4.Q8TBB5"	"KLHDC4.Q8TBB5"	0.389242921258613	0.000334305172995177	0.469420393535016	0.158566460121716	0.224347740118353	0.129675935101887	1	1	1	1
"KLHL11.Q9NVR0"	"KLHL11.Q9NVR0"	0.67316929889351	0.471138382934822	0.369170737159344	0.220579044756745	0.528674492124306	0.807428249749016	1	1	1	1
"KLHL40.Q2TBA0"	"KLHL40.Q2TBA0"	0.561514881927206	0.12199632131149	0.470765671632292	-0.142031973057988	0.14225341277412	0.164697681092045	1	1	1	1
"KLHL42.Q9P2K6"	"KLHL42.Q9P2K6"	0.750514887319297	0.687590086192077	0.19069358262471	-0.495004122534281	0.225068445970934	0.676844695361684	1	1	1	1
"KMT2A.Q03164"	"KMT2A.Q03164"	0.00982917853667775	8.08288422734899e-06	0.000633677702511508	0.624750300069177	0.0644697623694549	2.69643328488528e-05	1	0.0451105768728347	1	0.151350800280611
"KMT2B.Q9UMN6"	"KMT2B.Q9UMN6"	0.293494156287954	0.0382124285534636	0.121918378788897	0.381091425170655	0.855777245012779	0.0101748795990785	1	1	1	1
"KNL1.Q8NG31"	"KNL1.Q8NG31"	0.00130635226310599	0.0940185378039419	0.0944765644605592	0.222747278378433	0.0134482895085427	0.0190925032565808	1	1	1	1
"KNOP1.Q1ED39"	"KNOP1.Q1ED39"	0.339855861842722	0.107243865868341	0.496117566023142	0.106587255189819	0.128569575172356	9.91403763770665e-06	1	1	1	0.0564009601209131
"KNSTRN.Q9Y448"	"KNSTRN.Q9Y448"	0.108109058210408	0.0351486644098273	0.135032721416383	0.579847107737941	0.146371081053207	0.327960533356426	1	1	1	1
"KNTC1.P50748"	"KNTC1.P50748"	5.57578558087766e-06	3.31588806013163e-06	1.27858279333502e-06	0.648614556319892	0.0176790542575502	0.145759116879549	0.0311797929682678	0.0187215039875032	1	1
"KPNA1.P52294"	"KPNA1.P52294"	0.0523342076761018	0.299887574733387	0.198284823725551	-0.266684021625246	0.794057790321062	0.0474121964391923	1	1	1	1
"KPNA2.P52292"	"KPNA2.P52292"	0.255225221450134	0.0014364422290218	0.0018479022007362	0.356274888098621	0.00434950988471103	0.0244769382528836	1	1	1	1
"KPNA3.O00505"	"KPNA3.O00505"	0.195279446110713	0.619367606532838	0.118910990696356	-0.130480888648624	0.0495554760264415	0.91607247504316	1	1	1	1
"KPNA4.O00629"	"KPNA4.O00629"	0.196273147564948	0.899462040127575	0.031823620322561	-0.273604873629687	0.848851010455521	0.0669656402576322	1	1	1	1
"KPNA6.O60684"	"KPNA6.O60684"	0.311611281573552	0.155986947941162	0.787359203994187	-0.0321511643631673	0.274192214848877	0.90669523272222	1	1	1	1
"KPNB1.Q14974"	"KPNB1.Q14974"	0.0371358307514618	0.167339645726871	0.21531721063571	-0.0856620741020237	0.00864799004648412	0.544041640910309	1	1	1	1
"KPRP.Q5T749"	"KPRP.Q5T749"	0.538877314588787	0.968192191479021	0.486203999728098	0.532366134198874	0.975749124602929	0.555583817073812	1	1	1	1
"KRAS.P01116"	"KRAS.P01116"	0.354756841773678	0.000218274764987528	0.00021004153227001	0.543077650376736	0.00114640171450834	0.576164477871471	1	1	1	1
"KRI1.Q8N9T8"	"KRI1.Q8N9T8"	0.264949898308584	0.00542326830182702	0.62242453552464	-0.0955147425908387	0.324750905487456	0.000134478050976677	1	1	1	0.73008133875238
"KRR1.Q13601"	"KRR1.Q13601"	0.775739760081715	0.0463929836289032	0.114345339409285	-0.302582764711607	0.0146932483723245	0.165348347551171	1	1	1	1
"KRT10.P13645"	"KRT10.P13645"	0.626248797318722	0.169263241519793	0.53812778519799	0.572851324694756	0.729609947654987	0.190464279344016	1	1	1	1
"KRT14.P02533"	"KRT14.P02533"	0.00162737361142283	0.00137502181353867	2.51084417599787e-05	2.33166293998501	0.389507122943024	0.966716920110529	1	1	1	1
"KRT16.P08779"	"KRT16.P08779"	0.0486033688533853	0.00030001445837687	0.00079802044002417	1.82847452941118	0.0441830308552764	0.12701143148621	1	1	1	1
"KRT17.Q04695"	"KRT17.Q04695"	0.00912595528390874	0.743958016953759	0.282102999941241	-0.230058756574072	0.205923053204651	0.134805967570024	1	1	1	1
"KRT18.P05783"	"KRT18.P05783"	3.96529578106674e-05	0.000183784886698339	2.93694372189593e-06	-0.71548191077469	0.000748746886010494	0.00708315755026357	0.215751743447841	0.968730137786946	1	1
"KRT1.P04264"	"KRT1.P04264"	0.565047048962026	0.193814399061945	0.163743533083319	1.40475708609668	0.520931560650344	0.314334935229486	1	1	1	1
"KRT2.P35908"	"KRT2.P35908"	0.595051059509521	0.294080118907669	0.612003374360455	0.447242117921459	0.716771982273389	0.329099227561643	1	1	1	1
"KRT34.O76011"	"KRT34.O76011"	0.129209393135426	0.637594592276297	0.14868646159869	0.404533052750689	0.000375692573955534	0.926737254882659	1	1	1	1
"KRT3.P12035"	"KRT3.P12035"	0.033727973081623	0.932564404553161	0.00276126286848449	-2.13839416128043	0.017670125655286	0.0224810902070383	1	1	1	1
"KRT5.P13647"	"KRT5.P13647"	0.0565245659211809	0.419280850009389	0.171011319559963	-0.758427544765149	0.521253070994997	0.333883011820834	1	1	1	1
"KRT6A.P02538"	"KRT6A.P02538"	0.0124568847002489	0.950763072722934	0.487528863730095	-0.134361837989132	0.504619882476986	0.193429498713567	1	1	1	1
"KRT6B.P04259"	"KRT6B.P04259"	0.348670774372861	0.150272702886668	0.189331122133733	0.752888480909553	0.0851652981796982	0.705882714480878	1	1	1	1
"KRT72.Q14CN4"	"KRT72.Q14CN4"	0.781197714164471	0.191285320253946	0.120456319701641	1.30309906330038	0.811901869497503	0.391332689981019	1	1	1	1
"KRT79.Q5XKE5"	"KRT79.Q5XKE5"	0.663585648139538	0.425746378117001	0.0329499333566565	-1.52242906944879	0.0241885301373582	0.188779906492392	1	1	1	1
"KRT80.Q6KB66"	"KRT80.Q6KB66"	8.13074188989848e-05	0.000421055774865814	0.632655341895785	-0.0687002264364417	0.0954358396082777	0.749344793887166	0.435889072717457	1	1	1
"KRT81.Q14533"	"KRT81.Q14533"	0.441407142678318	0.583967167518864	0.0975584389207866	0.614930087893481	0.535997701323877	0.953402831024024	1	1	1	1
"KRT84.Q9NSB2"	"KRT84.Q9NSB2"	0.033285691220298	0.775979022032183	0.0391064077262793	-1.17148268452072	0.234626732306305	0.0736074602838129	1	1	1	1
"KRT8.P05787"	"KRT8.P05787"	0.00532172279670576	0.00488121865386602	0.00287230636060707	-0.581898851037821	0.155403505013196	0.393578734983123	1	1	1	1
"KRT9.P35527"	"KRT9.P35527"	0.35066653175003	0.414719716111666	0.22161195130778	1.05854999595055	0.261841619015192	0.511272727472187	1	1	1	1
"KRTCAP2.Q8N6L1"	"KRTCAP2.Q8N6L1"	0.10046762962586	0.00954616981568773	0.602852784694484	-0.222916450353799	0.0305730617421115	0.00503346104848737	1	1	1	1
"KTI12.Q96EK9"	"KTI12.Q96EK9"	0.967147709556332	0.187319802359177	0.174425697362422	0.298963642827414	0.0560370440322422	0.359498439248777	1	1	1	1
"KTN1.Q86UP2"	"KTN1.Q86UP2"	0.472911710145716	0.437479856668023	0.545216395639083	0.0704337364987175	0.937917135196681	0.126846590729122	1	1	1	1
"KYAT3.Q6YP21"	"KYAT3.Q6YP21"	0.56019449469097	0.000983248610521054	0.0340643692593785	-0.588887585455435	0.000294934283452457	0.000391103124136043	1	1	1	1
"L1CAM.P32004"	"L1CAM.P32004"	2.39660696365819e-05	4.69127582793551e-05	2.99254205334714e-09	1.35894973572329	0.00434766481913601	0.483980887508024	0.131549756235198	0.253938760566149	1	1
"L1RE1.Q9UN81"	"L1RE1.Q9UN81"	0.726108229358269	0.00773479716210999	0.0199912351365059	0.587128410461837	0.273145610187534	0.831836564729412	1	1	1	1
"L2HGDH.Q9H9P8"	"L2HGDH.Q9H9P8"	0.129407698492094	0.0823059921418019	0.00138030145554328	-0.554990700277702	0.155968129543048	0.000526855423692409	1	1	1	1
"L3HYPDH.Q96EM0"	"L3HYPDH.Q96EM0"	0.000106014394429632	0.0151415597915634	0.015972284076283	0.318478975031242	0.240039895825908	0.0711502376575967	0.565162736704366	1	1	1
"LACTB2.Q53H82"	"LACTB2.Q53H82"	1.77936703429808e-05	0.00101291439755556	0.0401502107896991	0.162988895893033	0.550187022316655	0.00105758883175259	0.0980253299194811	1	1	1
"LACTB.P83111"	"LACTB.P83111"	0.104035835225193	0.000778024254318654	0.0129533347041908	0.458548317347106	0.56220410099725	0.0076668005028398	1	1	1	1
"LAGE3.Q14657"	"LAGE3.Q14657"	0.590296953688598	0.0933663438963757	0.624452941649159	0.0889119827473739	0.0320031527539817	0.574534704668936	1	1	1	1
"LAMA5.O15230"	"LAMA5.O15230"	0.0185217012483078	0.0046417373610813	0.31302218027894	-0.368417417273592	0.06921507534665	0.361758803767435	1	1	1	1
"LAMB1.P07942"	"LAMB1.P07942"	4.19388022715126e-06	7.56409067114125e-09	7.61059297330969e-09	-1.03927223162612	0.0601461204117911	0.0719542365421459	0.0235528313556815	4.40835204314112e-05	1	1
"LAMB3.Q13751"	"LAMB3.Q13751"	1.03522144334737e-05	0.000563949938724291	0.386046983070716	-0.0650164797632383	0.0173139907740358	0.0163739869736887	0.0574030290336118	1	1	1
"LAMC1.P11047"	"LAMC1.P11047"	0.523477196634164	0.430930845279857	0.0530891924912997	0.36664393801526	0.497312946950569	0.0599153679422321	1	1	1	1
"LAMC2.Q13753"	"LAMC2.Q13753"	0.0306477716928638	0.000921148980282229	2.53928005393574e-10	0.756002675406888	0.350001522325083	0.821875329928206	1	1	1	1
"LAMP1.P11279"	"LAMP1.P11279"	0.65485385551333	0.154369428418003	0.989889590395482	0.00429541893338808	0.434870120325027	0.05431868561827	1	1	1	1
"LAMP2.P13473"	"LAMP2.P13473"	0.617111464072387	0.331161527041438	0.945043808780383	-0.0158389576146625	0.586699829183729	0.393119123950732	1	1	1	1
"LAMTOR1.Q6IAA8"	"LAMTOR1.Q6IAA8"	0.0197700953303387	0.0204962256905843	0.0342823268856722	-0.322469417148642	0.0188531682093827	0.122434925731953	1	1	1	1
"LAMTOR2.Q9Y2Q5"	"LAMTOR2.Q9Y2Q5"	0.314579092977863	0.898445286446381	0.127308432905762	-0.518822199001555	0.331305040541217	0.0931837802685931	1	1	1	1
"LAMTOR3.Q9UHA4"	"LAMTOR3.Q9UHA4"	0.403124301186454	0.380426479062326	0.609019687630462	0.143488748220662	0.986469852171993	0.553193839257295	1	1	1	1
"LAMTOR4.Q0VGL1"	"LAMTOR4.Q0VGL1"	0.00636877434488321	0.62918525189276	0.106740241363593	-0.457945372328219	0.286660429994474	0.0538298685270913	1	1	1	1
"LAMTOR5.O43504"	"LAMTOR5.O43504"	0.0996648241834059	0.966758654614012	0.199015120296484	0.219899842583914	0.451317150032599	0.124652998660991	1	1	1	1
"LANCL1.O43813"	"LANCL1.O43813"	0.120758108486217	0.265352138089681	0.173499656169529	0.184773064841158	0.199126208406461	0.425318838316583	1	1	1	1
"LANCL2.Q9NS86"	"LANCL2.Q9NS86"	0.0305552189320916	0.00081918846807501	0.38988422049297	0.0677064553933396	0.242564100257697	0.494846939909882	1	1	1	1
"LAP3.P28838"	"LAP3.P28838"	0.358598227815846	0.0866704373891786	0.932212775634526	-0.0116340069231088	0.516581083935199	0.90447628961228	1	1	1	1
"LARP1B.Q659C4"	"LARP1B.Q659C4"	0.82596539824365	0.865304907149698	0.000223635998816899	-0.366084561351566	0.0575513668637466	0.809663436650182	1	1	1	1
"LARP1.Q6PKG0"	"LARP1.Q6PKG0"	0.167897815494182	0.754504308807189	0.261600655869592	-0.0918662225125284	0.287418042208029	0.929177395033605	1	1	1	1
"LARP4B.Q92615"	"LARP4B.Q92615"	0.413830233117202	0.0265049707796015	0.321890849982517	0.280375472771852	0.354704864583971	0.0525154635425212	1	1	1	1
"LARP4.Q71RC2"	"LARP4.Q71RC2"	0.669375228266795	0.0095119506729799	0.165803090499905	0.105383840310726	0.287851999203469	0.0365660187903981	1	1	1	1
"LARP7.Q4G0J3"	"LARP7.Q4G0J3"	0.00013166423942122	0.000547387412454911	4.17074801628806e-07	0.759844076541798	0.00275860423700912	0.00508792172504485	0.698873782847836	1	1	1
"LARS1.Q9P2J5"	"LARS1.Q9P2J5"	0.603031490692648	0.253594284255976	0.249396096525384	-0.114296225898804	0.672206719302227	0.164900172488367	1	1	1	1
"LARS2.Q15031"	"LARS2.Q15031"	0.00319959679745753	5.20507290821347e-05	0.00184665023755847	-0.59271255861776	0.905902570331166	0.00203785302114958	1	0.281021886314445	1	1
"LAS1L.Q9Y4W2"	"LAS1L.Q9Y4W2"	0.0753132668770907	0.487442681886554	0.207081898822864	-0.162610429540885	0.209684921940388	0.00049203528482624	1	1	1	1
"LASP1.Q14847"	"LASP1.Q14847"	0.520447717920332	0.013841712001989	0.00396319003791547	0.234919303470466	0.0740916476828195	5.45108743052532e-05	1	1	1	0.302153776274019
"LAT2.Q9GZY6"	"LAT2.Q9GZY6"	0.000339694820143742	5.32131115416643e-05	7.56427838029293e-05	-1.1966614452344	0.00949815052325286	0.376853591407664	1	0.287137949878821	1	1
"LATS1.O95835"	"LATS1.O95835"	0.49086931237403	0.468945658274201	0.187459414107569	0.367975452360919	0.167840905523975	0.148395898086357	1	1	1	1
"LAT.O43561"	"LAT.O43561"	0.0495515114691114	0.881544419842545	0.260968166689775	-0.297084558977718	0.560720287535721	0.352629188233333	1	1	1	1
"LAYN.Q6UX15.2"	"LAYN.Q6UX15.2"	0.650791882567359	0.0801236731836485	0.0899028682773385	0.259657311726056	0.167731767228307	0.250249493420791	1	1	1	1
"LBH.Q53QV2"	"LBH.Q53QV2"	0.121966086019524	0.000210392620950911	0.00129378234096818	0.537091889986212	6.05310449652172e-08	7.27787712895544e-09	1	1	0.000357314758429677	4.28739741666765e-05
"LBR.Q14739"	"LBR.Q14739"	0.210339991738498	0.310194894646895	0.118759752465259	0.261712040857569	0.101933495450616	0.000548745611278319	1	1	1	1
"LCLAT1.Q6UWP7"	"LCLAT1.Q6UWP7"	2.06550606873341e-07	2.86303636510781e-08	7.58363103963089e-08	-0.864694257937565	0.461427949929843	0.000190244493739666	0.00119014459680419	0.000166113369903555	1	1
"LCMT1.Q9UIC8"	"LCMT1.Q9UIC8"	0.0405801470940609	0.0891964060934201	0.0542797042784942	0.382278656998686	0.613895287476337	0.0454617644269153	1	1	1	1
"LCMT2.O60294"	"LCMT2.O60294"	0.776783814811243	0.433788287156051	0.0703190612655283	-0.541344812026059	0.501954868458074	0.922946364905834	1	1	1	1
"LCOR.Q96JN0.3"	"LCOR.Q96JN0.3"	0.456020131491738	0.3193413888847	0.197680955443924	0.407380558719678	0.201041971807542	0.0133600280942944	1	1	1	1
"LCP1.P13796"	"LCP1.P13796"	5.1066153116784e-13	8.43604245967197e-11	1.56394888918125e-14	-2.52335632386294	0.355306912561477	0.220479479983247	3.00881774164091e-09	4.95364413231938e-07	1	1
"LDB1.Q86U70"	"LDB1.Q86U70"	0.00632561902457261	0.265373641952219	0.00245868938524551	0.832660339632701	0.0879030761374161	0.710010754343308	1	1	1	1
"LDHA.P00338"	"LDHA.P00338"	0.142082539844927	0.000653647229615825	0.151615428811455	0.132965383028756	0.68896552177104	0.920607185514124	1	1	1	1
"LDHB.P07195"	"LDHB.P07195"	0.116287857406301	0.0219050212166948	0.521253202331584	0.0477500354373846	0.197620215797355	0.000244259563566692	1	1	1	1
"LDLRAP1.Q5SW96"	"LDLRAP1.Q5SW96"	0.277013938611673	0.000861040769456178	0.254277572901703	-0.254947523348118	0.0108193914993261	0.000342335012936921	1	1	1	1
"LDLR.P01130"	"LDLR.P01130"	8.26256456015083e-05	0.10596461703726	0.688098122841115	0.039361464098679	0.0228213339633946	0.119669816396413	0.442708209132881	1	1	1
"LEMD2.Q8NC56"	"LEMD2.Q8NC56"	2.47305722577906e-05	0.00769783566848191	0.0238792165685314	-0.271099859205752	0.769552522560646	0.520564288256722	0.135671919406239	1	1	1
"LEMD3.Q9Y2U8"	"LEMD3.Q9Y2U8"	0.315704369714467	0.0131342527524118	0.299769114186099	-0.0875423538687838	0.192814351607395	0.0503322548918429	1	1	1	1
"LENG8.Q96PV6"	"LENG8.Q96PV6"	0.441653299553942	0.170513602466241	0.242660403497119	-0.535380088548796	0.278241170751964	0.000479852708487479	1	1	1	1
"LEO1.Q8WVC0"	"LEO1.Q8WVC0"	0.967064104856951	0.0388325015563977	0.775873096165596	0.0295802725210184	0.343721431794349	0.998184807707044	1	1	1	1
"LEPROTL1.O95214"	"LEPROTL1.O95214"	0.576564850883165	0.673502523730581	0.863167573828751	-0.0743006544841093	0.779432779655692	0.628156312192984	1	1	1	1
"LEPROT.O15243"	"LEPROT.O15243"	0.857794776178918	0.440344229410126	0.0129891723449812	-0.480453416547485	0.0493583851672549	0.00140545215207904	1	1	1	1
"LETM1.O95202"	"LETM1.O95202"	0.0100859576998591	0.110195756784144	0.338998418753876	-0.110696451156481	0.367711725859501	5.73788483103807e-05	1	1	1	0.317649304246267
"LGALS1.P09382"	"LGALS1.P09382"	0.0155887690914392	0.0171755250594065	0.130298143936074	0.14287333128979	0.0222426220291145	0.398093725669081	1	1	1	1
"LGALS3BP.Q08380"	"LGALS3BP.Q08380"	2.36394821830802e-10	8.02922447072601e-11	3.23526724295776e-13	-1.49422480268731	0.761983975859119	0.0529496172743614	1.38716481450314e-06	4.71556353165739e-07	1	1
"LGALS3.P17931"	"LGALS3.P17931"	2.87371375420112e-05	0.000137829124751353	1.03574863149499e-05	0.600115272272481	0.0127801435841158	2.93782463400208e-06	0.157335828042511	0.731872652429684	1	0.016904242944048
"LGALS8.O00214"	"LGALS8.O00214"	0.82381144595068	0.581522113445358	0.124407359124399	0.223859476250294	0.849674521085144	0.0259041340825743	1	1	1	1
"LGALSL.Q3ZCW2"	"LGALSL.Q3ZCW2"	0.865946718386432	0.538165726048782	0.415872509781585	0.175345729863027	0.0243228783397148	0.0108123673090635	1	1	1	1
"LGMN.Q99538"	"LGMN.Q99538"	0.219590948360346	0.987843298208073	0.00159505213814235	0.562494024938653	0.645041736721202	0.765711301719961	1	1	1	1
"LHPP.Q9H008"	"LHPP.Q9H008"	0.581637377616774	0.210573326030275	0.916024229850959	-0.0274032977521451	0.0881858747113052	0.315976552085814	1	1	1	1
"LIG1.P18858"	"LIG1.P18858"	1.29903115353407e-06	5.21717788269829e-11	8.77758434619449e-10	0.54536969428342	0.572611944066742	0.956365497361388	0.00738499210784119	3.06717887723832e-07	1	1
"LIG3.P49916"	"LIG3.P49916"	0.389538616706999	0.0594300623893873	0.521278604815519	0.0869631929543234	0.424613672925441	0.520086926503101	1	1	1	1
"LIMA1.Q9UHB6"	"LIMA1.Q9UHB6"	0.00012118780111621	0.0156861022403856	0.00111631314375257	-0.359175727750465	0.0898530841635009	0.00213060357285864	0.64459791413712	1	1	1
"LIMCH1.Q9UPQ0"	"LIMCH1.Q9UPQ0"	1.27864970880767e-06	0.00100300283710777	0.0100109969516057	-0.585456299687292	0.0591398910256709	0.304743043231528	0.00727295954369804	1	1	1
"LIMD1.Q9UGP4"	"LIMD1.Q9UGP4"	4.92560170147095e-07	5.29772515156386e-08	3.96753076534296e-05	-0.802623197554912	0.231995373098671	0.00256117109834478	0.00282335489528315	0.000306526377269485	1	1
"LIMD2.Q9BT23"	"LIMD2.Q9BT23"	1.34754462083164e-08	1.26542166995549e-07	3.53313966308893e-07	-1.21133905994301	0.469178638731216	0.019653790892499	7.84001460399849e-05	0.000729895219230324	1	1
"LIMS1.P48059"	"LIMS1.P48059"	0.468285141278186	0.827185463326636	0.976869928994539	0.00360941545399897	0.957650924072736	0.416191212553303	1	1	1	1
"LIN28B.Q6ZN17"	"LIN28B.Q6ZN17"	2.68262094102438e-07	0.831326583064787	3.0895863964911e-05	-0.754584495103094	0.000214423527802711	0.000260258924299794	0.00154250704108902	1	1	1
"LIN7A.O14910"	"LIN7A.O14910"	0.0509526241239415	0.355209987407289	0.00123074241360098	0.344033951588644	0.856588379987853	0.86375089253379	1	1	1	1
"LIN7B.Q9HAP6"	"LIN7B.Q9HAP6"	0.799663871297882	0.790556645859643	0.718122687103802	-0.243886211709062	0.430338849230507	0.710085338098663	1	1	1	1
"LIN7C.Q9NUP9"	"LIN7C.Q9NUP9"	0.828002216580086	0.0582711842744906	0.957498351328989	0.0127280677785568	0.105039044069516	0.00411446723937104	1	1	1	1
"LIN9.Q5TKA1"	"LIN9.Q5TKA1"	0.060187613155123	0.624185643584432	0.0101468733175806	0.508333933554478	0.452186440758325	0.266965305662102	1	1	1	1
"LINC02872.A2RU37"	"LINC02872.A2RU37"	0.746790838308312	0.109051409652456	0.652616557330612	-0.149278289311629	0.707414628140032	0.0398885200958127	1	1	1	1
"LLGL1.Q15334"	"LLGL1.Q15334"	0.000182174565850289	1.1207558405266e-06	8.09598312697551e-09	0.752661734022593	0.00145219387105587	0.407404721660382	0.959513438333474	0.00638494602348005	1	1
"LLPH.Q9BRT6"	"LLPH.Q9BRT6"	0.126841698980207	0.0638614522170698	0.00176282476447038	1.29064010147379	0.326174494948397	0.214796103605545	1	1	1	1
"LMAN1.P49257"	"LMAN1.P49257"	0.900481373013133	0.212614554498295	0.121204924744822	-0.18144830385012	0.0997487128964116	0.369769175505652	1	1	1	1
"LMAN2L.Q9H0V9"	"LMAN2L.Q9H0V9"	0.547044198850544	0.00158215561879114	0.000632812337623488	0.810625430175163	0.589409138797359	0.0212802189582709	1	1	1	1
"LMAN2.Q12907"	"LMAN2.Q12907"	0.0356244497702241	0.0108229094607807	0.00100925361057497	-0.615569343898021	0.730758080154909	0.237703589538797	1	1	1	1
"LMBRD1.Q9NUN5"	"LMBRD1.Q9NUN5"	0.615539827178667	0.468365092319609	0.719962517672854	0.0600715289274461	0.0105874823277611	0.686535319779424	1	1	1	1
"LMCD1.Q9NZU5"	"LMCD1.Q9NZU5"	0.274900022819633	0.447153484030723	0.443077633133507	0.648557279802257	0.785376171485409	0.691476790897167	1	1	1	1
"LMF2.Q9BU23"	"LMF2.Q9BU23"	0.744329408574697	0.95881279246942	0.38918725056116	0.213514195052672	0.897001087311917	0.00834219116808997	1	1	1	1
"LMNA.P02545"	"LMNA.P02545"	0.805819754411617	0.875215985770026	0.908480045385718	-0.0194813309707805	0.0920454184295753	0.223871967362421	1	1	1	1
"LMNA.P02545.2"	"LMNA.P02545.2"	0.0417784020807514	0.0187795361458567	0.0366664632234455	0.337996976159251	0.0106912597796194	0.135389115797246	1	1	1	1
"LMNB1.P20700"	"LMNB1.P20700"	0.419491389404877	0.209923511666145	0.442788931729741	-0.111050244962028	0.245517710256122	0.171704695158138	1	1	1	1
"LMNB2.Q03252"	"LMNB2.Q03252"	0.707016445541619	0.167996860908634	0.996228133052689	0.00115776071868243	0.1034447924825	0.0697195457290319	1	1	1	1
"LMO7.Q8WWI1"	"LMO7.Q8WWI1"	2.50965488781342e-05	0.000100773903496993	0.00788598264260019	-0.290994042814347	0.685009932101614	0.0938057917410784	0.137654570596566	0.537931096866946	1	1
"LNPEP.Q9UIQ6"	"LNPEP.Q9UIQ6"	0.253479639574892	0.0669818987945549	1.78771999451446e-06	-0.635048822428857	0.256669976072329	0.0013598291850507	1	1	1	1
"LNPK.Q9C0E8"	"LNPK.Q9C0E8"	0.0134207646012511	0.838272560227002	0.379264636927528	-0.148861756750853	0.345428642528978	0.159246800512778	1	1	1	1
"LONP1.P36776"	"LONP1.P36776"	0.257709440940161	0.946615836365641	6.18967255813034e-05	-0.495694208209476	0.165175242265962	0.00884805397594539	1	1	1	1
"LONP2.Q86WA8"	"LONP2.Q86WA8"	0.696371133159308	0.121789660796267	0.286407655746818	0.278207010533382	0.55526567744942	0.0168506675250457	1	1	1	1
"LOXL2.Q9Y4K0"	"LOXL2.Q9Y4K0"	0.0928034797467753	0.353418386492372	4.5838994290948e-06	-0.962746559457714	0.142505890611784	0.970490012500274	1	1	1	1
"LOX.P28300"	"LOX.P28300"	0.961729650857209	0.328897243387681	4.51500495218163e-06	-0.934016172062835	0.0553719612942163	0.066345854274961	1	1	1	1
"LPCAT1.Q8NF37"	"LPCAT1.Q8NF37"	0.421108297365444	0.893317608215014	0.353987558023419	0.149977378465537	0.0449459185499472	0.0171422361276177	1	1	1	1
"LPCAT3.Q6P1A2"	"LPCAT3.Q6P1A2"	0.896382762059025	0.515649459476477	0.330330902847092	-0.218263231804914	0.992919824322187	0.000901449319807802	1	1	1	1
"LPIN2.Q92539"	"LPIN2.Q92539"	0.964177944237884	0.000336729738269696	0.273273154820755	-0.441167125311289	0.590661999283045	0.00234062278096086	1	1	1	1
"LPP.Q93052"	"LPP.Q93052"	0.294199689041473	0.875878459576253	0.775451944949238	0.0226764125038462	0.234779448626011	0.000372345488399551	1	1	1	1
"LRATD2.Q96KN1"	"LRATD2.Q96KN1"	0.366925471863019	0.0106813276867975	0.129938004845949	-0.722950877915599	0.568064417170764	0.868327554657496	1	1	1	1
"LRCH3.Q96II8"	"LRCH3.Q96II8"	0.0128674844536143	1.41602716251356e-05	0.000522771147415411	-0.5817438316264	0.604202232738615	0.181605872656091	1	0.0783063020869998	1	1
"LRCH4.O75427"	"LRCH4.O75427"	0.0514585866910199	0.000151312606009627	0.133265944807547	0.455409000844948	0.0082423299743336	2.21912921419603e-05	1	0.801502874032997	1	0.124959166051378
"LRP1.Q07954"	"LRP1.Q07954"	0.0161942765438403	0.617504925108452	0.00170994528305838	0.363651939949027	0.00534244161073142	0.919031713571443	1	1	1	1
"LRP6.O75581"	"LRP6.O75581"	0.0452667076860672	0.806059858156109	0.0024933464535612	0.910752837964428	0.700088821849813	0.207651356409379	1	1	1	1
"LRPAP1.P30533"	"LRPAP1.P30533"	0.000639714960336484	5.04185776587944e-05	5.17937059414888e-12	1.06433347785367	0.135091962116313	0.00961250942635415	1	0.272562830823442	1	1
"LRPPRC.P42704"	"LRPPRC.P42704"	0.0202383360535448	0.0436286493944061	0.00348289537358957	-0.438372857313688	0.0235898830177627	0.0149362401320826	1	1	1	1
"LRRC15.Q8TF66"	"LRRC15.Q8TF66"	0.317790058704945	0.252738337456096	0.0360409087692274	0.505098260963242	0.195402599284231	0.57357416808081	1	1	1	1
"LRRC1.Q9BTT6"	"LRRC1.Q9BTT6"	0.0144466302521125	0.254148469497702	0.0500886688810218	-0.45887122076734	0.195229511682292	0.466262182749357	1	1	1	1
"LRRC20.Q8TCA0"	"LRRC20.Q8TCA0"	0.0137397332002807	0.00800260350621346	0.386781265080457	0.107203956763809	0.646208912348864	0.0648625356953338	1	1	1	1
"LRRC40.Q9H9A6"	"LRRC40.Q9H9A6"	0.051137920638629	0.00687313459837444	0.163152856972247	0.11547649280662	0.0510186876706346	0.418493257844542	1	1	1	1
"LRRC41.Q15345"	"LRRC41.Q15345"	0.127260691011149	0.185458923875375	0.0360491451630611	0.723075345649072	0.927279822734593	0.659828390151751	1	1	1	1
"LRRC42.Q9Y546"	"LRRC42.Q9Y546"	0.201476893681853	0.344898156802938	0.0029736078778142	0.697658549779978	0.768520958380432	0.0321663892689249	1	1	1	1
"LRRC47.Q8N1G4"	"LRRC47.Q8N1G4"	0.308656156689636	1.46239022433809e-05	0.106806466053573	0.186064828375258	0.0377285094937295	0.711366737957877	1	0.0808263076991664	1	1
"LRRC4B.Q9NT99"	"LRRC4B.Q9NT99"	0.723211597627119	0.488657045280568	0.908375984210849	-0.0511028327604894	0.67824822008464	0.476545663332847	1	1	1	1
"LRRC59.Q96AG4"	"LRRC59.Q96AG4"	0.84029913288431	0.0511492973123457	0.929350510009286	-0.0194006275783969	0.785791486364969	0.0891915980447029	1	1	1	1
"LRRC8A.Q8IWT6"	"LRRC8A.Q8IWT6"	0.180414405818131	0.269705516457792	0.445465754473874	0.0987523740576928	0.0472600176763645	0.00586356093798751	1	1	1	1
"LRRC8C.Q8TDW0"	"LRRC8C.Q8TDW0"	0.0214087586837552	0.140786647177837	0.00376521836909117	-0.397548182264358	0.195139376111974	3.78063538102496e-05	1	1	1	0.210770422492142
"LRRC8E.Q6NSJ5"	"LRRC8E.Q6NSJ5"	0.823836127460389	0.326543969047252	0.334923546964938	0.144699204414647	0.97891323692881	0.283253286497153	1	1	1	1
"LRRFIP1.Q32MZ4"	"LRRFIP1.Q32MZ4"	0.421523007768816	0.667559276447903	0.235812770150791	-0.112370233272755	0.0840830545739251	0.00153353178002917	1	1	1	1
"LRRFIP2.Q9Y608"	"LRRFIP2.Q9Y608"	1.37047576440227e-05	0.000339311392631121	0.00024514001579832	-0.559082554539955	0.113984430208915	0.664378562395524	0.0757324907408692	1	1	1
"LRSAM1.Q6UWE0"	"LRSAM1.Q6UWE0"	0.0328427302910054	0.000447223895257822	0.183238781271824	0.18389677400463	0.148945959690303	0.708476848579248	1	1	1	1
"LRWD1.Q9UFC0"	"LRWD1.Q9UFC0"	0.649086880289411	0.975248213139667	0.211489479191098	-0.193119368372607	0.59044675184604	0.0623901482517006	1	1	1	1
"LSG1.Q9H089"	"LSG1.Q9H089"	0.0768752186594598	0.0228632829735984	0.0601877301709448	-0.141952509743123	0.00102678837628181	0.00219298003484676	1	1	1	1
"LSM12.Q3MHD2"	"LSM12.Q3MHD2"	0.594152485926671	0.808141745221278	0.00595284655097883	-0.358162213175295	0.0485112912134862	0.115563210650053	1	1	1	1
"LSM14A.Q8ND56"	"LSM14A.Q8ND56"	0.009794840355906	1.39384715177554e-06	0.377964233767914	0.161803044211604	0.227569753094667	0.00395884032942875	1	0.0079198395163886	1	1
"LSM14B.Q9BX40"	"LSM14B.Q9BX40"	0.269404456407465	0.529665249866079	0.0196506724435007	0.496221449182173	0.48417964704136	0.0325318243230918	1	1	1	1
"LSM1.O15116"	"LSM1.O15116"	0.291919891349578	0.481780440223401	0.0289057601350161	0.996399988956792	0.142332171032711	0.842316404260563	1	1	1	1
"LSM2.Q9Y333"	"LSM2.Q9Y333"	0.81960662894228	0.78769281508958	0.554336374259158	0.342944056143915	0.955475083539631	0.122177610217922	1	1	1	1
"LSM3.P62310"	"LSM3.P62310"	0.722331716575554	0.210487060444387	0.809877434860882	-0.228366702848076	0.369728458414507	0.150879553079659	1	1	1	1
"LSM4.Q9Y4Z0"	"LSM4.Q9Y4Z0"	0.0410658945070214	0.05963502895898	0.398268423179785	-0.0729430860900935	0.00375597437531744	0.0982897148561177	1	1	1	1
"LSM5.Q9Y4Y9"	"LSM5.Q9Y4Y9"	0.147451643110418	0.583866263148161	0.426641512656115	-0.465592211428538	0.000167378995570879	0.895873165912989	1	1	0.976154302169365	1
"LSM6.P62312"	"LSM6.P62312"	0.676671111130256	0.464577575766558	0.94368773399387	0.052727973149201	0.302620455905592	0.62783675206152	1	1	1	1
"LSM7.Q9UK45"	"LSM7.Q9UK45"	0.32928854071846	0.707589407573544	0.274678448468359	-0.412501348186433	0.833727193216895	0.717657728663306	1	1	1	1
"LSM8.O95777"	"LSM8.O95777"	0.518947123193414	0.23629634937742	0.592981651453921	0.183813851988564	0.45650404382723	0.279832070808437	1	1	1	1
"LSS.P48449"	"LSS.P48449"	0.000238206244963497	7.04179400915837e-05	0.000299197324635013	-0.58398780659121	0.244838462609418	0.00773205279125459	1	0.378426010052171	1	1
"LTA4H.P09960"	"LTA4H.P09960"	0.155090727531309	0.811129711457365	0.581979137536065	-0.0349037370517218	0.262356412150427	4.7809840134756e-07	1	1	1	0.00278922607346167
"LTBP4.Q8N2S1"	"LTBP4.Q8N2S1"	0.551123609617385	0.0288825897935425	0.000121775264070921	0.847732951777443	0.101028937494788	0.0451239240475515	1	1	1	1
"LTBR.P36941"	"LTBR.P36941"	0.537952103942271	0.92369968473781	0.0531059911638327	0.660100537834759	0.260509775123238	0.581648659815862	1	1	1	1
"LTF.P02788"	"LTF.P02788"	0.0047604414261099	0.319338536785762	0.0841323518861639	-0.751599082555828	0.107311895011725	0.467302140543946	1	1	1	1
"LTN1.O94822"	"LTN1.O94822"	8.63226844971009e-07	5.64857542521994e-06	0.0394796857180947	0.175807826358885	0.038961194072399	0.606258136582871	0.00492557237740458	0.031665913833783	1	1
"LTV1.Q96GA3"	"LTV1.Q96GA3"	0.721233724835964	0.158855041861617	0.027164883978129	0.303934298116511	0.0131440200409372	0.0736122371911136	1	1	1	1
"LUC7L2.Q9Y383"	"LUC7L2.Q9Y383"	0.498270489875825	0.0740518353149445	0.745990218061767	-0.13446659280217	0.365415817321229	0.0268961028361111	1	1	1	1
"LUC7L3.O95232"	"LUC7L3.O95232"	0.697858621660872	0.558720123971183	0.925289610983508	0.0217987519031332	0.410656301822667	0.775175161561993	1	1	1	1
"LUC7L.Q9NQ29"	"LUC7L.Q9NQ29"	2.67896525069341e-06	2.10746602354171e-09	8.82515458659475e-08	0.537748766864923	0.667669633738545	0.99416343971893	0.0151522274579219	1.23223538396484e-05	1	1
"LUZP1.Q86V48"	"LUZP1.Q86V48"	0.0158716186066768	0.0219838771033536	0.630423311893209	0.0403638314683018	0.0367288038087751	0.786674185396153	1	1	1	1
"LYAR.Q9NX58"	"LYAR.Q9NX58"	0.00150455213508543	0.00947929829014181	2.91629779832264e-05	1.10392036393159	0.719951197755063	0.0015245320323017	1	1	1	1
"LYPLA1.O75608"	"LYPLA1.O75608"	0.963372798466205	0.723514209201404	0.86730399254963	-0.0237597566401334	0.617075947820453	0.228626239907879	1	1	1	1
"LYPLA2.O95372"	"LYPLA2.O95372"	0.179984695513414	0.143900390970746	0.483782738030268	-0.0585180001760409	0.000330925309157681	1.6742214766886e-06	1	1	1	0.00967700013526011
"LYRM7.Q5U5X0"	"LYRM7.Q5U5X0"	0.129746476644032	0.731920048779251	0.149879158731895	-0.290847737829218	0.274910508974514	0.0680755591843651	1	1	1	1
"LZIC.Q8WZA0"	"LZIC.Q8WZA0"	0.985463924254467	0.0113805442570536	0.787861142840175	-0.0819373562562604	0.518646474315613	0.554438269542435	1	1	1	1
"LZTFL1.Q9NQ48"	"LZTFL1.Q9NQ48"	3.18577949115688e-06	0.00750936051571657	2.56486889868252e-09	-1.38414840229264	0.547095373981072	0.359737230305917	0.0179709821096159	1	1	1
"LZTR1.Q8N653"	"LZTR1.Q8N653"	0.941077895029574	0.568169888757352	0.892429031847856	0.100054404743352	0.126388020649391	0.431022768854856	1	1	1	1
"M6PR.P20645"	"M6PR.P20645"	0.999839588278244	0.937134113295673	0.233502732748721	0.269882991830344	0.515575009239254	0.661110187497394	1	1	1	1
"MACF1.Q9UPN3"	"MACF1.Q9UPN3"	0.0190658774651921	0.207943969964235	0.10895439414681	-0.0793283922809817	0.0579807272335118	0.0025974815337979	1	1	1	1
"MACF1.Q9UPN3.2"	"MACF1.Q9UPN3.2"	0.584993429155717	0.521477425220243	0.64474554112183	0.198637581879515	0.407686318378491	0.348222162941443	1	1	1	1
"MACO1.Q8N5G2"	"MACO1.Q8N5G2"	0.915432152344208	0.358929999037742	0.0381108980654008	-0.999268756274033	0.00584718011399624	0.0270814672224016	1	1	1	1
"MACROD1.Q9BQ69"	"MACROD1.Q9BQ69"	0.0130234997270596	0.698728070876124	0.776885278765169	0.162823772548744	0.737131298702066	0.922175484848646	1	1	1	1
"MACROH2A1.O75367"	"MACROH2A1.O75367"	0.80148322242196	0.971091204911636	0.244915758811314	-0.140283212627762	0.00526888720160436	1.89106953424414e-06	1	1	1	0.0109152533516572
"MACROH2A2.Q9P0M6"	"MACROH2A2.Q9P0M6"	0.110339689234702	0.42126555369663	0.0028688194398111	0.488703264635176	0.308213885991768	0.00399411026749568	1	1	1	1
"MAD1L1.Q9Y6D9"	"MAD1L1.Q9Y6D9"	0.0997757226112076	0.287141679401949	0.707878767466855	0.0311447509572032	0.800986091795205	0.563974097578768	1	1	1	1
"MAD2L1.Q13257"	"MAD2L1.Q13257"	0.32382843909738	0.00238401228446752	0.017094174970705	0.482713561384309	0.3237309866712	0.498417513945344	1	1	1	1
"MAD2L2.Q9UI95"	"MAD2L2.Q9UI95"	0.712154513563839	0.9381613127858	0.160899208454986	0.289651580888251	0.571144134714131	0.256848994179421	1	1	1	1
"MAEA.Q7L5Y9"	"MAEA.Q7L5Y9"	0.46791171908079	0.48101154195887	0.108686253804664	-0.857230561934958	0.0530843127009281	0.1072056892561	1	1	1	1
"MAF1.Q9H063"	"MAF1.Q9H063"	0.681645190024124	0.252341759226688	0.056930373944466	-0.459681301958665	0.149435297683338	0.297939741450748	1	1	1	1
"MAFF.Q9ULX9"	"MAFF.Q9ULX9"	0.00012832658420549	0.112619189149944	0.827428213174757	0.0878929025551979	0.0284367215157495	0.16575892782219	0.681542488715357	1	1	1
"MAGEA11.P43364"	"MAGEA11.P43364"	0.0230686877887228	0.928719654026237	0.259899210571297	0.24584191755606	0.0290424607372387	0.262640438287444	1	1	1	1
"MAGEA1.P43355"	"MAGEA1.P43355"	0.45187940284094	0.00498900355691504	3.84908008783552e-05	0.661439755466105	0.014093418807918	0.532623517660876	1	1	1	1
"MAGEA4.P43358"	"MAGEA4.P43358"	0.59058411198333	0.0763205052110004	0.902620589956253	0.0260432131545555	0.562122825773041	0.806177620059312	1	1	1	1
"MAGEA8.P43361"	"MAGEA8.P43361"	0.903873090061791	0.00297017270985112	0.145966276749851	-0.591010812621148	0.0150772730456071	0.011148554133488	1	1	1	1
"MAGEB2.O15479"	"MAGEB2.O15479"	0.717999024191519	0.358772203385451	0.43767089736136	-0.0679783781942006	0.207233948443197	0.0305546532254899	1	1	1	1
"MAGEC1.O60732"	"MAGEC1.O60732"	0.74819946518289	0.323314247811393	0.325446705951152	0.140330804141381	0.0836579849637494	0.0640555638996852	1	1	1	1
"MAGED1.Q9Y5V3"	"MAGED1.Q9Y5V3"	1.72353144820399e-05	0.000235311401220085	1.29748134130295e-11	2.05088081763583	0.946662302123451	0.864536394820624	0.0949838181105218	1	1	1
"MAGED2.Q9UNF1"	"MAGED2.Q9UNF1"	0.618840653806872	0.00346706069133753	0.191037713438152	0.180390371513196	0.415129903422854	0.406428477527713	1	1	1	1
"MAGI1.Q96QZ7"	"MAGI1.Q96QZ7"	0.871257727761789	0.358635557387046	0.182765055105192	-0.441640682237171	0.500519159812472	0.213060757205183	1	1	1	1
"MAGOH.P61326"	"MAGOH.P61326"	0.896020648117336	0.163818016897677	0.930154972589079	0.0101092563668103	0.335643739310479	0.998129801971971	1	1	1	1
"MAGT1.Q9H0U3"	"MAGT1.Q9H0U3"	0.112416984056074	0.0370836715829328	0.000828752151121706	-0.912465906123904	0.0612041349872544	0.402788830230301	1	1	1	1
"MAIP1.Q8WWC4"	"MAIP1.Q8WWC4"	0.199272574671551	0.377597933725362	0.115756622548284	-0.338691171015489	0.124389521359229	0.122605990205343	1	1	1	1
"MAK16.Q9BXY0"	"MAK16.Q9BXY0"	0.174423078550709	0.576116112489788	0.0225853092475763	-0.48557300790156	0.0494282989126692	0.000156806260428477	1	1	1	0.847381031355487
"MALSU1.Q96EH3"	"MALSU1.Q96EH3"	0.852900851387068	0.362771579037165	0.963373185862651	-0.00877747748708409	0.703881576916039	0.207892151586651	1	1	1	1
"MAML1.Q92585"	"MAML1.Q92585"	0.959804947422188	0.46848148446061	0.536658409397461	0.162925238512263	0.103200988922342	0.389366475652547	1	1	1	1
"MAN1A1.P33908"	"MAN1A1.P33908"	0.727032824112157	0.0011702983741482	0.0108553268342119	0.567695830976668	0.00133396222871218	0.00190908564070921	1	1	1	1
"MAN1A2.O60476"	"MAN1A2.O60476"	0.79349043845206	0.593432775195473	0.825927044010471	-0.0869512334737828	0.514240984820841	0.0110058025111581	1	1	1	1
"MAN1B1.Q9UKM7"	"MAN1B1.Q9UKM7"	7.11589894863806e-06	3.58133433994948e-05	5.93541028033638e-05	0.517322963102559	0.44969691879442	0.00170163053248606	0.039635557143914	0.194946128110206	1	1
"MAN2A1.Q16706"	"MAN2A1.Q16706"	0.000156643927552341	0.000171908495819444	0.00616614076694796	-0.309124454541486	0.00685614340371972	5.09998871915561e-05	0.82770651318657	0.907962439139723	1	0.283100373800328
"MAN2B1.O00754"	"MAN2B1.O00754"	0.00956454009263911	0.973513485624166	0.0012177848075412	0.408989130895519	0.0145387750080918	0.379586528824769	1	1	1	1
"MANF.P55145"	"MANF.P55145"	0.0142447515619994	0.00285206149695578	4.47186662324885e-07	-1.49698882832989	0.59887041762903	0.487280288714469	1	1	1	1
"MAOA.P21397"	"MAOA.P21397"	0.0421861600457941	0.333369050034293	0.433508417677568	-0.138918607558093	0.652141633581848	0.00074983928367346	1	1	1	1
"MAP1A.P78559"	"MAP1A.P78559"	1.68579953605164e-09	3.27894462171187e-10	7.75017419106091e-11	0.726779871273018	0.332193294771177	4.94842551864628e-05	9.85686988729397e-06	1.92342891509618e-06	1	0.274835553305615
"MAP1B.P46821"	"MAP1B.P46821"	1.83116837485469e-07	3.41371134244187e-08	0.000879961177188694	0.275198939036972	0.0899236352173856	0.00304333367263346	0.00105640103545367	0.000197995257861628	1	1
"MAP1LC3B2.A6NCE7"	"MAP1LC3B2.A6NCE7"	0.05396235656026	0.000152980712479098	0.0011833952436606	-0.488381221838265	0.00819010123487177	0.268532875878291	1	0.810185853289303	1	1
"MAP1S.Q66K74"	"MAP1S.Q66K74"	0.00982363178975907	0.888303129003088	0.000201136695161749	0.297436343300791	0.0236158626502319	1.66989270565436e-07	1	1	1	0.000977555189890065
"MAP2K1.Q02750"	"MAP2K1.Q02750"	0.000297214901020748	1.78751442273142e-05	0.148221787034498	0.187034648609314	0.176483086433973	0.319603865031284	1	0.098492044692501	1	1
"MAP2K2.P36507"	"MAP2K2.P36507"	0.230551073827254	0.581491003254054	0.284624229147875	-0.215053230443549	0.320969422954955	0.0535094380608	1	1	1	1
"MAP2K3.P46734"	"MAP2K3.P46734"	0.894396618386788	0.786992875965591	0.886043070187245	-0.0180945150621923	0.00167518102505846	0.311355463733788	1	1	1	1
"MAP2K4.P45985"	"MAP2K4.P45985"	0.181251379427797	0.158360529958298	0.0458204536702113	0.437477841257092	0.5983055893589	0.128171002282484	1	1	1	1
"MAP3K20.Q9NYL2"	"MAP3K20.Q9NYL2"	0.519678776037048	0.908337158703326	0.816683724678774	0.0273999516254167	0.400045896512326	0.0802824462280857	1	1	1	1
"MAP3K7.O43318"	"MAP3K7.O43318"	0.637497878967227	0.651584034660666	0.923828016042082	0.0159943678830362	0.0159525480936689	0.00750774703945633	1	1	1	1
"MAP4K3.Q8IVH8"	"MAP4K3.Q8IVH8"	0.395141008516298	0.852766166523501	0.698964019302281	-0.0784156294495652	0.783731735888747	0.118907485050906	1	1	1	1
"MAP4K4.O95819.6"	"MAP4K4.O95819.6"	0.157441833695292	0.00212308356775471	0.145388505175974	0.192805578447152	0.819599706453007	0.371499139215495	1	1	1	1
"MAP4K5.Q9Y4K4"	"MAP4K5.Q9Y4K4"	0.372182052808546	0.61208684723549	0.513036236294899	0.203125997069385	0.457308788179972	0.147429017972831	1	1	1	1
"MAP4.P27816"	"MAP4.P27816"	0.00170730086428823	0.0236310303902427	1.06927067492706e-05	-0.93071724237837	0.219860751972291	0.454798357986362	1	1	1	1
"MAP4.P27816.4"	"MAP4.P27816.4"	0.000161893232874249	1.07258163979611e-05	0.000950059864267289	0.444481306072335	0.166351097775424	0.329245428362336	0.854958162808911	0.0596355391726635	1	1
"MAP7D1.Q3KQU3"	"MAP7D1.Q3KQU3"	0.799933717853906	0.197600979719101	0.0572863378822805	0.251417781415703	0.483109808687664	0.876757487407686	1	1	1	1
"MAP7D1.Q3KQU3.3"	"MAP7D1.Q3KQU3.3"	0.595508524722833	0.000251856532304906	0.8175770315731	0.0963368901823277	0.750263129330387	0.00107464710005041	1	1	1	1
"MAP7D3.Q8IWC1"	"MAP7D3.Q8IWC1"	0.846989958610691	0.0302050973787097	0.00188865369594362	0.723689400506266	0.00165049493994438	2.82196509943695e-05	1	1	1	0.158340461729407
"MAPK14.Q16539"	"MAPK14.Q16539"	0.824000697348617	0.258898679647199	0.702046279298898	0.0292537309824039	0.100692306828289	0.00044817648329417	1	1	1	1
"MAPK1IP1L.Q8NDC0"	"MAPK1IP1L.Q8NDC0"	0.515915671339337	0.836144406696071	0.0718174503982657	-0.594677667489031	0.959295976683601	0.438378957525002	1	1	1	1
"MAPK1.P28482"	"MAPK1.P28482"	0.00127364578043172	0.00123810237709059	0.00958500871979019	0.255344563923658	0.983878544240765	0.00359732771518152	1	1	1	1
"MAPK3.P27361"	"MAPK3.P27361"	0.056482068848585	0.119090403132827	0.733582031151655	0.0466405417472734	0.0331445244447564	0.000312148432300012	1	1	1	1
"MAPK8.P45983.3"	"MAPK8.P45983.3"	0.0659363854801482	0.00512759867833689	0.0247823192823399	0.2815423450548	0.697744139665822	0.987315497193861	1	1	1	1
"MAPKAP1.Q9BPZ7"	"MAPKAP1.Q9BPZ7"	0.152852087134144	0.826749648274857	0.370754233910495	-0.39001538437902	0.000479959439425204	0.648433398666914	1	1	1	1
"MAPKAPK2.P49137"	"MAPKAPK2.P49137"	0.00106618830485228	0.379475746473718	0.000311665878750881	1.16502016217847	0.406779869767645	0.0197915497126031	1	1	1	1
"MAPKAPK3.Q16644"	"MAPKAPK3.Q16644"	0.0770434588889939	0.00142670188344138	0.691958927418491	0.0503555064834395	0.000709292428667474	0.000593440737081497	1	1	1	1
"MAPRE1.Q15691"	"MAPRE1.Q15691"	0.00258244294045014	2.24094769785364e-06	4.57255605739177e-05	0.474482809840458	0.904344857508459	0.132255418361709	1	0.012692727760643	1	1
"MAPRE2.Q15555"	"MAPRE2.Q15555"	0.283304025960488	0.145401277415758	0.310607045010446	0.133499692688469	0.0468507866434507	0.0638308480385919	1	1	1	1
"MARCHF5.Q9NX47"	"MARCHF5.Q9NX47"	0.447102890993527	0.0298387115004291	0.28732368331108	-0.134143259581752	0.0215926073936095	9.39958926536926e-06	1	1	1	0.0534930625092164
"MARCKSL1.P49006"	"MARCKSL1.P49006"	0.357165824638801	0.0437688830507914	0.657682115378563	0.12974351252393	0.677169740676478	0.315363227217041	1	1	1	1
"MARK2.Q7KZI7"	"MARK2.Q7KZI7"	0.0177376319627371	0.385496146277432	0.166960590346537	0.239731167903714	0.413633890972728	0.717414978961461	1	1	1	1
"MARS1.P56192"	"MARS1.P56192"	7.57406215293964e-06	1.3791293783496e-05	0.511451724203755	0.0388452737619001	0.365571365876374	0.284850023311347	0.042164804005415	0.076321019797867	1	1
"MARS2.Q96GW9"	"MARS2.Q96GW9"	0.498714342063717	0.0279460992786289	0.51723848384161	-0.32957300306164	0.028345125087943	0.498265746711069	1	1	1	1
"MARVELD1.Q9BSK0"	"MARVELD1.Q9BSK0"	0.903448095141943	0.74579318656101	0.204312132519215	0.23811866453391	0.0378151230040162	0.0140660868319786	1	1	1	1
"MAST2.Q6P0Q8"	"MAST2.Q6P0Q8"	0.0730276746276215	0.951093040790546	0.138924693370924	0.566176942567563	0.83749230358646	0.176695519946757	1	1	1	1
"MASTL.Q96GX5"	"MASTL.Q96GX5"	0.0742468142737148	0.0806549123661922	0.000814411801428042	0.548171868750198	0.144609751099359	0.347040668197887	1	1	1	1
"MAT2A.P31153"	"MAT2A.P31153"	0.10128947726092	0.0219164599381825	0.384699731990088	-0.0736336300860449	0.823086716465937	0.535441506013173	1	1	1	1
"MAT2B.Q9NZL9"	"MAT2B.Q9NZL9"	0.506685858967909	0.644142373109161	0.0406608936453499	-0.225839046170312	0.0918531959500661	0.0170714290935752	1	1	1	1
"MATR3.P43243"	"MATR3.P43243"	0.00124083812544515	0.000234465957357811	0.069041737747106	-0.102014155983395	0.151583211376812	0.0101900924280058	1	1	1	1
"MAVS.Q7Z434"	"MAVS.Q7Z434"	0.092204945859118	0.546915257036855	0.0754745772346557	-0.215086761501637	0.0410302929264794	0.00428187626939595	1	1	1	1
"MAX.P61244"	"MAX.P61244"	1.2347596206167e-07	0.000143313811773787	0.000486593970042999	-0.500819662928966	0.846685016231822	0.360730517808063	0.000713444108792327	0.760136457648164	1	1
"MAZ.P56270.2"	"MAZ.P56270.2"	0.603414672337858	0.650375625742803	0.0527012975440782	0.26767315304141	0.738185331207138	0.547063085523126	1	1	1	1
"MB21D2.Q8IYB1"	"MB21D2.Q8IYB1"	0.151825185731468	0.343085048113659	0.107432976647286	0.187146487803403	0.326582169901841	0.61741072931101	1	1	1	1
"MBD2.Q9UBB5"	"MBD2.Q9UBB5"	0.582453570992341	4.10346102733697e-05	0.497651978226776	0.0856824554026397	0.754255498396985	6.26359718326315e-05	1	0.222694829953578	1	0.346439560206285
"MBD3.O95983"	"MBD3.O95983"	0.252997250154078	0.796631614560143	0.00720480271389368	0.327438195128984	0.910015460370648	0.727048941622937	1	1	1	1
"MBLAC2.Q68D91"	"MBLAC2.Q68D91"	0.837533093041958	0.0724538380950609	0.848223607490157	0.0395937067731284	0.425073949163801	0.497749518612329	1	1	1	1
"MBNL1.Q9NR56"	"MBNL1.Q9NR56"	0.723693193355138	0.000666648893814147	0.220056381835152	-0.350591367782079	0.245140342620041	0.000144262171197498	1	1	1	0.781468181376845
"MBNL1.Q9NR56.2"	"MBNL1.Q9NR56.2"	0.00127139311001959	0.00850074988141349	0.0210553348235678	0.246097801121361	0.927174330815655	0.039309661541725	1	1	1	1
"MBOAT7.Q96N66"	"MBOAT7.Q96N66"	0.360252638633062	0.0615619046812942	0.461183461750586	0.0954449758678681	0.0171930330966098	1.78198017892458e-05	1	1	1	0.100557141496714
"MCAM.P43121"	"MCAM.P43121"	0.000480659879093881	6.51272046773807e-05	8.0845272750314e-08	0.711382970797868	0.937787506350305	0.436411385909406	1	0.350514615573663	1	1
"MCAT.Q8IVS2"	"MCAT.Q8IVS2"	0.0275290894415831	0.000761859881436901	0.0191961982765089	-0.353606305114388	0.990501983155927	0.0187022014600938	1	1	1	1
"MCCC1.Q96RQ3"	"MCCC1.Q96RQ3"	0.673137286947218	0.50053106975495	0.0909050695438592	-0.266938252865261	0.806747367131266	0.00973830888911884	1	1	1	1
"MCCC2.Q9HCC0"	"MCCC2.Q9HCC0"	0.191488981964806	0.070684885672076	0.000306607248399497	-0.321799076890543	0.00782164900531577	8.41603520362684e-06	1	1	1	0.0479377365198585
"MCFD2.Q8NI22"	"MCFD2.Q8NI22"	0.00253913320732609	0.152308301496401	0.000181070100461821	-0.535276128336386	0.561039004338042	0.49331825885363	1	1	1	1
"MCL1.Q07820"	"MCL1.Q07820"	0.200804805016824	0.900597245817233	6.05604337557198e-06	1.22289712838391	0.663025182749466	0.623789105780501	1	1	1	1
"MCM10.Q7L590"	"MCM10.Q7L590"	0.238722946725254	0.885996117680366	0.503382797393274	-0.375730974409859	0.179673811729649	0.23170368918812	1	1	1	1
"MCM2.P49736"	"MCM2.P49736"	0.184841637977985	0.987559695602175	0.0165299463223681	-0.315813382626099	0.218166672506735	0.852660541567174	1	1	1	1
"MCM3AP.O60318"	"MCM3AP.O60318"	0.00705039571213634	0.123195756047707	0.0275979616977117	-0.310097212090875	0.504163232947285	0.0971167075357556	1	1	1	1
"MCM3.P25205"	"MCM3.P25205"	0.260641604827825	0.435509222750375	0.0573550890803582	-0.258427143247023	0.158237132526387	0.468700277419852	1	1	1	1
"MCM4.P33991"	"MCM4.P33991"	0.00251157859498066	0.0420735698786606	0.00920379898807605	-0.176220933730648	0.928892907566814	0.481565737970897	1	1	1	1
"MCM5.P33992"	"MCM5.P33992"	0.0982075024994812	0.548748467982128	0.00654004635407119	-0.191337868555668	0.337223572856202	0.638301221077562	1	1	1	1
"MCM6.Q14566"	"MCM6.Q14566"	1.36400841018985e-05	0.443712803046057	5.18119415581524e-05	-0.305084671648295	0.0561158075860867	0.974239446192948	0.0753887448311929	1	1	1
"MCM7.P33993"	"MCM7.P33993"	1.566915794451e-05	0.298313747443482	0.000535815638952299	-0.257677494268339	0.189486558198505	0.281044195487934	0.0864624135378064	1	1	1
"MCM8.Q9UJA3"	"MCM8.Q9UJA3"	0.502945381566557	0.356177093959581	0.101200231588275	0.659534124222355	0.995546908940181	0.242252175737151	1	1	1	1
"MCMBP.Q9BTE3"	"MCMBP.Q9BTE3"	0.01691423562365	0.00336208019213605	4.24309289353857e-05	0.557433236859109	0.38188025708365	0.0660573055014174	1	1	1	1
"MCRIP1.C9JLW8"	"MCRIP1.C9JLW8"	0.095415634355412	0.172754383200184	0.00288029891723671	-0.470731400079843	0.683776793209726	0.497743436839081	1	1	1	1
"MCRS1.Q96EZ8"	"MCRS1.Q96EZ8"	0.512589265398084	0.161889594811696	0.907121421678908	0.0284439716043784	0.789765974131785	0.307970601603629	1	1	1	1
"MCTS1.Q9ULC4"	"MCTS1.Q9ULC4"	0.0267515349037264	0.00350150618197806	0.041493074433593	0.359733206018532	0.687669327157831	0.879730321106746	1	1	1	1
"MCUB.Q9NWR8"	"MCUB.Q9NWR8"	0.78567994695728	0.515246651387832	0.676022608300313	-0.141280530992493	0.869573629177358	0.0681548254937534	1	1	1	1
"MCUR1.Q96AQ8"	"MCUR1.Q96AQ8"	0.31012526675837	0.603587675347916	0.264604621532746	0.39901201769551	0.044687915790699	0.257910780442846	1	1	1	1
"MCU.Q8NE86"	"MCU.Q8NE86"	0.63911935910298	0.0108954121477596	0.0641477802826886	-0.374138190475596	0.219483794895433	0.0439525462393066	1	1	1	1
"MDC1.Q14676"	"MDC1.Q14676"	0.800438286709917	0.667006015756467	0.384379975118176	0.109742759860372	0.268047040967068	0.0196174581844226	1	1	1	1
"MDH1.P40925"	"MDH1.P40925"	0.848869017846233	0.0519073178664302	0.799912050462603	0.0609541276373561	0.544411174824823	0.736098198675965	1	1	1	1
"MDH2.P40926"	"MDH2.P40926"	0.89447316201312	0.75573992714027	0.086973958742456	-0.348691866832378	0.018879396443471	0.0846661824957589	1	1	1	1
"MDN1.Q9NU22"	"MDN1.Q9NU22"	0.207890131954573	0.969479145648284	0.25837132104785	-0.0991656064420316	0.0303498803381486	1.15180338728408e-06	1	1	1	0.00667470062931126
"ME2.P23368"	"ME2.P23368"	0.0348208317962179	0.231795295534527	0.753951390239595	0.034180887271479	0.308606975674012	0.0087778682436656	1	1	1	1
"MEAK7.Q6P9B6"	"MEAK7.Q6P9B6"	6.81130334538857e-08	0.00526568478913816	0.88556713447603	0.017090848224087	0.00448165450599314	0.000942683144054263	0.000394306350664544	1	1	1
"MECP2.P51608.2"	"MECP2.P51608.2"	1.96900336940207e-05	3.10252791191035e-06	8.78683884810645e-08	0.984806046924817	0.870809469661259	0.0055478632248711	0.108393635485584	0.0175323852302054	1	1
"MECR.Q9BV79"	"MECR.Q9BV79"	0.916927573960064	0.219364027596184	0.942757374828577	0.0125442263325529	0.502438428427558	0.0688241830504272	1	1	1	1
"MED11.Q9P086"	"MED11.Q9P086"	0.518575316133159	0.247491269748161	0.278383522440765	0.224908905126665	0.613063555645666	0.0855548683058512	1	1	1	1
"MED12.Q93074"	"MED12.Q93074"	0.541652920063997	0.277168902128223	0.0159961946070252	0.400627830132509	0.927362219931977	0.583236625400988	1	1	1	1
"MED13.Q9UHV7"	"MED13.Q9UHV7"	0.010266703845065	0.389432159425538	0.00038400998324568	0.658538038907055	0.0502271635924423	0.852448515813076	1	1	1	1
"MED14.O60244"	"MED14.O60244"	0.0996371682899519	0.000742823782207692	0.160313883612355	0.158932190484563	0.0760782433729327	8.33807202461091e-07	1	1	1	0.00484358603909648
"MED15.Q96RN5"	"MED15.Q96RN5"	0.104675089347261	0.679792002306213	1.18608588814134e-05	0.574869825662784	0.442532349018106	0.0344461974809047	1	1	1	1
"MED16.Q9Y2X0"	"MED16.Q9Y2X0"	0.387480537786333	0.00376658225279631	0.736644626193071	0.10244952382572	0.0166211245941451	0.000570096918133705	1	1	1	1
"MED17.Q9NVC6"	"MED17.Q9NVC6"	0.00201643877110356	0.941711209572401	0.386961556094882	0.0956919167701167	0.00170532756820221	0.0210044576059791	1	1	1	1
"MED18.Q9BUE0"	"MED18.Q9BUE0"	0.0377293288961149	0.597040442692083	0.945613717281379	0.0135718750298021	0.191319526389591	0.728425843285246	1	1	1	1
"MED1.Q15648"	"MED1.Q15648"	0.00336058552517692	0.0643033002922943	0.00201678879690276	0.344857973637179	0.12991631679679	0.0396668354885408	1	1	1	1
"MED21.Q13503"	"MED21.Q13503"	0.514418411619746	0.0112719227923813	0.415915029460593	0.20451113682408	0.220640257605396	0.00674139212504223	1	1	1	1
"MED22.Q15528"	"MED22.Q15528"	0.302925203575776	0.120705391591905	0.806215827316008	-0.204886067731326	0.87997116683886	0.0923958815371845	1	1	1	1
"MED23.Q9ULK4"	"MED23.Q9ULK4"	0.00911478877880349	0.0468921622504994	0.386478439210741	0.154711715245416	0.0041855795360788	0.00418370141413031	1	1	1	1
"MED24.O75448"	"MED24.O75448"	0.0345710585921698	0.600635698959882	0.55758226907226	-0.104573581821687	0.982402686550487	0.101305154811929	1	1	1	1
"MED25.Q71SY5"	"MED25.Q71SY5"	0.0789884215211291	0.792975891502694	0.814066175723002	0.0746403429372884	0.950789782294179	0.561180342676813	1	1	1	1
"MED27.Q6P2C8"	"MED27.Q6P2C8"	0.19509327914135	0.118160120477153	0.00333509795250716	0.4710888713569	0.776976203732174	0.674950613728009	1	1	1	1
"MED28.Q9H204"	"MED28.Q9H204"	0.0797515627602424	0.529602189685559	0.426555196992132	0.216241070381473	0.530358595198134	0.623197642069237	1	1	1	1
"MED29.Q9NX70"	"MED29.Q9NX70"	0.813503480367949	0.00775061602589868	0.00281606223117882	0.33065094938751	0.0755633008498846	0.256714533002228	1	1	1	1
"MED30.Q96HR3"	"MED30.Q96HR3"	0.681678893475175	0.277193849771206	0.810121213566084	-0.120489920840638	0.440100731529348	0.154062234039615	1	1	1	1
"MED31.Q9Y3C7"	"MED31.Q9Y3C7"	0.530815985604006	0.815417671511404	0.287402477538121	-0.227556187027595	0.047958034000106	0.0384246003781667	1	1	1	1
"MED4.Q9NPJ6"	"MED4.Q9NPJ6"	0.0589913358235346	0.327574932025687	0.00159050851830374	0.454432164181563	0.696241387348843	0.583444437108695	1	1	1	1
"MED6.O75586"	"MED6.O75586"	0.339000783005766	0.549420146935825	0.12380836289955	0.306781864644753	0.0044497896231923	0.16409426149588	1	1	1	1
"MED7.O43513"	"MED7.O43513"	0.518573171508191	0.400070080532383	0.0320158346830973	0.4784993697365	0.0938855401538364	0.398873966757608	1	1	1	1
"MED8.Q96G25"	"MED8.Q96G25"	0.147102452359565	0.266655831691273	0.0283013693208118	0.40463358618995	0.679476406308727	0.143361603749739	1	1	1	1
"MED9.Q9NWA0"	"MED9.Q9NWA0"	0.848225056920678	0.470622981872899	0.000278533820004916	0.492661926887194	0.0289811733432563	0.999949573450213	1	1	1	1
"MEIS1.O00470"	"MEIS1.O00470"	0.293424133341256	0.521416286617556	0.489106578410844	0.477946571453966	0.155182373734797	0.975370097820809	1	1	1	1
"MELTF.P08582"	"MELTF.P08582"	9.95912018521867e-05	3.37502571845096e-06	3.62434715578018e-11	0.981305040508926	0.330184015404414	0.670631877034473	0.531319061881416	0.0190452701292188	1	1
"MEMO1.Q9Y316"	"MEMO1.Q9Y316"	0.0139073195720941	0.107874226789805	5.45164025764614e-05	-0.5581651761201	0.00170900503976194	0.320571374221442	1	1	1	1
"MEN1.O00255"	"MEN1.O00255"	0.662998460850942	0.00179316165432341	0.39602221271011	0.119043250908098	0.00909783820625398	0.00202756878625957	1	1	1	1
"MEPCE.Q7L2J0"	"MEPCE.Q7L2J0"	0.0783895014259497	0.134250636483417	0.00720852091540662	0.245655029600981	0.112219619149717	0.00344638509683381	1	1	1	1
"MESD.Q14696"	"MESD.Q14696"	0.270864034205395	0.185996948271293	0.654145953735344	-0.0679724995591471	0.592263789476124	0.794445360776515	1	1	1	1
"METAP1D.Q6UB28"	"METAP1D.Q6UB28"	0.0569363499023644	0.168516017704722	0.772334938994866	-0.0648833406867856	0.429462582957821	0.237631944430924	1	1	1	1
"METAP1.P53582"	"METAP1.P53582"	0.169874003028339	0.575492212920186	0.221505036157727	0.0662471110820256	0.0468180923942718	0.0018514289796358	1	1	1	1
"METAP2.P50579"	"METAP2.P50579"	0.000124237718823225	0.00144398259381814	3.9988840351977e-05	0.427425215391749	0.0935064528277199	1.31939739471237e-05	0.660696188701909	1	1	0.0747834443322971
"METTL13.Q8N6R0"	"METTL13.Q8N6R0"	0.30662061101427	0.0461121705880113	0.349417532873686	0.109814154403843	0.57453767306313	0.276473916995702	1	1	1	1
"METTL15.A6NJ78"	"METTL15.A6NJ78"	0.00429471696154902	0.00489372724741826	0.190813607897757	-0.257306706662506	0.850825764300276	0.0295136825293757	1	1	1	1
"METTL16.Q86W50"	"METTL16.Q86W50"	0.0493576723713307	0.194419310457768	0.7038253536246	-0.0836934298282257	0.0215888268700619	0.199175140735355	1	1	1	1
"METTL1.Q9UBP6"	"METTL1.Q9UBP6"	0.603123757051241	0.70421487742412	0.197703124463228	-0.184418639283916	0.77274492566604	0.517472549407668	1	1	1	1
"METTL26.Q96S19"	"METTL26.Q96S19"	1.55676929973067e-06	1.55029259226768e-07	2.00285460060064e-07	1.01062791743883	0.0193843997969938	0.00918198714851295	0.00883933608387073	0.000893433620923866	1	1
"METTL2A.Q96IZ6"	"METTL2A.Q96IZ6"	0.00867613285143449	9.17077859656685e-05	0.00478143158100868	-0.30516368826861	0.35599545609892	0.0118221373063598	1	0.490269823772464	1	1
"METTL2B.Q6P1Q9"	"METTL2B.Q6P1Q9"	0.00407032312559909	0.247161188131193	0.011573710862943	-0.574996739327474	0.557415670351527	0.0314446574868772	1	1	1	1
"METTL3.Q86U44"	"METTL3.Q86U44"	4.27515127685459e-05	0.000524502261824918	1.33141393770199e-07	-0.539655786864561	0.673802282056807	0.561684291789468	0.232226217358741	1	1	1
"METTL5.Q9NRN9"	"METTL5.Q9NRN9"	1.98281343610807e-07	0.00182542941921647	8.13274692905684e-07	1.1233832524452	0.0239225545924927	0.0489638118187769	0.00114368678994714	1	1	1
"METTL7B.Q6UX53"	"METTL7B.Q6UX53"	0.463746087643292	0.0174502723096602	0.277505630934452	-0.224621309979388	0.718379138592986	0.0563540036713262	1	1	1	1
"MET.P08581"	"MET.P08581"	0.85806345774075	0.750407131750047	0.472571104227021	-0.151389903624237	0.0260897931767076	0.690811686316394	1	1	1	1
"MFAP1.P55081"	"MFAP1.P55081"	0.0156778294103323	0.198987029732522	0.415180201580349	0.104312422230075	0.0618244129800553	0.936655754151898	1	1	1	1
"MFF.Q9GZY8.2"	"MFF.Q9GZY8.2"	0.0340379076318531	0.108000027157974	0.476698029444838	0.114365995925116	0.333505963785582	0.0046094694809147	1	1	1	1
"MFGE8.Q08431"	"MFGE8.Q08431"	7.86552328654185e-10	0.0635523921644742	6.00432190501505e-07	-0.711996672769018	0.000786450104719154	0.000263142971934165	4.60762354125622e-06	1	1	1
"MFN1.Q8IWA4"	"MFN1.Q8IWA4"	0.00397052975563403	0.933541738952619	0.0194925652766624	0.31527281189903	0.00191038506962259	6.87976208592464e-05	1	1	1	0.379487676659603
"MFN2.O95140"	"MFN2.O95140"	0.408150636538911	0.775482031502069	0.0151412666942776	0.391460292412549	0.267153786031827	0.00016769884184419	1	1	1	0.904399854065719
"MFSD10.Q14728"	"MFSD10.Q14728"	0.0609631396119454	0.881503171968334	0.0662006883783712	-0.73522283295384	4.61910748947957e-05	0.0104566281206004	1	1	0.271003036407766	1
"MGAT2.Q10469"	"MGAT2.Q10469"	0.000140518628427276	0.00721212846400724	0.0121307892507565	0.384825436420368	0.836917355307214	0.0717946612946574	0.744467693407711	1	1	1
"MGAT5.Q09328"	"MGAT5.Q09328"	0.847923541403682	0.352986109838664	0.371667651213511	0.294011743835095	0.788967547188539	0.731339186603566	1	1	1	1
"MGA.Q8IWI9"	"MGA.Q8IWI9"	0.0683944857916676	0.000237189453270181	0.715791960346809	-0.0270369878268413	0.937492663222969	0.00280608628794736	1	1	1	1
"MGME1.Q9BQP7"	"MGME1.Q9BQP7"	0.0321325558887669	0.874331896316027	0.779204375037863	0.038395919594979	0.245608662548151	0.00464793582538957	1	1	1	1
"MGMT.P16455"	"MGMT.P16455"	0.922163106828249	0.00222013479363739	0.0194310747549186	0.665469271901066	0.0062409030061295	0.622928922519111	1	1	1	1
"MGRN1.O60291"	"MGRN1.O60291"	0.0001098702573921	0.0724681657222877	2.91042386670784e-06	0.657503640340436	0.34136141803558	0.413888418848999	0.585498601642499	1	1	1
"MGST1.P10620"	"MGST1.P10620"	0.343002272834536	0.0113511309137551	0.0510199885959485	-0.649080602743579	0.000381302310824748	0.707295979676411	1	1	1	1
"MGST3.O14880"	"MGST3.O14880"	0.000212164077435064	0.081303192361024	0.0443454298075812	0.40478703115437	0.0702965592352335	0.00325049287698354	1	1	1	1
"MIA2.Q96PC5"	"MIA2.Q96PC5"	1.32260382100063e-06	2.74539700948752e-05	3.99816012604989e-10	-1.19948343089335	0.0690358183600506	0.00542643693668022	0.0075163575147466	0.150310486269442	1	1
"MIA3.Q5JRA6"	"MIA3.Q5JRA6"	0.276871209012867	0.0846099687641277	0.014680954260022	-0.232056641833476	0.0365297820753681	0.00016710917309171	1	1	1	0.901386879656686
"MIB1.Q86YT6"	"MIB1.Q86YT6"	0.51359661422549	0.0580424855619092	0.262122526875503	0.18483083394655	0.400885065081977	0.0891335048350885	1	1	1	1
"MICAL2.O94851.4"	"MICAL2.O94851.4"	0.00286552070288828	0.0048251115252883	0.141160769134568	-0.16961668055506	0.00745547723218781	0.237466127773779	1	1	1	1
"MICAL3.Q7RTP6"	"MICAL3.Q7RTP6"	0.0038735296987837	0.000268690996029838	3.33772720712699e-05	0.760384775065364	0.328062892164872	0.785231043929719	1	1	1	1
"MICALL1.Q8N3F8"	"MICALL1.Q8N3F8"	0.501624226341894	6.05215110851759e-07	0.0284625484841397	-0.250365167058315	0.137808239825244	0.00848377909732799	1	0.00346546172473717	1	1
"MICALL2.Q8IY33"	"MICALL2.Q8IY33"	0.729399379026959	0.00498273257833158	0.00493820742224315	0.379072705681868	0.223437902721705	0.126676071996171	1	1	1	1
"MICA.Q29983"	"MICA.Q29983"	3.60287589932877e-05	0.0318186831333849	0.273368128049908	-0.204805289471929	0.271761285068767	0.025038716129119	0.196284678995431	1	1	1
"MICOS13.Q5XKP0"	"MICOS13.Q5XKP0"	0.427952015235397	0.0101531282862467	0.836752100322396	-0.0810548447119003	0.80190234045428	0.000115607042159831	1	1	1	0.630636414981879
"MICU1.Q9BPX6"	"MICU1.Q9BPX6"	0.0485093654249076	0.19276428472241	0.696826904794304	-0.0807144311449745	0.784213043169033	0.00043275704026791	1	1	1	1
"MICU2.Q8IYU8"	"MICU2.Q8IYU8"	0.0142062680318655	0.357461257993021	0.658192513821039	-0.153492263334517	0.188118875929814	0.0014214042565377	1	1	1	1
"MIDEAS.Q6PJG2"	"MIDEAS.Q6PJG2"	6.68870365100166e-05	1.44470053745419e-06	1.49172799009916e-07	-0.503425869847114	0.00187417310079333	0.000352588446439847	0.360052917533419	0.00820589905273978	1	1
"MIEF1.L0R8F8"	"MIEF1.L0R8F8"	0.285448987718151	0.304055982282302	0.00679975104050278	-1.18073774085928	0.00293739072219562	0.0599810578968487	1	1	1	1
"MIEF1.Q9NQG6"	"MIEF1.Q9NQG6"	0.802302837529168	0.350634821070585	0.0527471916020577	1.02702531267339	0.0981841817840602	0.68698040156392	1	1	1	1
"MIER1.Q8N108"	"MIER1.Q8N108"	0.278987419420785	0.643766505612724	0.0457739256122272	-0.374874755473849	0.210167170181172	0.462986051264557	1	1	1	1
"MIF.P14174"	"MIF.P14174"	0.00389600053099057	0.00173503500377323	0.406961312505157	0.0686710112138545	0.542796306535955	0.0013214299823899	1	1	1	1
"MIGA2.Q7L4E1"	"MIGA2.Q7L4E1"	0.918132550169616	0.216094513714576	0.557583601292465	-0.221206641665933	0.62984287599591	0.0114581123403881	1	1	1	1
"MINDY3.Q9H8M7"	"MINDY3.Q9H8M7"	0.266964567838244	0.219033475839893	0.834653047869401	-0.107768773188108	0.099396865520502	0.854258042388938	1	1	1	1
"MINPP1.Q9UNW1"	"MINPP1.Q9UNW1"	0.625527752681958	0.791198580870515	0.422342287651163	0.135867514978183	0.452502584515283	0.480347679062114	1	1	1	1
"MIOS.Q9NXC5"	"MIOS.Q9NXC5"	0.49031398500384	0.423658527371971	0.204981845380045	0.232954559276181	0.381019069410652	0.234958691832429	1	1	1	1
"MIPEP.Q99797"	"MIPEP.Q99797"	0.663019892451819	0.792213561220539	0.396148124352405	0.181835245048954	0.972619918949158	0.191768726903378	1	1	1	1
"MIS18A.Q9NYP9"	"MIS18A.Q9NYP9"	0.580200132015772	0.076377940883021	0.113753496135368	0.328949508555398	0.445456784719468	0.00175666360983875	1	1	1	1
"MIS18BP1.Q6P0N0"	"MIS18BP1.Q6P0N0"	0.60259778129995	0.115829481238659	0.366523811101258	-0.209955313039755	0.167589799156487	0.309972227023686	1	1	1	1
"MISP.Q8IVT2"	"MISP.Q8IVT2"	0.18857231209992	0.17434190779159	0.0908099751313612	0.168157942564132	0.168412369812121	0.71950978752034	1	1	1	1
"MIX23.Q4VC31"	"MIX23.Q4VC31"	0.0027542661483418	0.186712990763602	0.0550836728547615	-0.382171439272795	0.0675276035015828	0.00352365607473326	1	1	1	1
"MKI67.P46013"	"MKI67.P46013"	0.178523732027221	0.0194818672153521	1.04479272759045e-08	0.754378212920585	0.835261731410892	0.00121834783788779	1	1	1	1
"MKLN1.Q9UL63"	"MKLN1.Q9UL63"	0.418772745196722	0.0472460057085195	0.000334661701449434	0.801755412071018	0.038776956756603	0.000495256321896815	1	1	1	1
"MKRN2.Q9H000"	"MKRN2.Q9H000"	0.109277733479781	0.103566438177357	0.096515966683877	-0.385014290164292	0.315563207386437	0.525937609247449	1	1	1	1
"MLEC.Q14165"	"MLEC.Q14165"	0.0185561181197915	0.000208703706206095	0.333996388408203	0.128013466422301	0.0930527407107201	9.27916362274313e-05	1	1	1	0.509054916343688
"MLF2.Q15773"	"MLF2.Q15773"	0.00029955616988367	4.89075267447023e-05	2.2438384709922e-10	0.888724242403054	0.0908371802603849	0.540556524012296	1	0.26449190463535	1	1
"MLH1.P40692"	"MLH1.P40692"	0.583181363402471	0.00278828281017225	0.427121751611868	-0.0684225505395157	0.829423655887612	0.0558383661362944	1	1	1	1
"MLKL.Q8NB16"	"MLKL.Q8NB16"	0.742107066874286	0.311053765266323	0.716238528655886	-0.0965407591087022	0.543472525420373	0.434971024169653	1	1	1	1
"MLLT11.Q13015"	"MLLT11.Q13015"	0.699287006687076	0.0123611535269211	0.306499584343818	0.184931872004506	0.530812546491953	0.378699509324681	1	1	1	1
"MLLT1.Q03111"	"MLLT1.Q03111"	0.731694686278244	0.00403122637165977	0.0125405167984708	0.365679154999139	0.0609298166973353	0.119055162562346	1	1	1	1
"MLST8.Q9BVC4"	"MLST8.Q9BVC4"	0.138369910645418	0.264972840875784	0.213249275578351	0.28501086382034	0.3106466313479	0.168785051384781	1	1	1	1
"MMGT1.Q8N4V1"	"MMGT1.Q8N4V1"	0.80484517609048	0.648136660005839	0.381719653509555	-0.159523939839808	0.335729792367441	0.48422642066034	1	1	1	1
"MMP14.P50281"	"MMP14.P50281"	0.473562488382345	0.613587763263662	0.00257974843246402	-1.19107745967286	9.16274256460098e-06	0.00490421985140319	1	1	0.053941065477806	1
"MMS19.Q96T76"	"MMS19.Q96T76"	0.000195813122613094	0.000201449547249815	2.32370815352549e-05	-0.514311006125403	0.243572945245671	0.00872160563066319	1	1	1	1
"MMTAG2.Q9BU76"	"MMTAG2.Q9BU76"	0.424292249591814	0.621726365057536	0.786473488556949	0.0515881761288499	0.0594912426436857	0.0191680521442336	1	1	1	1
"MMUT.P22033"	"MMUT.P22033"	0.647271239533806	0.320445942624334	0.524165024118326	-0.0856168806637041	0.764503113916397	0.00973450635005233	1	1	1	1
"MNAT1.P51948"	"MNAT1.P51948"	0.0341507509913288	0.331033009433116	0.562969651306696	-0.0414903174752725	0.0797899723816979	0.249006982455118	1	1	1	1
"MOB1B.Q7L9L4"	"MOB1B.Q7L9L4"	0.145732515398725	0.305644658651741	0.515027992911046	0.0997897507602716	0.0402993377830681	0.628610288718866	1	1	1	1
"MOB4.Q9Y3A3"	"MOB4.Q9Y3A3"	0.14779310434449	0.135847600333854	0.416624260425576	-0.121632760700169	0.875246757676533	0.514904259183186	1	1	1	1
"MOCS2.O96007"	"MOCS2.O96007"	0.312250157584072	0.0259418196057573	0.399008760915873	0.126534411510607	0.165641285547291	0.688797897590204	1	1	1	1
"MOCS3.O95396"	"MOCS3.O95396"	0.0918868528582643	0.000577379256813335	0.0381957554251538	0.391901813464478	0.023262681522024	0.34206765352368	1	1	1	1
"MOGS.Q13724"	"MOGS.Q13724"	0.00579528179707835	9.30794088063078e-07	1.99897232465492e-06	-0.638564685684343	0.000833012886000672	0.00130630230446445	1	0.00531297265466405	1	1
"MON2.Q7Z3U7"	"MON2.Q7Z3U7"	0.388279702561701	0.153110771240103	0.692923898205954	-0.122620682609878	0.050565067627463	0.774167821902234	1	1	1	1
"MORC2.Q9Y6X9"	"MORC2.Q9Y6X9"	8.45943698928451e-05	2.51829791522142e-05	2.18541137647811e-05	0.743665343071239	0.642958461635353	0.0708818726125434	0.453172039515971	0.138153823629047	1	1
"MORF4L1.Q9UBU8"	"MORF4L1.Q9UBU8"	0.251927784352355	0.403805466787902	2.27657255220498e-06	0.674405401551172	0.233239594748822	0.463799620952435	1	1	1	1
"MORF4L2.Q15014"	"MORF4L2.Q15014"	0.478866622108315	0.213900771624335	0.666832867715075	0.134843157856828	0.607026719699594	0.94197080534249	1	1	1	1
"MOSPD2.Q8NHP6"	"MOSPD2.Q8NHP6"	0.020675202985949	0.552371261526699	0.245587992700671	-0.246822160023374	0.167332777672409	0.612273405274843	1	1	1	1
"MOV10.Q9HCE1"	"MOV10.Q9HCE1"	0.000563381683950626	1.95474241833866e-06	4.49486037615922e-05	-0.257868751831299	0.747570349115624	0.0678289770882824	1	0.0110775252847252	1	1
"MOXD1.Q6UVY6"	"MOXD1.Q6UVY6"	0.740888289748327	0.416070357013818	0.0420313115901692	0.74162990998707	0.650285697540579	0.0294959125827931	1	1	1	1
"MPDU1.O75352"	"MPDU1.O75352"	0.901915214665815	0.161123459706457	0.911209208636013	0.0562990433667705	0.961198190529443	0.276711661810907	1	1	1	1
"MPG.P29372"	"MPG.P29372"	0.00057000724924389	9.09398083736918e-05	0.0447012088280247	0.255801576298542	0.0453612834334823	0.104256456872018	1	0.486346095182504	1	1
"MPHOSPH10.O00566"	"MPHOSPH10.O00566"	0.00521200525705967	0.000526751423853204	0.0744118798418262	-0.281987508384537	0.349211354441893	0.981313969415786	1	1	1	1
"MPHOSPH6.Q99547"	"MPHOSPH6.Q99547"	0.139397757952201	0.413486017158316	0.902942442245986	-0.0347415598119815	0.237868439382795	0.310185645794217	1	1	1	1
"MPHOSPH8.Q99549"	"MPHOSPH8.Q99549"	0.0770784334960907	0.373517284552326	0.0270570981062717	-0.455082992474512	0.050672958314215	0.0477468151575484	1	1	1	1
"MPI.P34949"	"MPI.P34949"	0.0956209684520763	0.461420934983338	0.602688457947083	-0.0863324717642537	0.773580742777059	0.0139831086208129	1	1	1	1
"MPP1.Q00013"	"MPP1.Q00013"	0.327527400045449	0.000305349100425419	0.367264325701649	0.220928225171193	0.611249619625699	0.000415918227231186	1	1	1	1
"MPP2.Q14168"	"MPP2.Q14168"	0.637367381996033	0.375636331741186	0.0280574101771721	0.597893059067668	0.981487653856574	0.609095756049858	1	1	1	1
"MPP7.Q5T2T1"	"MPP7.Q5T2T1"	0.382444060062723	0.187451436211081	0.613234081706289	0.0661016798565935	0.678834758308587	0.093685301506931	1	1	1	1
"MPRIP.Q6WCQ1"	"MPRIP.Q6WCQ1"	0.212155789213677	0.0217246773068228	0.0621317281912146	0.155384549211717	0.928077717032777	0.239022481863876	1	1	1	1
"MPST.P25325"	"MPST.P25325"	0.0205136967984166	0.0278395827522619	0.825682731331464	0.0260811039360067	0.228754526642708	0.00609217445557375	1	1	1	1
"MPZL1.O95297"	"MPZL1.O95297"	0.312395961797058	7.3967577655526e-05	0.0657173704343898	-0.224319023697563	0.291546776305521	0.344024671859745	1	0.397205892010175	1	1
"MRC2.Q9UBG0"	"MRC2.Q9UBG0"	7.77403011254159e-14	1.78376478219772e-14	5.22084139588194e-09	-0.534887984467349	0.711976364399068	7.8274748986778e-05	4.58279075134327e-10	1.05206446854021e-10	1	0.430745943674239
"MRE11.P49959"	"MRE11.P49959"	0.000194522565996733	0.00511233609173607	0.000875430683147461	-0.34331768771216	0.0989887766454401	0.61986256758272	1	1	1	1
"MRFAP1.Q9Y605"	"MRFAP1.Q9Y605"	0.0594229905545486	0.939039941680545	2.09811729934152e-07	1.38168568384278	0.00235108007589894	0.00980656605580011	1	1	1	1
"MRGBP.Q9NV56"	"MRGBP.Q9NV56"	0.206902357012612	0.141445985467364	0.000381856524390105	0.60113140346425	0.17766565488642	0.285549668313529	1	1	1	1
"MRI1.Q9BV20"	"MRI1.Q9BV20"	0.551432722569964	0.0138832616881828	0.0771858859997201	0.505775788357085	0.0795051931849482	0.348748300667526	1	1	1	1
"MRM1.Q6IN84"	"MRM1.Q6IN84"	0.00930135240885755	0.016134664487814	0.524279382175275	-0.0786214475593332	0.0892080045885573	0.0634962674511235	1	1	1	1
"MRM2.Q9UI43"	"MRM2.Q9UI43"	0.292378488238452	0.972593988355863	3.87201679342122e-06	1.44984315911753	0.148844703142551	0.105085255250033	1	1	1	1
"MRM3.Q9HC36"	"MRM3.Q9HC36"	0.215095663802039	0.802727778221526	0.975389772671634	-0.00858794422397591	0.787346190360485	0.931683354989975	1	1	1	1
"MRPL10.Q7Z7H8"	"MRPL10.Q7Z7H8"	0.786479421052908	0.0886130717508295	0.0343866866354096	-0.320820077126458	0.00174797103628799	0.000570354235602678	1	1	1	1
"MRPL11.Q9Y3B7"	"MRPL11.Q9Y3B7"	0.821129318566228	0.710624373785629	0.940732413418727	0.0102011060762836	0.0516304577684881	0.00104190306823351	1	1	1	1
"MRPL12.P52815"	"MRPL12.P52815"	0.00108914412848253	0.00286288821175883	0.014491258753516	-0.459791054186452	0.0839836114742392	0.586577897409183	1	1	1	1
"MRPL13.Q9BYD1"	"MRPL13.Q9BYD1"	0.272861963775101	0.178064254286607	0.024955604552463	0.24667491195352	0.0974746164635644	0.0120115894671535	1	1	1	1
"MRPL14.Q6P1L8"	"MRPL14.Q6P1L8"	0.507173364112512	0.327074459058431	0.623188170569773	-0.0996256536903262	0.0864666672422705	0.00914178615037196	1	1	1	1
"MRPL15.Q9P015"	"MRPL15.Q9P015"	0.0794238980189898	0.65665539414057	0.400194432246347	0.151154954794483	0.0388314625041453	0.00353093134250388	1	1	1	1
"MRPL16.Q9NX20"	"MRPL16.Q9NX20"	0.762310605492444	0.000891686192176537	0.029843915388582	0.474292669631702	0.438551391649206	0.0809112966804138	1	1	1	1
"MRPL17.Q9NRX2"	"MRPL17.Q9NRX2"	0.20739643475539	0.879339114793847	0.119949044461697	0.28189271555433	0.586335340467712	0.863678103010689	1	1	1	1
"MRPL18.Q9H0U6"	"MRPL18.Q9H0U6"	0.111965789096336	0.586962001459765	0.0639226547774417	-0.744339819886723	0.247294814499956	0.151116795375161	1	1	1	1
"MRPL19.P49406"	"MRPL19.P49406"	0.868662647289274	0.364121478551329	0.246308333004387	0.196271335743118	0.139572296608019	0.146437435547391	1	1	1	1
"MRPL1.Q9BYD6"	"MRPL1.Q9BYD6"	0.396148265573563	0.38438991392452	0.108194177181014	-0.233389194237779	0.021514547009062	0.000297316564355773	1	1	1	1
"MRPL20.Q9BYC9"	"MRPL20.Q9BYC9"	0.000516630691138885	0.233402704396111	8.73058671862733e-05	0.771174226376744	0.50033924703971	0.00763841836276983	1	1	1	1
"MRPL22.Q9NWU5"	"MRPL22.Q9NWU5"	0.511556497354051	0.916087797022592	0.107446229876441	0.381016308049635	0.511751173588932	0.00088084544412218	1	1	1	1
"MRPL23.Q16540"	"MRPL23.Q16540"	0.6811653787567	0.457385250096898	0.458777971407736	-0.197029557889148	0.0854819243273292	0.420747673732194	1	1	1	1
"MRPL24.Q96A35"	"MRPL24.Q96A35"	0.00325964137190057	0.249418180644338	0.000502386040388635	0.579696676819283	0.293656209011388	2.37738145174482e-05	1	1	1	0.133680159031611
"MRPL27.Q9P0M9"	"MRPL27.Q9P0M9"	0.747058984984277	0.0360896281731402	0.101175502872949	0.309680320257628	0.701990656701935	0.0855386158991278	1	1	1	1
"MRPL28.Q13084"	"MRPL28.Q13084"	0.180066467766202	0.336076109355793	0.653519371786678	0.107859883985345	0.0282198276482005	0.426908613778022	1	1	1	1
"MRPL2.Q5T653"	"MRPL2.Q5T653"	0.383465367726426	0.698724402363985	0.0461446857511627	0.392004795116534	0.454717204596672	0.0279242275042259	1	1	1	1
"MRPL30.Q8TCC3"	"MRPL30.Q8TCC3"	0.0830435587523919	0.549528624439493	7.76142960585702e-05	0.529523866400868	0.718573048231047	0.0886410672349155	1	1	1	1
"MRPL32.Q9BYC8"	"MRPL32.Q9BYC8"	0.126435483667062	0.594504209629889	0.000184202506116344	0.523607034357958	0.700915597378904	0.317735496433011	1	1	1	1
"MRPL33.O75394"	"MRPL33.O75394"	0.379031254903903	0.0183066463710129	0.420513536759535	-0.371505404417612	0.160050431937485	3.32477098491956e-06	1	1	1	0.0191008093083629
"MRPL34.Q9BQ48"	"MRPL34.Q9BQ48"	0.596823052083834	0.429885497660939	0.000823775483116788	2.25732186281095	0.135086429934893	0.0814366084238482	1	1	1	1
"MRPL37.Q9BZE1"	"MRPL37.Q9BZE1"	0.103731977941395	0.478204128423104	0.0154987543949026	0.362426605223466	0.215662218123163	0.0258379709120679	1	1	1	1
"MRPL38.Q96DV4"	"MRPL38.Q96DV4"	3.57791524798608e-05	0.168698860942463	0.964825121853559	0.00452278830720982	0.162818028714076	0.000152378943271651	0.194960601862762	1	1	0.824065325213091
"MRPL39.Q9NYK5"	"MRPL39.Q9NYK5"	0.184854496222126	0.0418812615996595	0.350920062034922	0.108953477012545	0.187625439764413	0.0820323831786423	1	1	1	1
"MRPL3.P09001"	"MRPL3.P09001"	0.104598121166895	0.822468905521383	0.102195789668305	0.423514493896928	0.600850499827571	0.0285221720582065	1	1	1	1
"MRPL40.Q9NQ50"	"MRPL40.Q9NQ50"	0.00160917527677273	0.061145817888386	0.266054674434424	-0.173140094219177	0.150095846681243	0.214490311912151	1	1	1	1
"MRPL41.Q8IXM3"	"MRPL41.Q8IXM3"	0.434505995928017	0.408167592869194	0.325169624680665	0.277182768266721	0.166234550528798	0.248868625691435	1	1	1	1
"MRPL42.Q9Y6G3"	"MRPL42.Q9Y6G3"	0.961937428596473	0.494146642581662	0.0145244814594372	0.368665467177882	0.785559864269992	0.305964498312755	1	1	1	1
"MRPL43.Q8N983"	"MRPL43.Q8N983"	0.840909877106831	1.17486954183255e-05	0.598697529925169	0.184660455502211	0.524573434267361	4.87614369439802e-07	1	0.0652522543533796	1	0.00284376700257292
"MRPL44.Q9H9J2"	"MRPL44.Q9H9J2"	0.850880444813991	0.458441006741833	0.923480902981382	0.015335627395938	0.00466785085484787	0.0646625009550656	1	1	1	1
"MRPL45.Q9BRJ2"	"MRPL45.Q9BRJ2"	0.771691293515473	0.439651567238993	0.0181353277823091	0.380428861725343	0.438693107461974	0.00205807475988923	1	1	1	1
"MRPL46.Q9H2W6"	"MRPL46.Q9H2W6"	0.00844097204689649	0.0467420220431845	0.000605964229286986	-0.448090888199363	0.0220615925308245	0.00268613064979386	1	1	1	1
"MRPL47.Q9HD33"	"MRPL47.Q9HD33"	0.0880713248671859	0.0387317698169537	0.120759420626382	0.479344023540666	0.0318859859862091	0.00320789024022052	1	1	1	1
"MRPL48.Q96GC5"	"MRPL48.Q96GC5"	3.53960851538496e-07	0.0154369556665524	0.000560376125024824	-0.368103269462166	0.291673856659154	5.12556733216406e-07	0.00203279717038558	1	1	0.00298769319791843
"MRPL49.Q13405"	"MRPL49.Q13405"	0.288773222019874	0.0283329046792789	0.524518957354078	0.112217513664598	0.546578777423034	0.000849504021983756	1	1	1	1
"MRPL4.Q9BYD3"	"MRPL4.Q9BYD3"	0.180088631576076	0.34640281351582	0.0337403229879935	0.289672897465088	0.562696765368324	0.0247557824136946	1	1	1	1
"MRPL50.Q8N5N7"	"MRPL50.Q8N5N7"	0.113312681261905	0.780009899887759	0.00207877992623077	0.457678739659156	0.335040499271724	0.43824981191634	1	1	1	1
"MRPL51.Q4U2R6"	"MRPL51.Q4U2R6"	0.640181016646296	0.167023414929184	0.408465996474106	0.16953026044337	0.396506100964067	0.0681796755402815	1	1	1	1
"MRPL53.Q96EL3"	"MRPL53.Q96EL3"	0.0570048542818044	0.0350693258272529	0.42171582690859	-0.112611647233163	0.789186910506743	0.391971128744923	1	1	1	1
"MRPL54.Q6P161"	"MRPL54.Q6P161"	0.0808706085659856	0.0525802664460575	0.296578686031953	-0.571341408523238	0.00514681844869806	0.0669251349697982	1	1	1	1
"MRPL55.Q7Z7F7"	"MRPL55.Q7Z7F7"	0.0167112188689406	0.0312668037065642	0.620883713721253	-0.145403057696003	0.0919441724979131	0.94894811939657	1	1	1	1
"MRPL57.Q9BQC6"	"MRPL57.Q9BQC6"	0.0190591698789119	0.00529865850869061	0.0755100262813276	0.410883116621344	0.829131565080473	0.09559501219224	1	1	1	1
"MRPL58.Q14197"	"MRPL58.Q14197"	0.190556658846335	0.418628578147167	0.335421233137035	0.16518644517213	0.542241788575726	0.0476684060671336	1	1	1	1
"MRPL9.Q9BYD2"	"MRPL9.Q9BYD2"	0.623327241492845	0.000448724224132056	0.0428621852934633	-0.698432658370274	0.000648426224704887	7.20812322815616e-08	1	1	1	0.00042282850856364
"MRPS10.P82664"	"MRPS10.P82664"	0.013647350175094	0.546199276435983	0.276677576600326	-0.15046289497865	0.365544028812892	9.53513029631468e-05	1	1	1	0.522811194146934
"MRPS11.P82912"	"MRPS11.P82912"	0.988675667667353	0.750876309047557	0.000333542047961297	0.808147345513651	0.415112082323012	0.124027289397316	1	1	1	1
"MRPS12.O15235"	"MRPS12.O15235"	0.82650801832822	0.518020925604859	1.26599242876232e-05	0.995810598851129	0.0458841381926916	0.0967446662070692	1	1	1	1
"MRPS14.O60783"	"MRPS14.O60783"	0.1348336618187	0.158670827362809	0.000512965512913048	0.58203069376572	0.0908090943239322	0.102752682775634	1	1	1	1
"MRPS15.P82914"	"MRPS15.P82914"	0.573059310388835	0.161269021021758	0.063899543726508	0.535214285101582	0.178704524860863	4.58018941892017e-05	1	1	1	0.254658531691962
"MRPS16.Q9Y3D3"	"MRPS16.Q9Y3D3"	0.153630185926055	0.0381227386818627	0.00438029088399933	0.514007217578757	0.777305023767315	0.608096606707759	1	1	1	1
"MRPS17.Q9Y2R5"	"MRPS17.Q9Y2R5"	0.0012560658743898	0.363463069253051	0.519693686578366	0.10160567934664	0.0338037541978227	0.00234232159650386	1	1	1	1
"MRPS18A.Q9NVS2"	"MRPS18A.Q9NVS2"	0.168032132970545	0.97946513600197	0.100222184938419	0.288256614174633	0.0675720836824401	0.014229863895616	1	1	1	1
"MRPS18B.Q9Y676"	"MRPS18B.Q9Y676"	1.65208964912778e-05	2.54868872885398e-06	2.54944777006726e-05	-0.408588942233571	0.00258804828589897	0.00261946565037229	0.091112744149397	0.0144255782053135	1	1
"MRPS21.P82921"	"MRPS21.P82921"	0.0625589393155199	0.172028515287002	0.613170962146399	0.129648194339434	0.140472552980033	0.000935312110121686	1	1	1	1
"MRPS22.P82650"	"MRPS22.P82650"	0.0293123327713684	0.0136345394301743	0.000324684398021697	-0.398242043383751	0.00128803825134318	0.000213778751094716	1	1	1	1
"MRPS23.Q9Y3D9"	"MRPS23.Q9Y3D9"	0.00640973861760181	0.0518037679153763	0.186570075768809	-0.237562085955404	0.507604951320503	0.736006724137525	1	1	1	1
"MRPS24.Q96EL2"	"MRPS24.Q96EL2"	0.718798133141891	0.0350860574016483	0.629562200715355	0.102288188693197	0.0200152839466749	0.0246658818040946	1	1	1	1
"MRPS25.P82663"	"MRPS25.P82663"	0.149291999968488	0.747243360176192	0.0183010860638455	-0.386902131359771	0.00434407857966787	0.0124552075515638	1	1	1	1
"MRPS26.Q9BYN8"	"MRPS26.Q9BYN8"	0.531303768492301	0.736154688011089	0.0939868552190369	-0.610013532488591	0.0517186970197328	0.0259079963450272	1	1	1	1
"MRPS27.Q92552"	"MRPS27.Q92552"	0.00118227491562189	0.0099415582170153	0.00297569019352817	-0.456325680206122	0.0241413064469721	0.00699874280063314	1	1	1	1
"MRPS28.Q9Y2Q9"	"MRPS28.Q9Y2Q9"	0.00540667067113484	0.00609670001862086	0.0110461150492826	-0.401026766152066	0.15529172985868	0.139826003778597	1	1	1	1
"MRPS2.Q9Y399"	"MRPS2.Q9Y399"	0.1319914669733	0.117896090915875	0.781767459719922	-0.0486043396517053	0.595953080551419	0.0998416095717552	1	1	1	1
"MRPS30.Q9NP92"	"MRPS30.Q9NP92"	0.593431928122563	0.515660461677842	0.111179613385261	0.321912103232837	0.672242236558397	0.0576117282971627	1	1	1	1
"MRPS31.Q92665"	"MRPS31.Q92665"	0.240586717729252	0.913066033349106	0.272681593821563	0.123204130106186	0.207657354549616	0.155221354368159	1	1	1	1
"MRPS34.P82930"	"MRPS34.P82930"	0.0513948951133526	0.00241963519002448	0.0388806605815012	0.167180660738093	0.0288774831365861	0.00840024510431168	1	1	1	1
"MRPS35.P82673"	"MRPS35.P82673"	0.00109783101940082	0.00165634965059606	0.12194636408774	-0.280689756672701	0.763419933024606	0.303980509839785	1	1	1	1
"MRPS36.P82909"	"MRPS36.P82909"	0.944751942998314	0.89520733871909	0.994052280200415	-0.00128379701602983	0.221196155335577	0.262126186593298	1	1	1	1
"MRPS5.P82675"	"MRPS5.P82675"	0.176228631948772	0.795031637528498	0.0606936851597308	0.344872663279651	0.0892326581210018	0.00161162348316437	1	1	1	1
"MRPS6.P82932"	"MRPS6.P82932"	0.623945013207591	0.0814151401180669	0.261175220919508	0.12320936214502	0.0103467805483047	4.03958498048619e-05	1	1	1	0.224883695863666
"MRPS7.Q9Y2R9"	"MRPS7.Q9Y2R9"	0.0583896504743425	0.00251747278373019	0.226142446079364	-0.122113793146209	0.171244009182085	0.0079346298631246	1	1	1	1
"MRPS9.P82933"	"MRPS9.P82933"	0.0401365587164918	0.00135496374934678	0.7699502325966	-0.0446442488168797	0.988158281952262	0.0612089895306204	1	1	1	1
"MRRF.Q96E11"	"MRRF.Q96E11"	0.303110590772342	0.40795782404199	0.649763672583044	-0.110414340589843	0.122630830184031	0.0611878811527515	1	1	1	1
"MRTFA.Q969V6"	"MRTFA.Q969V6"	0.0088616349399932	0.00037995078735802	0.000881913486647894	0.623472751278221	0.397646708851212	0.93890030249495	1	1	1	1
"MRTFB.Q9ULH7"	"MRTFB.Q9ULH7"	0.559190571758976	0.0168726487778209	0.00109920061617211	0.361801185839832	0.00328887198049608	0.0312703466409326	1	1	1	1
"MRTO4.Q9UKD2"	"MRTO4.Q9UKD2"	0.932044177616645	0.76380889895556	0.60430176549984	0.088616734617295	0.2414013972422	0.0460938624020864	1	1	1	1
"MSH2.P43246"	"MSH2.P43246"	0.709168246574292	0.998247564140822	0.0101320469070925	-0.403447978706565	0.041179958458685	0.44952088199525	1	1	1	1
"MSH6.P52701"	"MSH6.P52701"	0.204391292138512	0.592937816131142	0.0456653266977958	-0.273402645928579	0.00389476802349145	0.407493267601681	1	1	1	1
"MSI1.O43347"	"MSI1.O43347"	0.984248151462762	0.039119487823907	0.506792782853372	-0.238985499765735	0.915308638586579	0.840441755745047	1	1	1	1
"MSI2.Q96DH6"	"MSI2.Q96DH6"	0.790189205145094	0.313757017177637	0.594225583240645	-0.0317880189232701	0.582910141545268	0.0123450563920887	1	1	1	1
"MSL1.Q68DK7"	"MSL1.Q68DK7"	0.424651730500317	0.184505561637769	0.218945851786622	0.264654524087668	0.310018508045274	0.353660731067293	1	1	1	1
"MSMO1.Q15800"	"MSMO1.Q15800"	0.989155353880631	0.0894346268662548	0.000628248384210931	-0.890933178369693	0.00445620725703473	0.000101882362193231	1	1	1	0.558009697732328
"MSN.P26038"	"MSN.P26038"	0.0939753562347097	0.0127187086898181	0.320344594979948	0.173254223099246	0.426919490585306	0.975016889479896	1	1	1	1
"MSRA.Q9UJ68"	"MSRA.Q9UJ68"	0.167620896707141	0.678393892547215	0.228578980469162	-0.125510267826138	0.121043419219133	0.321122557055703	1	1	1	1
"MSRB3.Q8IXL7.2"	"MSRB3.Q8IXL7.2"	0.640968720042212	0.95942607590305	0.630567196137221	-0.0483480247752007	0.023812738247657	0.113457780472318	1	1	1	1
"MSTO1.Q9BUK6"	"MSTO1.Q9BUK6"	0.564702070497642	0.00173695544767375	0.732505498474046	0.0883147045360907	0.776697261743563	0.0701197879473322	1	1	1	1
"MT.ATP6.P00846"	"MT.ATP6.P00846"	0.765080286973419	0.336186600516181	0.347923636839793	-0.405636015008428	0.362129697801534	0.017730378316768	1	1	1	1
"MT.ATP8.P03928"	"MT.ATP8.P03928"	0.0355271085009003	0.00641192872489984	0.0433607985667595	0.246466438543846	0.236159277577537	0.817101470755173	1	1	1	1
"MT.CO1.P00395"	"MT.CO1.P00395"	0.535354841024312	0.00480810677808061	0.152694897734002	0.463906839418415	0.548967352669527	0.00285430158959991	1	1	1	1
"MT.CO2.P00403"	"MT.CO2.P00403"	0.497047106819249	0.359024959694335	0.760898159572378	0.0949094553074432	0.16576963678613	0.0337090571054449	1	1	1	1
"MT.CO3.P00414"	"MT.CO3.P00414"	0.293629767888619	0.461695896334883	0.304693721865312	0.417668547287574	0.889030399979838	0.038247539666563	1	1	1	1
"MT.CYB.P00156"	"MT.CYB.P00156"	0.988372461187617	0.804165724203565	0.497056158043238	-0.192132374746487	0.0856549910614926	0.00393534736509174	1	1	1	1
"MT.ND1.P03886"	"MT.ND1.P03886"	0.819538802281423	0.0740534230805474	0.236091854310959	-0.546848811944421	0.0297064569069836	0.491164610017659	1	1	1	1
"MT.ND2.P03891"	"MT.ND2.P03891"	0.949938745916587	0.591716107929571	0.960884646178397	-0.0212920235443039	0.565422852444289	0.0435780529022914	1	1	1	1
"MT.ND4.P03905"	"MT.ND4.P03905"	0.906217404883921	0.199070967129635	0.623881041679223	0.165390954500904	0.293213867377454	0.00136869920328463	1	1	1	1
"MT.ND5.P03915"	"MT.ND5.P03915"	0.266472997705995	0.940209963418021	0.641897579481225	-0.110546554248496	0.0756093343596945	0.000268633506639336	1	1	1	1
"MT1A.P04731"	"MT1A.P04731"	0.245898475399188	0.0503318530523379	0.020274311118498	-0.83525689016593	0.315792405243129	0.694515635027556	1	1	1	1
"MT1E.P04732"	"MT1E.P04732"	0.643065902458264	0.00302377102759769	0.0176032837435633	0.53704502454495	0.251606320552027	0.284455394005548	1	1	1	1
"MT1F.P04733"	"MT1F.P04733"	0.367887794756337	0.501725859468412	0.290375718188554	0.237680844489246	0.435610266228677	0.0337349098133321	1	1	1	1
"MT1H.P80294"	"MT1H.P80294"	0.79190264395394	0.561732321708975	0.510431885992839	-0.452772750754959	0.991500953276945	0.112259332251911	1	1	1	1
"MT1X.P80297"	"MT1X.P80297"	0.331319501287185	0.151147930987888	0.385953300897793	0.239185120084644	0.182676238564536	0.0456039052555166	1	1	1	1
"MT2A.P02795"	"MT2A.P02795"	0.0431370552249688	0.566412783191429	0.211421605676659	-0.322368728054507	0.955238447048565	0.0174010197324967	1	1	1	1
"MTA1.Q13330"	"MTA1.Q13330"	0.180510682576767	0.0458933438108108	0.447759756695594	0.197579923014693	0.606548218070597	0.000181395829555606	1	1	1	0.975728167179607
"MTA2.O94776"	"MTA2.O94776"	0.553858395971595	0.863725530147473	0.214627435703082	0.132367148909395	0.0922968528528605	0.00845256538378209	1	1	1	1
"MTA3.Q9BTC8"	"MTA3.Q9BTC8"	0.0924997549183749	0.101941587475558	0.00241440988621257	0.561553928581961	0.0964368091099195	0.728116485997116	1	1	1	1
"MTAP.Q13126"	"MTAP.Q13126"	0.186602339387137	0.0547665056119551	0.701234646345859	-0.05471996174298	0.528398411094537	0.117119906810208	1	1	1	1
"MTCH1.Q9NZJ7"	"MTCH1.Q9NZJ7"	0.382431152709241	0.778211542141059	0.98218477420629	-0.00496817802580574	0.0694366669757239	0.00229199308087333	1	1	1	1
"MTCH2.Q9Y6C9"	"MTCH2.Q9Y6C9"	0.225466328454021	0.490643059173278	0.629103855744729	-0.10348226753784	0.0792155934390979	0.00148742278964474	1	1	1	1
"MTDH.Q86UE4"	"MTDH.Q86UE4"	0.0485087116715697	0.0917723657157275	0.115881281388432	0.305037750104106	0.252339341042497	0.0112084861268594	1	1	1	1
"MTERF3.Q96E29"	"MTERF3.Q96E29"	0.0710616403255042	0.0765469242597321	0.272411234560117	-0.236764710099576	0.114796161885333	0.0260804805180621	1	1	1	1
"MTERF4.Q7Z6M4"	"MTERF4.Q7Z6M4"	0.38891718377207	0.136753817932386	0.17118484019357	-0.238258566394472	0.207934770510601	0.000243960122002399	1	1	1	1
"MTFMT.Q96DP5"	"MTFMT.Q96DP5"	0.00435514908393941	0.800027005036079	0.308239543463728	0.363476640147771	0.601626859469838	0.383719556189588	1	1	1	1
"MTFP1.Q9UDX5"	"MTFP1.Q9UDX5"	0.0273249756573622	0.412630422371443	0.0365977551421492	-0.585470343209935	0.981419026111034	0.000119628190106174	1	1	1	0.651495123318223
"MTFR1L.Q9H019"	"MTFR1L.Q9H019"	0.34456644011328	0.0070854936651773	0.454708510627448	0.213762470416804	0.0511927987780994	0.00109550673464352	1	1	1	1
"MTG1.Q9BT17"	"MTG1.Q9BT17"	0.855403672610585	0.78093467837974	0.0329090032851833	-0.636756229003534	0.450954453327623	0.000116831414901678	1	1	1	0.637198536873751
"MTG2.Q9H4K7"	"MTG2.Q9H4K7"	0.325722710295558	0.965004934603151	0.655545881757995	0.238868901846993	0.125845917069808	0.583483385259944	1	1	1	1
"MTHFD1L.Q6UB35"	"MTHFD1L.Q6UB35"	0.0172116795712159	0.000229613370596885	0.000296716331309002	-0.474348103998348	0.019441430426234	0.0048415718745193	1	1	1	1
"MTHFD1.P11586"	"MTHFD1.P11586"	0.129929793674671	0.313938392625927	0.000730055657268217	-0.452363561604853	0.0631462703983196	0.101806230125381	1	1	1	1
"MTHFD2.P13995"	"MTHFD2.P13995"	1.0029003979564e-06	3.66188530745272e-08	1.92045778106732e-11	-1.33612069690729	0.0008607801147415	0.00147327221518487	0.00571753516874943	0.000212242872419959	1	1
"MTHFSD.Q2M296"	"MTHFSD.Q2M296"	0.120015808995112	0.0210845490420274	0.177928707053612	0.398460605388945	0.674204909663601	0.649059748725914	1	1	1	1
"MTHFS.P49914"	"MTHFS.P49914"	0.928235331987318	0.421197367819106	0.932393722721259	0.0170121320941976	0.363482158447328	0.759979801129756	1	1	1	1
"MTIF2.P46199"	"MTIF2.P46199"	0.12658825578061	0.038900982961749	0.0089761751373038	-0.985985830095209	0.0719195909642322	0.159720373280491	1	1	1	1
"MTIF3.Q9H2K0"	"MTIF3.Q9H2K0"	0.551042480496656	0.675596849322848	0.469300788263127	0.221992262344796	0.15139325298685	0.283576838647709	1	1	1	1
"MTMR2.Q13614"	"MTMR2.Q13614"	0.419765899871763	0.921327165037865	0.916277514004793	0.0374755799733536	0.195798587072672	0.595451304971865	1	1	1	1
"MTMR6.Q9Y217"	"MTMR6.Q9Y217"	0.0917547579918137	0.0842636635287381	0.486718668341768	0.115635826264141	0.75632922041465	0.331390837302665	1	1	1	1
"MTMR9.Q96QG7"	"MTMR9.Q96QG7"	0.229979103275053	0.00991897699173556	0.298298770015685	0.153639797152359	0.673128646040327	0.893372170082433	1	1	1	1
"MTO1.Q9Y2Z2"	"MTO1.Q9Y2Z2"	0.0848270401504072	0.779462688173478	0.0130791869430727	-0.571498728525555	0.0277045338845682	0.00322466838289589	1	1	1	1
"MTOR.P42345"	"MTOR.P42345"	0.239169364058559	0.0561589233443418	0.528207550886264	-0.0829273926706903	0.239044483344736	0.0751065471739422	1	1	1	1
"MTPAP.Q9NVV4"	"MTPAP.Q9NVV4"	0.970665416975153	0.533325300656515	0.0254598445845599	0.379424738583391	0.815551395377177	0.0373151799838193	1	1	1	1
"MTPN.P58546"	"MTPN.P58546"	0.688685872017961	0.00644442147532948	0.143900690335571	0.218182825352906	0.0571134420462578	0.00526230377045945	1	1	1	1
"MTREX.P42285"	"MTREX.P42285"	0.00983024586984697	0.972226083459563	0.754387135476034	-0.0201252377198215	2.09630665875677e-05	2.98887540648689e-05	1	1	0.123199942335136	0.16746668902546
"MTRF1L.Q9UGC7"	"MTRF1L.Q9UGC7"	0.430519657325949	0.673243832020893	0.771104176228316	-0.107462927034083	0.631067109222608	0.0549946474764131	1	1	1	1
"MTRR.Q9UBK8"	"MTRR.Q9UBK8"	0.78153723442004	0.168268035662295	0.211382403415166	0.245183535956894	0.0191620728463583	0.088497686521323	1	1	1	1
"MTR.Q99707"	"MTR.Q99707"	0.0167893884320488	0.0412035439560684	0.00270632388906157	0.447599264659067	0.00738414170044129	0.030272016445242	1	1	1	1
"MTX1.Q13505"	"MTX1.Q13505"	0.0078728875149973	0.347462874675712	0.555127583344353	0.0513617470869246	0.546564282505488	0.00178197265781071	1	1	1	1
"MTX2.O75431"	"MTX2.O75431"	0.00364919569883388	3.64995774376411e-05	1.58593401418241e-05	-0.49226956549097	0.359050852331662	0.0397564053629968	1	0.198557701260768	1	1
"MVB12A.Q96EY5"	"MVB12A.Q96EY5"	0.180599345497477	0.244317127443682	0.27847936160029	-0.296067916675122	0.00157060030360067	0.000708389291820162	1	1	1	1
"MVD.P53602"	"MVD.P53602"	0.34906236477883	0.0917576726265501	0.0911993697580041	-0.329720634559257	0.405181862678186	0.238609411443048	1	1	1	1
"MVK.Q03426"	"MVK.Q03426"	0.766016484938541	0.641450334192884	0.000783919629147302	-0.67916804329041	0.0134183786988384	0.675931460268209	1	1	1	1
"MVP.Q14764"	"MVP.Q14764"	6.57524674210604e-09	1.28447897187242e-11	8.96012586866137e-09	0.681478506423265	0.0905465215937792	0.0138747245348913	3.8320538012994e-05	7.55658979152544e-08	1	1
"MXRA7.P84157.2"	"MXRA7.P84157.2"	0.113335287294877	0.401335495197557	0.0908607891485593	-0.601006715691942	0.241121068154297	0.266081619287113	1	1	1	1
"MYADM.Q96S97"	"MYADM.Q96S97"	0.879615351999178	0.58183908220167	0.0969285377036158	-0.856261404958298	0.0361062451048659	0.459905709523833	1	1	1	1
"MYBBP1A.Q9BQG0"	"MYBBP1A.Q9BQG0"	0.02494516819753	0.977616255851719	0.00560569338842598	0.357371455713277	0.453855830695276	0.000425524991504179	1	1	1	1
"MYCBP.Q99417"	"MYCBP.Q99417"	0.979585905337307	0.502689586489856	0.105159360561881	0.235987344834956	0.819159571672327	0.0175013945650755	1	1	1	1
"MYD88.Q99836"	"MYD88.Q99836"	0.594730808411068	0.736172376091544	0.243755912251523	0.356034472257416	0.216581095276456	0.139446305938175	1	1	1	1
"MYDGF.Q969H8"	"MYDGF.Q969H8"	0.00339601950366283	0.269374790647177	0.0584091372700593	-0.248730492953262	0.000718798329392212	0.206499702248066	1	1	1	1
"MYEF2.Q9P2K5"	"MYEF2.Q9P2K5"	2.02220209124632e-07	4.36401046982223e-07	2.26809806305293e-07	-1.16188540514998	0.0943200235039305	0.491515455792793	0.0011657995056035	0.00250319640549003	1	1
"MYG1.Q9HB07"	"MYG1.Q9HB07"	0.921891321707599	0.104764741485524	0.0455215732752454	-0.32049674605128	0.180688953412447	0.589036912826501	1	1	1	1
"MYH10.P35580"	"MYH10.P35580"	0.000379077701816015	0.261979510149011	0.000600638599736332	0.122228048444149	0.19506562163095	0.00114752650863807	1	1	1	1
"MYH11.P35749"	"MYH11.P35749"	0.524588201233352	0.727688463568872	0.118571368352321	-0.579062466338696	0.520896855656983	0.158772029861905	1	1	1	1
"MYH14.Q7Z406"	"MYH14.Q7Z406"	9.80252283945502e-07	3.29556710458957e-10	1.83061285283462e-05	0.385911668317938	0.659989220607392	0.0223196841088058	0.00558939852305725	1.93285010684178e-06	1	1
"MYH9.P35579"	"MYH9.P35579"	0.216232056755766	0.0353354130197474	0.0621937721488412	-0.167627126367307	0.181063115603769	0.753368693984278	1	1	1	1
"MYL12A.P19105"	"MYL12A.P19105"	0.103729799915234	0.711400075415357	0.385911932011684	-0.188358749369307	0.671219227891595	0.920059190842014	1	1	1	1
"MYL12B.O14950"	"MYL12B.O14950"	0.040730481783703	0.872821184307817	0.882077977417779	0.104759946527946	0.0237988764864291	0.764880900345432	1	1	1	1
"MYL1.P05976"	"MYL1.P05976"	0.259106759209107	0.945340984817332	0.949196904791269	-0.0385886449186792	0.864803622641293	0.248176355382846	1	1	1	1
"MYL6B.P14649"	"MYL6B.P14649"	0.474641432486974	0.29124211893751	0.321119044908734	-0.165155059217377	0.213161601663333	0.436590353029844	1	1	1	1
"MYL6.P60660"	"MYL6.P60660"	0.767190234419191	0.330338376927244	0.320530852332035	0.201753131251073	0.906856432849175	0.00561991705877276	1	1	1	1
"MYL9.P24844"	"MYL9.P24844"	0.0022315507119738	0.0796445376667973	0.0554228720550154	0.400397255042377	0.00926171936174164	0.259393752019517	1	1	1	1
"MYO18A.Q92614"	"MYO18A.Q92614"	0.0346365126811687	0.098642101164575	0.000705342241330577	0.371165260839744	0.410302392088681	0.193585817075813	1	1	1	1
"MYO19.Q96H55"	"MYO19.Q96H55"	0.486881919939939	0.326148963802161	0.0650220402763051	-0.417547785610893	0.204128130259524	6.71122069258002e-05	1	1	1	0.370392270023491
"MYO1B.O43795"	"MYO1B.O43795"	0.00257745421874954	0.567294312632702	0.103947383388793	0.223962179614338	0.106348232220701	0.00291102083105923	1	1	1	1
"MYO1C.O00159"	"MYO1C.O00159"	0.135849651949257	0.370575758201415	0.544153382916335	-0.0747090570286648	0.00168951911260206	0.00117414843236999	1	1	1	1
"MYO1D.O94832"	"MYO1D.O94832"	0.310245762171164	0.830262874388745	0.897289935388493	0.054142342255122	0.33514740863385	0.208185726706869	1	1	1	1
"MYO1E.Q12965"	"MYO1E.Q12965"	0.569890429921404	0.112868086096703	0.449589799084571	-0.11741380680759	0.784780168865784	0.0594561656478279	1	1	1	1
"MYO5A.Q9Y4I1"	"MYO5A.Q9Y4I1"	0.687092171084486	0.00463677009199828	0.769078632780015	0.0778245065001877	0.489407931073838	3.23887814854494e-05	1	1	1	0.181215232411089
"MYO5B.Q9ULV0"	"MYO5B.Q9ULV0"	0.57067483475201	0.95390077543941	0.325869904309527	-0.172738614123365	0.35782395925174	0.562254426753756	1	1	1	1
"MYO6.Q9UM54.6"	"MYO6.Q9UM54.6"	0.000130698770798802	0.517555333552099	0.0596049965689465	0.20432127571621	0.00194283267094213	0.522552077295859	0.69401047294164	1	1	1
"MYO7B.Q6PIF6"	"MYO7B.Q6PIF6"	4.051913564076e-05	6.11245651134303e-09	1.8161473490817e-13	2.36903451096761	0.00117550900344239	0.874191111430222	0.220302540478812	3.56539588306639e-05	1	1
"MYO9A.B2RTY4"	"MYO9A.B2RTY4"	0.483026378639343	0.0101205659773838	0.473380532579774	-0.0928640532808505	0.27797866123269	0.0901511748532474	1	1	1	1
"MYO9B.Q13459"	"MYO9B.Q13459"	0.109565611477359	0.302307354800958	0.433105404349972	0.146574969558169	0.717576157293407	0.225255056481415	1	1	1	1
"MYOF.Q9NZM1"	"MYOF.Q9NZM1"	0.000131821104142253	0.00377649827088102	3.23918390153429e-07	0.38080202326096	0.370671510461393	0.000561926326170266	0.699574599682935	1	1	1
"MZT2B.Q6NZ67"	"MZT2B.Q6NZ67"	0.83490818284369	0.567187186063513	0.537581463073207	-0.335522325744781	0.074885307075241	0.665878754960264	1	1	1	1
"N4BP2.Q86UW6"	"N4BP2.Q86UW6"	0.000153692867205516	0.000470236406668646	2.91229182837092e-05	-0.716611542233558	0.0678461464772597	0.619470003757671	0.812881574649976	1	1	1
"N6AMT1.Q9Y5N5"	"N6AMT1.Q9Y5N5"	0.174038568310255	0.277303279570553	0.052948059333209	0.36563574491045	0.28914761741906	0.0139815148703602	1	1	1	1
"NAA10.P41227"	"NAA10.P41227"	0.832884268750336	0.534616249097404	0.924156744142915	0.00687590530259721	0.110339508144354	9.46496164043318e-07	1	1	1	0.00549251723994337
"NAA11.Q9BSU3"	"NAA11.Q9BSU3"	0.257695924797899	0.611753434887497	0.400796616156411	-0.422944899416235	0.835303909681433	0.156753979932286	1	1	1	1
"NAA15.Q9BXJ9"	"NAA15.Q9BXJ9"	0.0652002791872465	0.0187903014447455	0.763645950591899	0.0327531202812761	0.458896494402982	0.745193431379026	1	1	1	1
"NAA20.P61599"	"NAA20.P61599"	0.654695468396469	0.322912960911789	0.215136640239346	0.305569307013082	0.249434759303287	0.108761991573358	1	1	1	1
"NAA25.Q14CX7"	"NAA25.Q14CX7"	3.04285526505178e-05	0.0370075846779042	0.000147486710824749	0.403509261584207	0.3449435502086	0.0390401774285505	0.16629204023508	1	1	1
"NAA30.Q147X3"	"NAA30.Q147X3"	0.847591896956851	0.105592336086011	0.27943978382676	-0.220164538473949	0.200763672739681	0.660319799733478	1	1	1	1
"NAA35.Q5VZE5"	"NAA35.Q5VZE5"	0.0491578400777229	0.584632356544067	0.196453559196077	0.167069786087778	0.53872408300111	0.0547116113828778	1	1	1	1
"NAA38.Q9BRA0"	"NAA38.Q9BRA0"	0.126954001117881	0.0114882098093301	0.517860154137494	0.152107239475438	0.681641100002144	0.71922033162659	1	1	1	1
"NAA40.Q86UY6"	"NAA40.Q86UY6"	0.730172453653243	0.57472202799952	0.717450424903609	0.109814393112127	0.960380554425783	0.884739727234406	1	1	1	1
"NAA50.Q9GZZ1"	"NAA50.Q9GZZ1"	0.0104381816171645	0.000200272929945052	0.00446345356298054	0.236901245455004	0.501619504716718	0.0389738004094803	1	1	1	1
"NAB2.Q15742"	"NAB2.Q15742"	0.463860717379373	0.0627007431475924	2.03527820244992e-05	0.992397737545674	0.000291480893006163	1.01567532334278e-06	1	1	1	0.00589193255071146
"NABP2.Q9BQ15"	"NABP2.Q9BQ15"	0.911157757037836	0.812285192962115	0.144841542721901	-0.703172561586026	0.619986560444353	0.0525269282514205	1	1	1	1
"NACA4P.Q9BZK3"	"NACA4P.Q9BZK3"	0.106388659472845	0.0364033071090939	0.61591715132462	0.240511067673462	0.855760973390974	0.160907584156236	1	1	1	1
"NACAD.O15069"	"NACAD.O15069"	0.721255260686309	0.72036996304836	0.00228769378359816	1.24256379041228	0.0647594146053603	3.52826772772573e-05	1	1	1	0.196983187238928
"NACA.E9PAV3"	"NACA.E9PAV3"	0.726670899873418	0.258704145707924	0.478491427123437	-0.197794000553549	0.0467800858435671	0.827603765992113	1	1	1	1
"NACC1.Q96RE7"	"NACC1.Q96RE7"	0.789336537234098	0.000138162666255882	0.000364640715895016	0.391970511375219	0.952657971349547	0.0544634470521574	1	0.733505595152478	1	1
"NADK2.Q4G0N4"	"NADK2.Q4G0N4"	0.174882083935077	0.62970698970318	0.000166089395519046	-1.69079728970894	0.000110641081067893	0.00295070813690024	1	1	0.647139683166106	1
"NAE1.Q13564"	"NAE1.Q13564"	0.00067012917059348	0.761697018471986	0.0712558631950376	-0.206546046780954	0.664127250327099	0.500989415641922	1	1	1	1
"NAF1.Q96HR8"	"NAF1.Q96HR8"	0.01364551033211	0.108975514496597	0.292268988408174	0.156637096980743	0.00324934935623463	0.675473262926937	1	1	1	1
"NAGA.P17050"	"NAGA.P17050"	0.201782400792741	0.0267895990775759	0.176065374634335	0.182054739343243	0.0866648718612825	2.17937313000164e-05	1	1	1	0.122785882144293
"NAGK.Q9UJ70"	"NAGK.Q9UJ70"	0.000325567844537596	0.0706501358893772	0.0055246637045717	-0.31795669318209	0.000332037530703924	0.00690252708917502	1	1	1	1
"NAGLU.P54802"	"NAGLU.P54802"	0.718153132642495	0.00500682849923111	0.060462929925455	0.569925772956769	0.581154044566884	0.00340139991458717	1	1	1	1
"NAMPT.P43490"	"NAMPT.P43490"	0.0285335757741911	5.94319414042786e-06	0.327529691864105	-0.0512431252298367	0.0121066386991811	6.62927925270907e-07	1	0.0332700106357114	1	0.00385757759715141
"NANP.Q8TBE9"	"NANP.Q8TBE9"	0.636501933696591	0.661140656197052	0.435944039153939	-0.172867172628232	0.589402839252654	0.376599296546097	1	1	1	1
"NANS.Q9NR45"	"NANS.Q9NR45"	0.153677047229987	0.0389239651718753	1.94023577872868e-06	-0.471014731573553	0.527626672868366	0.00526912180782591	1	1	1	1
"NAP1L1.P55209"	"NAP1L1.P55209"	0.00620393967712867	0.552238420125384	0.0188422866630076	0.299518782108285	0.964614995004888	0.00073381720205368	1	1	1	1
"NAP1L1.P55209.3"	"NAP1L1.P55209.3"	0.435089243211678	0.239809571096962	0.494004080927726	0.173092188606761	0.137667827034429	0.574165823981228	1	1	1	1
"NAP1L4.Q99733"	"NAP1L4.Q99733"	0.935949012411658	0.0921753742735812	0.383460794745133	-0.184456491962511	0.42785658508034	0.824226266815769	1	1	1	1
"NAPA.P54920"	"NAPA.P54920"	0.102733643531643	0.390255925044926	0.000263641937872566	-0.354898489959448	0.000849099030491374	0.0469663025187008	1	1	1	1
"NAPG.Q99747"	"NAPG.Q99747"	0.717950247694774	0.100484422941149	0.656170494232903	0.0860758049674833	0.405792545774221	0.936972242451898	1	1	1	1
"NARS1.O43776"	"NARS1.O43776"	0.105811072554958	0.91821028033279	0.25053087208824	-0.18703744372461	0.245200146919819	0.090949547973553	1	1	1	1
"NARS2.Q96I59"	"NARS2.Q96I59"	0.000240544537353739	0.000874444593080965	5.75539657146092e-05	-0.727642422310629	0.80074319223839	0.000841133953587079	1	1	1	1
"NASP.P49321"	"NASP.P49321"	0.0554265003635548	0.00117787102405851	0.327560221611802	0.12386369418242	0.815758106715361	0.285170717172474	1	1	1	1
"NAT10.Q9H0A0"	"NAT10.Q9H0A0"	0.010406267846336	0.00154198530668287	0.000146502481746308	-0.470038878184956	0.0146192165498329	1.35973307551646e-07	1	1	1	0.000796667608945092
"NAT14.Q8WUY8"	"NAT14.Q8WUY8"	0.212399342039914	0.0800718407007323	0.0143854392136639	-0.972443212696161	0.0920532737601782	0.0976917429386081	1	1	1	1
"NAXE.Q8NCW5"	"NAXE.Q8NCW5"	2.42863305613981e-05	0.000193793119350253	0.0300748634388623	0.329050650035548	0.349590510178523	0.489562481247807	0.133259095790391	1	1	1
"NBAS.A2RRP1"	"NBAS.A2RRP1"	0.00767885444766427	0.152965404707679	0.00494368472629065	-0.776297092887825	0.468203488433989	0.0048514104975109	1	1	1	1
"NBEAL2.Q6ZNJ1"	"NBEAL2.Q6ZNJ1"	0.00150763833125074	0.0582523234638375	0.00844291889675099	-0.844943424683226	0.578912924398358	0.992133566705751	1	1	1	1
"NBN.O60934"	"NBN.O60934"	0.0352695151957718	0.00079824178686612	0.00808931762076047	-0.280904094530163	0.605491285019181	0.106362792401936	1	1	1	1
"NCAM1.P13591"	"NCAM1.P13591"	0.72036792236581	0.0128317110699237	0.00229791048407276	0.517825818511446	0.122220301801429	0.0262026032208418	1	1	1	1
"NCAPD2.Q15021"	"NCAPD2.Q15021"	2.04092719694734e-10	9.87158746395463e-08	5.89824140354806e-09	0.492501894339942	0.0863926676638251	0.750564377775465	1.19782017188839e-06	0.00056998546016874	1	1
"NCAPD3.P42695"	"NCAPD3.P42695"	0.0124829230532168	0.0130278074744366	0.00419101465819709	-0.395210662005888	0.0167136293979167	0.00010691908383856	1	1	1	0.584740469513087
"NCAPG2.Q86XI2"	"NCAPG2.Q86XI2"	0.465975402810091	0.794160662581289	0.675054223556644	0.10006603007593	0.130768809350604	0.0636141401797937	1	1	1	1
"NCAPG.Q9BPX3"	"NCAPG.Q9BPX3"	1.99282988534104e-05	8.02618314996673e-11	0.014707520598432	0.173895796577603	0.0620727564275988	0.0249190673514491	0.109685356889171	4.71457998229046e-07	1	1
"NCAPH2.Q6IBW4"	"NCAPH2.Q6IBW4"	0.924804087077937	0.306512103123922	0.818569453717611	0.119995283060949	0.0395314477885945	0.207666315165826	1	1	1	1
"NCAPH.Q15003"	"NCAPH.Q15003"	0.00435190090381738	0.000145881408964193	0.000207605849100739	0.288566144891754	0.255354147229209	0.00715484665511418	1	0.773463230328152	1	1
"NCBP1.Q09161"	"NCBP1.Q09161"	0.957126184014206	0.00424191209593926	0.481863466753967	-0.0625794553031753	0.0457325768529933	2.91878572059969e-05	1	1	1	0.163627127496819
"NCBP2AS2.Q69YL0"	"NCBP2AS2.Q69YL0"	0.105692165861745	0.00684652242394237	0.123676143169122	0.364679720341089	0.0317584666048338	1.98127461774565e-05	1	1	1	0.1117042629485
"NCBP2.P52298"	"NCBP2.P52298"	0.151133583479696	0.0161227502257309	0.0795162054280783	-0.313897987276912	0.645727827579913	0.000374595328002419	1	1	1	1
"NCBP3.Q53F19"	"NCBP3.Q53F19"	0.133447823817821	0.00408968066451951	0.426536996751822	-0.349254665470826	0.87298898482178	0.0024163465427827	1	1	1	1
"NCDN.Q9UBB6"	"NCDN.Q9UBB6"	0.377166552374355	0.131122616281313	0.170757529368996	0.169730318567861	0.0410374350156694	0.0727881789541072	1	1	1	1
"NCEH1.Q6PIU2"	"NCEH1.Q6PIU2"	0.864752607107671	0.0657572278250322	0.335934811032872	0.113380718120858	6.25835283211642e-05	3.57549274045396e-06	1	1	0.366864643018665	0.0205197528374653
"NCK1.P16333"	"NCK1.P16333"	0.00243955762106877	0.612389894197946	0.928740695213272	-0.0222515258851248	0.266389399330026	0.808040811816781	1	1	1	1
"NCK2.O43639"	"NCK2.O43639"	0.931215425307989	0.24992597711983	0.597514094312402	-0.259585444445012	0.82843175460133	0.00170288741218905	1	1	1	1
"NCKAP1.Q9Y2A7"	"NCKAP1.Q9Y2A7"	5.65272065144378e-09	1.39582899629241e-05	1.9159282100645e-06	0.407976654257821	0.0774584995025655	0.286263784179123	3.29666668392201e-05	0.0772312183648591	1	1
"NCLN.Q969V3"	"NCLN.Q969V3"	0.142292166587381	0.49406129327235	4.99142409985404e-07	0.618639874360764	0.798037179039479	0.0527356260884418	1	1	1	1
"NCL.P19338"	"NCL.P19338"	0.211644965221938	0.901012277439748	0.0640759305754703	-0.488940725774887	0.0812876243104512	0.192561431302958	1	1	1	1
"NCOA2.Q15596"	"NCOA2.Q15596"	0.15934853394824	0.762927818770035	0.400654199103514	0.201849122419322	0.101017194831888	0.0462913893143212	1	1	1	1
"NCOA5.Q9HCD5"	"NCOA5.Q9HCD5"	0.186686026694257	0.0229917334716077	0.0515095845884653	0.254383398714602	0.554754590292062	0.172764761689343	1	1	1	1
"NCOA7.Q8NI08"	"NCOA7.Q8NI08"	0.284687963028348	0.0263834207207482	0.00061459682819353	-0.587913471586178	0.736407063427352	0.380337570407415	1	1	1	1
"NCOR1P1.Q9H4R4"	"NCOR1P1.Q9H4R4"	0.00142885468522052	0.708509599503409	9.31158121249849e-05	1.26750904732114	0.129225707155688	0.000613247224715965	1	1	1	1
"NCOR1.O75376"	"NCOR1.O75376"	0.902639874012675	0.204303589400151	0.501860103602134	-0.143665652627705	0.840753762014891	0.080242189247039	1	1	1	1
"NCOR2.Q9Y618"	"NCOR2.Q9Y618"	0.142594940048925	0.706210860920564	2.27704560932431e-08	0.681482207152803	0.856080478663544	0.0196204303696522	1	1	1	1
"NCS1.P62166"	"NCS1.P62166"	0.405975845167778	0.287537570293353	0.0542690507740799	0.322021694070747	0.91771764962224	0.365375271304045	1	1	1	1
"NCSTN.Q92542"	"NCSTN.Q92542"	0.529988273837183	0.354764187507992	0.324233730119212	0.398243283210951	0.751658447630979	0.603414512234644	1	1	1	1
"NDC1.Q9BTX1"	"NDC1.Q9BTX1"	0.22100151827313	0.336239955359235	0.246203556830023	-0.192635183936038	0.0597125964176907	7.87585731965824e-07	1	1	1	0.00457744827418537
"NDC80.O14777"	"NDC80.O14777"	0.000439993778586168	1.26006458171306e-06	1.33815066551556e-06	0.787032606352318	0.862367163916948	0.850706794768405	1	0.00717102753452902	1	1
"NDE1.Q9NXR1"	"NDE1.Q9NXR1"	0.00102171238268945	7.27253719242334e-08	3.91585614316297e-09	0.685496424757423	0.0083547322169381	0.315406944591404	1	0.000420643551209766	1	1
"NDFIP1.Q9BT67"	"NDFIP1.Q9BT67"	0.741070090727214	0.87470480454217	0.0147982488799599	-1.38766316486967	0.000631395476740053	0.162138373088655	1	1	1	1
"NDFIP2.Q9NV92"	"NDFIP2.Q9NV92"	0.96230973333729	3.44037601607444e-05	0.0113206960271257	-0.702056166138955	5.26922544116301e-05	8.89434402189173e-10	1	0.187466089115896	0.30904007212421	5.2494418417205e-06
"NDN.Q99608"	"NDN.Q99608"	0.000832742567172358	0.454110111278856	1.92857814167507e-10	1.28352050838198	0.222071227934145	0.702825787045775	1	1	1	1
"NDOR1.Q9UHB4"	"NDOR1.Q9UHB4"	0.00126475028985749	0.561538627005528	0.0184606258442223	0.462555352380858	0.0986560508132851	0.128513797722273	1	1	1	1
"NDRG1.Q92597"	"NDRG1.Q92597"	0.0001005908783701	6.38856534508965e-09	2.29842414199634e-12	-1.04695923510167	0.0316609838904146	8.49231094751654e-05	0.536451154347743	3.72453359618726e-05	1	0.466652486566034
"NDRG2.Q9UN36"	"NDRG2.Q9UN36"	0.000324082390381262	0.039817713750979	0.00281787849354563	-0.449526692723711	0.0197465565243179	0.00838596351177845	1	1	1	1
"NDRG3.Q9UGV2"	"NDRG3.Q9UGV2"	0.0550019429986786	0.0948479035751549	0.308926756032222	-0.150776272281486	0.365966042631245	0.328040344121761	1	1	1	1
"NDST1.P52848"	"NDST1.P52848"	0.00378547811735489	0.015528874173521	0.00199257083399801	1.02644019190844	0.632199571814103	0.608253140838809	1	1	1	1
"NDUFA10.O95299"	"NDUFA10.O95299"	0.77479422777743	0.0523581821377179	0.108534664181862	-0.234059449962139	0.189916044977129	0.000440933211982915	1	1	1	1
"NDUFA11.Q86Y39"	"NDUFA11.Q86Y39"	0.859542989615348	0.878390628148092	0.510675983521993	-0.164483751495446	0.284884364645865	0.149988387830076	1	1	1	1
"NDUFA12.Q9UI09"	"NDUFA12.Q9UI09"	0.171406442100496	0.280005688556007	0.301935661399326	0.211712101984509	0.99693410512746	0.276434564929992	1	1	1	1
"NDUFA13.Q9P0J0"	"NDUFA13.Q9P0J0"	0.0935466868045275	0.207395332720396	0.800323590880907	-0.0673708973268883	0.161061924893942	0.000822533805280551	1	1	1	1
"NDUFA1.O15239"	"NDUFA1.O15239"	0.876357066601756	0.470479540560855	0.0284932685206797	0.453401838203538	0.915231517876155	0.779303197882207	1	1	1	1
"NDUFA2.O43678"	"NDUFA2.O43678"	0.568114994747421	0.115746936972903	0.742965901746375	-0.190539957123361	0.625155394437061	0.021801578344097	1	1	1	1
"NDUFA3.O95167"	"NDUFA3.O95167"	0.116709384703018	0.00854479064692002	0.101017531215899	-0.417850430441481	0.988496532055064	0.502783163624362	1	1	1	1
"NDUFA4.O00483"	"NDUFA4.O00483"	0.954378403782354	0.646302799212647	0.843981407704133	-0.0656140519767965	0.117753528126207	0.186975327985065	1	1	1	1
"NDUFA5.Q16718"	"NDUFA5.Q16718"	0.512412807369568	0.140505153927265	0.0519216925409129	0.205180754928642	0.372282359151218	0.767545577658305	1	1	1	1
"NDUFA6.P56556"	"NDUFA6.P56556"	0.00013606930639904	0.000665063188612693	0.108549788102578	-0.234958780113164	0.198335999602902	0.141640404272032	0.721439462527711	1	1	1
"NDUFA7.O95182"	"NDUFA7.O95182"	0.488628545642817	0.970596646597741	0.689503053788678	0.0627674767108547	0.263379854325078	0.142059103808134	1	1	1	1
"NDUFA8.P51970"	"NDUFA8.P51970"	0.742972727308667	0.518313346184055	0.729271325820044	0.0641467293040362	0.0202542898404305	0.455162210834112	1	1	1	1
"NDUFA9.Q16795"	"NDUFA9.Q16795"	0.0391743283638527	0.634966051143018	0.954647316382003	-0.0115952250837752	0.021770306502251	0.000243011307229963	1	1	1	1
"NDUFAB1.O14561"	"NDUFAB1.O14561"	0.631893828403943	0.0569181837651166	0.839314423527555	0.0192508942642951	0.0889715772928554	0.343342512563656	1	1	1	1
"NDUFAF1.Q9Y375"	"NDUFAF1.Q9Y375"	0.901178209569811	0.0352997146795367	0.673661270624321	0.190434320376784	0.761236603254483	0.028852228941872	1	1	1	1
"NDUFAF2.Q8N183"	"NDUFAF2.Q8N183"	0.687272215071722	0.133896304890968	0.12848472843653	-0.305838573270228	0.0534144724053006	0.401613918647627	1	1	1	1
"NDUFAF3.Q9BU61"	"NDUFAF3.Q9BU61"	0.00452301678985841	0.621784181774826	0.00552065448718136	-0.427058680127566	0.188423100741982	0.000148479355401723	1	1	1	0.803867230144929
"NDUFAF4.Q9P032"	"NDUFAF4.Q9P032"	0.534333587944958	0.620451644320485	0.429809693103882	-0.136476694782921	0.498144371305573	0.553098711393776	1	1	1	1
"NDUFAF6.Q330K2"	"NDUFAF6.Q330K2"	0.860073534713154	0.790018769591209	0.312071598652614	0.285960097628058	0.0408089549693114	0.0903495144305981	1	1	1	1
"NDUFAF7.Q7L592"	"NDUFAF7.Q7L592"	0.399377796354669	0.00332914347818066	0.0699107503539264	-0.655938662269867	0.377357177001101	0.259593385991287	1	1	1	1
"NDUFB10.O96000"	"NDUFB10.O96000"	0.117620908589481	0.0100972743425715	0.166170898611607	-0.185715540680428	0.240569065995791	0.134209980840463	1	1	1	1
"NDUFB11.Q9NX14"	"NDUFB11.Q9NX14"	0.685435391205229	0.182645220601938	0.846124225499384	0.0473629784568458	0.29181125668158	0.366167070459517	1	1	1	1
"NDUFB1.O75438"	"NDUFB1.O75438"	0.80734192267144	0.444560018483613	0.0400515575591898	0.704109772697975	0.58145871963957	0.275815675790341	1	1	1	1
"NDUFB3.O43676"	"NDUFB3.O43676"	0.250930019737002	0.98056069676129	0.419799003442774	-0.626184197941768	0.413189630570073	0.0953789513836445	1	1	1	1
"NDUFB5.O43674"	"NDUFB5.O43674"	0.299845624851587	0.907271070577626	0.371660135899323	-0.227844176182524	0.551972997223233	0.00280015541733612	1	1	1	1
"NDUFB6.O95139"	"NDUFB6.O95139"	0.000976637989565357	0.152730353164185	0.196913487157306	-0.272628091076923	0.318592955600971	0.766613925494311	1	1	1	1
"NDUFB7.P17568"	"NDUFB7.P17568"	0.0893453986396155	0.750080101206041	0.278950715290303	0.244659217967975	0.996709101352069	0.98416290229998	1	1	1	1
"NDUFB8.O95169"	"NDUFB8.O95169"	0.0528012655619669	0.0425000362802862	0.0528404875008611	0.34867044620557	0.0552536073524418	0.750778553761654	1	1	1	1
"NDUFB9.Q9Y6M9"	"NDUFB9.Q9Y6M9"	0.000230738652250621	7.94376710711655e-05	0.0172139318554448	-0.271368378570224	0.4038650245667	0.085853064130486	1	0.426103667625732	1	1
"NDUFC1.O43677"	"NDUFC1.O43677"	0.000155838250968859	3.07966246855609e-05	0.321030451848897	-0.1745373684167	0.0799838350650759	0.126872515723456	0.823605156370419	0.168180367407848	1	1
"NDUFC2.O95298"	"NDUFC2.O95298"	0.330170015580534	0.320710036251421	0.866384188059661	-0.0313944603803556	0.81228332169203	0.00815270940802586	1	1	1	1
"NDUFS1.P28331"	"NDUFS1.P28331"	0.0693308233110478	0.116241018630726	0.126656894097767	-0.232425067494895	0.0717765723296797	0.040413514373933	1	1	1	1
"NDUFS2.O75306"	"NDUFS2.O75306"	0.0567758941768156	0.0289655179785017	0.00822243775981864	-0.38653716529377	0.014844015175361	0.00758035892004999	1	1	1	1
"NDUFS3.O75489"	"NDUFS3.O75489"	7.5257755110001e-05	0.619696159030605	0.0186145727992123	-0.2366625391616	0.522651919043152	6.49261850233358e-05	0.404209402695815	1	1	0.35871717225393
"NDUFS4.O43181"	"NDUFS4.O43181"	0.0082941170915541	0.020624074258033	0.703338581996244	0.0814654797470654	0.0126178199314124	0.46153745307928	1	1	1	1
"NDUFS5.O43920"	"NDUFS5.O43920"	0.272336942916149	0.777728605643706	0.352487137383983	-0.236573298896194	0.288023577683798	0.0418887904649224	1	1	1	1
"NDUFS6.O75380"	"NDUFS6.O75380"	0.088355273117235	0.152208013530546	0.49621037159067	0.0950038956566488	0.405712283417538	0.812653032905039	1	1	1	1
"NDUFS7.O75251"	"NDUFS7.O75251"	0.791939643897992	0.379876891550282	0.930809200128617	0.0233218501080668	0.159993009175721	0.00110194164389433	1	1	1	1
"NDUFS8.O00217"	"NDUFS8.O00217"	0.454234940793736	0.573391846916734	0.579134043998808	-0.193696567224517	0.0578279557984187	0.310694500936824	1	1	1	1
"NDUFV1.P49821"	"NDUFV1.P49821"	0.0977711146424797	0.14480809389712	0.0394628299897794	-0.339731263568298	0.0623510697391272	0.0643152254602839	1	1	1	1
"NDUFV2.P19404"	"NDUFV2.P19404"	0.333360235375253	0.391837608396779	0.95513328674261	0.015639614961695	0.407494174229978	0.0837974227876277	1	1	1	1
"NDUFV3.P56181"	"NDUFV3.P56181"	0.456010188402265	0.174970896271605	0.858169788221654	-0.0419193644576118	0.14976679546858	0.00230533230545552	1	1	1	1
"NDUFV3.P56181.2"	"NDUFV3.P56181.2"	0.00313377695638973	0.663786171622321	0.629278834734844	-0.0868295472049886	0.0135315033048458	0.13100665623642	1	1	1	1
"NECAP1.Q8NC96"	"NECAP1.Q8NC96"	0.000793946700959939	0.564916509843898	0.0568581496760224	-0.35089721420936	0.496588449825551	0.0331217517290737	1	1	1	1
"NECAP2.Q9NVZ3"	"NECAP2.Q9NVZ3"	0.950507193138708	0.0376429244595361	0.198043326281892	0.213479483704024	0.143424893194533	0.359177846642312	1	1	1	1
"NECTIN2.Q92692"	"NECTIN2.Q92692"	0.850809869668388	0.935570544397993	0.748638577918245	-0.0654162270501396	0.851173342202327	0.961776083720417	1	1	1	1
"NECTIN2.Q92692.2"	"NECTIN2.Q92692.2"	0.758439012753058	0.00674055343233058	0.219701127273991	0.22214540623777	0.574539867277815	0.000455146374659474	1	1	1	1
"NECTIN3.Q9NQS3.3"	"NECTIN3.Q9NQS3.3"	0.0740827830191776	0.839333097059433	0.00665390187880467	1.40078096720204	0.0382182894282825	0.479582541608406	1	1	1	1
"NEDD1.Q8NHV4"	"NEDD1.Q8NHV4"	0.0338296149543728	0.289274683003707	0.0382344096984911	0.628547618365867	0.11312101003552	0.0266676213599164	1	1	1	1
"NEDD4L.Q96PU5"	"NEDD4L.Q96PU5"	0.583909422808347	0.302783151777966	0.961337743327684	-0.00579484904869212	0.77308698579918	0.0262120966931104	1	1	1	1
"NEDD4.P46934"	"NEDD4.P46934"	0.21371590890782	0.108567493950453	0.184078166517261	0.157575444136661	0.433864598629322	0.225152596638771	1	1	1	1
"NEDD8.Q15843"	"NEDD8.Q15843"	0.647461926714343	0.00437419522207876	0.430669896487988	0.338078694677567	0.715159535180746	0.148118081004845	1	1	1	1
"NEFL.P07196"	"NEFL.P07196"	0.100131401351478	0.718550634501866	0.228145358584853	-0.333354431165366	0.280729530451994	0.509062482184554	1	1	1	1
"NEGR1.Q7Z3B1"	"NEGR1.Q7Z3B1"	2.20296136067498e-06	3.56795308398314e-05	0.00304707392575567	-1.02128552354441	0.00100624799006266	0.26177065369178	0.0124775731468631	0.194275045422882	1	1
"NEIL2.Q969S2"	"NEIL2.Q969S2"	0.000236917400015884	0.000702342495904716	5.01874021985678e-05	0.839620725319076	0.597045907288832	0.473532661114197	1	1	1	1
"NEK3.P51956"	"NEK3.P51956"	0.407499863874239	0.0460400226088937	0.919934844479897	0.02670132377398	0.704016891814656	0.699409661128952	1	1	1	1
"NEK7.Q8TDX7"	"NEK7.Q8TDX7"	0.00251124355847029	0.0612306566110203	3.71834348677231e-05	0.73658204371481	0.446543526847382	0.00110103918905541	1	1	1	1
"NEK9.Q8TD19"	"NEK9.Q8TD19"	0.192869474730065	0.407899052738205	0.953790073744856	-0.00890103129667886	0.110627403152331	0.157288388842204	1	1	1	1
"NELFA.Q9H3P2"	"NELFA.Q9H3P2"	0.752919934696636	0.159122816976065	0.136193621199204	0.19504001599064	0.720576308412841	0.459056151280667	1	1	1	1
"NELFB.Q8WX92.2"	"NELFB.Q8WX92.2"	0.941579726219139	0.0144719480722686	0.819091720304541	0.0262716654493992	0.741181750658017	0.918665280797194	1	1	1	1
"NELFCD.Q8IXH7"	"NELFCD.Q8IXH7"	0.451454290018313	0.0528922240794571	0.740995499693496	-0.0420237868819486	0.250115346160291	0.548613513847654	1	1	1	1
"NELFE.P18615"	"NELFE.P18615"	0.985001522332923	0.127300684037248	0.00948507363643602	-0.398008993010506	0.000588737599158059	0.439796715386032	1	1	1	1
"NEMF.O60524"	"NEMF.O60524"	0.177286716605806	0.00152248995486218	0.439774107734149	0.121365253784551	0.498855164007383	0.012174287872469	1	1	1	1
"NENF.Q9UMX5"	"NENF.Q9UMX5"	0.088733937272447	0.0980961178214717	0.00203978102896392	0.427774387766105	0.000188770226672758	0.241140413536066	1	1	1	1
"NEO1.Q92859"	"NEO1.Q92859"	0.0696209454470173	0.000453771823730032	0.753839995862316	-0.110105280688791	0.0648208495143797	8.12037236006268e-05	1	1	1	0.446539276079847
"NEPRO.Q6NW34"	"NEPRO.Q6NW34"	0.0607606746508332	0.191861858558318	0.136668718850074	-0.253841382941655	0.43957473442565	0.00218365120642987	1	1	1	1
"NES.P48681"	"NES.P48681"	0.824659800712666	0.962151038118427	0.773546077056803	0.0639147493271257	0.246683524555585	0.413561645043362	1	1	1	1
"NEU1.Q99519"	"NEU1.Q99519"	0.600746503436351	0.000757660826855365	4.65030715110019e-09	0.995216448657823	0.833050993400681	0.00195060594308107	1	1	1	1
"NEXN.Q0ZGT2"	"NEXN.Q0ZGT2"	2.66954424946765e-06	0.191721381655498	0.00154862376966996	-0.822950018970556	0.78915548092317	0.000991072370310946	0.0151016118192385	1	1	1
"NF1.P21359"	"NF1.P21359"	0.738401499124654	0.535385718054415	0.330970786247804	-0.168683543779566	0.482139149675533	0.811961348283326	1	1	1	1
"NF2.P35240"	"NF2.P35240"	0.261900902999963	0.0353658139813841	0.0285421555637798	0.343618787919844	0.238044277661174	0.204772888930409	1	1	1	1
"NFASC.O94856"	"NFASC.O94856"	4.02300063192995e-05	0.0293290833629702	0.0524158990777165	-0.316112697679699	0.649127720268875	0.00016494366719538	0.21881100437067	1	1	0.890365915520662
"NFAT5.O94916"	"NFAT5.O94916"	0.0908979288880661	0.93321643988679	0.419642260088839	0.107669576547096	0.192218463533614	0.939790621663587	1	1	1	1
"NFATC2IP.Q8NCF5"	"NFATC2IP.Q8NCF5"	0.298220031109929	0.00216312769943596	0.0971008372828037	0.20221838385358	0.970123431900518	0.956109392684422	1	1	1	1
"NFIB.O00712"	"NFIB.O00712"	0.0447912761049126	0.657277313735823	0.944424341514934	0.0219594190941162	0.164302912644087	0.386138940893601	1	1	1	1
"NFIC.P08651"	"NFIC.P08651"	0.783162924978361	0.00202339300891358	0.601777550281251	0.0493620317158698	0.721325321958367	0.225047554543108	1	1	1	1
"NFIC.P08651.2"	"NFIC.P08651.2"	0.737181887007774	0.199044920027514	0.675000532938175	0.120303020001408	0.58058432146876	0.525793993884613	1	1	1	1
"NFKB1.P19838"	"NFKB1.P19838"	0.00136631304710479	0.00108460094226066	0.0053004793001693	-0.3342146431909	0.000500905459072873	5.99443083819453e-05	1	1	1	0.331671858277303
"NFKB2.Q00653.4"	"NFKB2.Q00653.4"	7.16530569485593e-05	8.80234648160811e-06	6.80240071338343e-08	-0.704153754481718	0.2444684447473	0.0123511853064882	0.385206834155455	0.0490730816349652	1	1
"NFKBIB.Q15653"	"NFKBIB.Q15653"	0.0838810362915557	0.000493344918854654	0.0634083498859477	-0.129123070535557	0.327107010641743	0.000344585293668167	1	1	1	1
"NFKBIE.O00221"	"NFKBIE.O00221"	0.0534132262744501	0.660731926185446	0.0658373945618464	-0.296632949693861	0.245959822571038	0.0925321667228849	1	1	1	1
"NFRKB.Q6P4R8"	"NFRKB.Q6P4R8"	5.71855143034459e-06	0.000259546512623403	0.000298905422885283	-0.693907998042133	0.742074116994675	0.400136663267123	0.0319609839441959	1	1	1
"NFS1.Q9Y697"	"NFS1.Q9Y697"	8.53486897301517e-05	0.101356425699889	0.000246144395754756	-0.331884227154355	0.678674959836817	1.138372077586e-06	0.456956884815232	1	1	0.00659800456168848
"NFU1.Q9UMS0"	"NFU1.Q9UMS0"	0.00951950665757019	0.113760247603629	0.000785440241674673	-0.665067022595379	0.00137990098392234	0.00839845981616353	1	1	1	1
"NFXL1.Q6ZNB6"	"NFXL1.Q6ZNB6"	0.00443897225744914	0.00167267540001607	1.12190105640093e-10	-0.866246652249045	0.00998418449839759	3.24440888848848e-05	1	1	1	0.181492233222046
"NFYA.P23511"	"NFYA.P23511"	0.755887341996585	0.0704097298121344	0.0186707838067855	0.546545522413378	0.0019337384469988	0.324670702601335	1	1	1	1
"NFYB.P25208"	"NFYB.P25208"	0.0423179891564011	0.138038857380475	0.0873398532702758	-0.525365991851074	0.916868177119869	0.0530863546792966	1	1	1	1
"NFYC.Q13952"	"NFYC.Q13952"	0.991436665807553	0.96956891676621	0.653269451923635	-0.115121214523645	0.348165666986305	0.374140032881756	1	1	1	1
"NGDN.Q8NEJ9"	"NGDN.Q8NEJ9"	0.527818058867396	0.0101310422947903	0.589770186221946	0.0602536897722764	0.00597182535878793	0.000467592823479755	1	1	1	1
"NGRN.Q9NPE2"	"NGRN.Q9NPE2"	4.35892294316354e-05	0.286067492384141	0.934237518813399	-0.0202420526158944	0.000161418540191851	0.985421134522198	0.236733105043212	1	0.941715763479257	1
"NHEJ1.Q9H9Q4"	"NHEJ1.Q9H9Q4"	0.294766310083716	0.412723815442655	0.570012720886793	-0.114072678121396	0.515919099413323	0.561310484552894	1	1	1	1
"NHLRC2.Q8NBF2"	"NHLRC2.Q8NBF2"	0.00453364820782669	0.00576382280344595	0.982578491636032	-0.00203041749865309	0.317821099102686	0.0179933017579178	1	1	1	1
"NHP2.Q9NX24"	"NHP2.Q9NX24"	0.29460455693811	0.0193113748104221	0.386688080660282	-0.275149052104072	0.630039994621936	0.0534966972227082	1	1	1	1
"NIBAN2.Q96TA1"	"NIBAN2.Q96TA1"	0.0527923462072585	0.451867129078816	0.156629381483451	0.13143183292991	0.0497440824301672	0.000409610941902816	1	1	1	1
"NIF3L1.Q9GZT8"	"NIF3L1.Q9GZT8"	0.0612960982308337	0.339139779675844	0.338799335154914	0.110720645904891	0.993215008044898	0.000787450767690133	1	1	1	1
"NIFK.Q9BYG3"	"NIFK.Q9BYG3"	0.0217694046582167	0.00730714436632078	0.0149089505595862	-0.292162675328788	0.102516553952147	6.35855098644275e-05	1	1	1	0.35156428404042
"NIP7.Q9Y221"	"NIP7.Q9Y221"	0.418834884212209	0.129555194603741	0.627534066648241	0.0433913412299833	0.334212729985277	0.0427654543576366	1	1	1	1
"NIPA1.Q7RTP0"	"NIPA1.Q7RTP0"	0.247815197027195	0.250548000781732	0.503341391219807	-0.178315356784301	0.420984714940463	0.0203645480726248	1	1	1	1
"NIPBL.Q6KC79"	"NIPBL.Q6KC79"	0.535777771651664	0.115639772771075	0.386511131611636	-0.119702011525698	0.144321464789521	0.00067059950206526	1	1	1	1
"NIPSNAP1.Q9BPW8"	"NIPSNAP1.Q9BPW8"	4.40029606966405e-05	3.03956838117591e-06	2.84887516993218e-05	-0.651268043145629	0.339037805842734	0.0558822057610217	0.238848070661364	0.0171826800587874	1	1
"NIPSNAP2.O75323"	"NIPSNAP2.O75323"	0.040040841281956	0.609214133460679	0.0491225818789729	0.192662679089052	0.671973956663354	0.00495606531526289	1	1	1	1
"NIPSNAP3A.Q9UFN0"	"NIPSNAP3A.Q9UFN0"	0.000213541384489638	0.183563463858369	0.0681867718748598	0.314170142290572	0.176960329193525	0.00152895258113678	1	1	1	1
"NISCH.Q9Y2I1"	"NISCH.Q9Y2I1"	0.0807519714874238	0.668507404344186	0.113874298327096	-0.787063751850951	0.469581232616256	0.544710136741495	1	1	1	1
"NIT1.Q86X76"	"NIT1.Q86X76"	0.00234289024886952	0.943084579356763	4.53678122178358e-08	-0.775670888038886	0.0979406837849709	0.0115242966412387	1	1	1	1
"NIT2.Q9NQR4"	"NIT2.Q9NQR4"	0.31305070361009	0.0395606621043125	0.43276907725818	-0.131458384460786	0.160544030846508	0.391965023538543	1	1	1	1
"NKAPD1.Q6ZUT1"	"NKAPD1.Q6ZUT1"	0.795946088836488	0.220102744400725	0.17823509971999	0.38411650841281	0.19681733809616	0.510475686213799	1	1	1	1
"NKRF.O15226"	"NKRF.O15226"	0.00483261370466186	0.00322209742790401	0.0248732771859645	-0.282642980038899	0.833735600882397	0.00349424434324272	1	1	1	1
"NKTR.P30414"	"NKTR.P30414"	0.328786987475248	0.343012471544512	0.787339001594028	0.11194288606587	0.328008990226151	0.0427431508270159	1	1	1	1
"NLE1.Q9NVX2"	"NLE1.Q9NVX2"	0.829268113097869	0.108924531829127	0.113627871576991	0.215770246319686	0.0240039616465505	0.775008393766377	1	1	1	1
"NLN.Q9BYT8"	"NLN.Q9BYT8"	0.00991594455863969	0.0302171161936455	0.403394105559032	0.0923711517771269	0.0582915021268467	0.730832955895225	1	1	1	1
"NLRC3.Q7RTR2"	"NLRC3.Q7RTR2"	0.0860034580542368	0.0613852792104982	0.145120170442238	0.608004996811435	0.431840251690687	0.947284349072109	1	1	1	1
"NMD3.Q96D46"	"NMD3.Q96D46"	0.146467084712502	0.171812558384396	0.00595813961314352	0.184125289804989	6.04206580625989e-06	1.11552109128646e-05	1	1	0.0355998517304833	0.0633839084068965
"NME1.P15531"	"NME1.P15531"	0.47192122349804	0.00052739701660161	0.12201362612991	0.174297982868838	0.231140442523255	0.504697185626847	1	1	1	1
"NME2.P22392.2"	"NME2.P22392.2"	0.279635543830559	0.0636668339941142	0.416552013784599	0.174220136048876	0.415276215604138	0.447036527193977	1	1	1	1
"NME3.Q13232"	"NME3.Q13232"	0.828283699640983	8.28431253698726e-05	0.00324762821679221	-0.459089509105426	0.00333094573687464	0.152061605728451	1	0.444039151982517	1	1
"NME4.O00746"	"NME4.O00746"	0.959247827740296	0.0197839641415514	0.0277387578965578	0.406470943574404	0.465581541980237	0.791041280886057	1	1	1	1
"NME6.O75414"	"NME6.O75414"	0.118287179953912	0.727495580697704	0.921031657357576	-0.0315598240147734	0.763883413998273	0.689159315398733	1	1	1	1
"NME7.Q9Y5B8"	"NME7.Q9Y5B8"	0.612354609123902	0.687599603726546	0.252054195975466	0.118348548164646	0.63985203550706	0.00171520155953682	1	1	1	1
"NMT1.P30419"	"NMT1.P30419"	4.99776230304023e-05	4.37744134628893e-08	0.00361183091879165	0.310896601072429	0.549416169940675	0.00183626530178672	0.270628828709629	0.000253541402777055	1	1
"NMT2.O60551"	"NMT2.O60551"	0.000824854862959713	3.7494725801835e-06	0.000985157542841969	0.514026916561661	0.0857527921128174	0.182783087369325	1	0.021128277989334	1	1
"NNMT.P40261"	"NNMT.P40261"	2.12861735729064e-05	8.97261384670513e-06	7.37702768726324e-05	0.422608083002548	0.548284077155412	6.80605584423089e-07	0.117073954650985	0.0500133495815344	1	0.00395908268458911
"NNT.Q13423"	"NNT.Q13423"	0.537839303022168	0.678213299130156	0.588679188866204	-0.0945512628089405	0.0914885763589216	0.00065000054787698	1	1	1	1
"NOA1.Q8NC60"	"NOA1.Q8NC60"	0.286654510051535	0.0794014417899502	0.0959555580751222	-0.313163923968068	0.0445009675573173	0.00170830626924387	1	1	1	1
"NOB1.Q9ULX3"	"NOB1.Q9ULX3"	0.485625284942671	0.938628049246239	0.486178909212147	-0.0635165354757301	0.421971253772831	0.726707031641751	1	1	1	1
"NOC2L.Q9Y3T9"	"NOC2L.Q9Y3T9"	3.28759720817462e-09	5.88045471670309e-09	5.42820769062765e-10	-0.777332857871012	0.00650394192359572	5.77002571601917e-07	1.91864173069071e-05	3.43065728172458e-05	1	0.00336103997958116
"NOC3L.Q8WTT2"	"NOC3L.Q8WTT2"	0.000573148976951748	2.26872894169452e-06	4.22814116022277e-05	-0.530214616557983	0.110325065813847	0.000213816244621115	1	0.0128455432678744	1	1
"NOC4L.Q9BVI4"	"NOC4L.Q9BVI4"	0.99539943636466	0.525080622644293	0.640218735139209	-0.0465275733611551	0.283042445985221	2.07020732925202e-05	1	1	1	0.116676885076644
"NOCT.Q9UK39"	"NOCT.Q9UK39"	0.351364810327071	0.000749959265585361	0.378422700849643	-0.209834375959702	0.346914106450922	0.000979551534707705	1	1	1	1
"NOL10.Q9BSC4"	"NOL10.Q9BSC4"	0.609238406499545	0.732752801123405	0.277451774155741	0.174948568766626	0.858592695787738	0.0175334981810714	1	1	1	1
"NOL11.Q9H8H0"	"NOL11.Q9H8H0"	0.0810826138068933	0.0468314932054703	0.0219014929834823	-0.343975282554096	0.0803908358346418	0.0434910617103875	1	1	1	1
"NOL12.Q9UGY1"	"NOL12.Q9UGY1"	0.428010129298394	0.715373152677432	0.456062657468185	0.224808133440496	0.517922214937708	0.610690334955082	1	1	1	1
"NOL4L.Q96MY1"	"NOL4L.Q96MY1"	0.528964124139894	0.138046209396979	0.618018891307299	0.202457980212906	0.795461986711417	0.0968244371586572	1	1	1	1
"NOL6.Q9H6R4"	"NOL6.Q9H6R4"	6.16911947971635e-05	0.00248076672047637	0.01098754733422	-0.289478282610388	0.532597143517769	0.000809511209882591	0.332577231151509	1	1	1
"NOL7.Q9UMY1"	"NOL7.Q9UMY1"	0.383913717729341	0.318915754965162	0.128531387928545	-0.698210249420761	0.459032262227632	0.00470100742826973	1	1	1	1
"NOL8.Q76FK4"	"NOL8.Q76FK4"	0.128798649366553	0.60097761913385	0.474793905947197	-0.107777629870667	0.805976183254663	0.249618351819207	1	1	1	1
"NOL9.Q5SY16"	"NOL9.Q5SY16"	0.788801147173341	0.198818709497035	0.0711591359592124	-0.176021396355148	0.0002107348432741	0.000423960233774864	1	1	1	1
"NOLC1.Q14978"	"NOLC1.Q14978"	0.000177890979148004	0.0482462189122002	3.93635078065294e-06	-0.721332122351715	0.000116578115785158	0.00138910266850222	0.937485460109983	1	0.681515664880037	1
"NOLC1.Q14978.3"	"NOLC1.Q14978.3"	0.29810419936145	0.853555133519229	0.181375002064221	-0.60544326595672	0.057391326021156	0.273940799224509	1	1	1	1
"NOM1.Q5C9Z4"	"NOM1.Q5C9Z4"	0.284688618539904	0.649128419994661	0.503840111533007	0.207612119968092	0.641229130880524	0.0176749491550375	1	1	1	1
"NOMO1.Q15155"	"NOMO1.Q15155"	0.475123174523511	0.076443782488418	0.000468654381342915	0.292258323499365	0.0159653940998012	2.30847767875929e-05	1	1	1	0.129874954206998
"NOMO3.P69849"	"NOMO3.P69849"	0.232515479118684	1.55249576386973e-05	0.00195579064239941	0.614550732126838	0.032349634004304	9.84950759703977e-07	1	0.0856511912926932	1	0.00571468430780247
"NONO.Q15233"	"NONO.Q15233"	0.0972566306000783	0.0043738061393707	0.530559061862338	-0.0437795244744291	0.342485351048521	0.431695000790764	1	1	1	1
"NOP10.Q9NPE3"	"NOP10.Q9NPE3"	0.00908611139406763	0.908138296737166	0.807074129668656	-0.0349904785915747	0.569219824578474	0.616352685883427	1	1	1	1
"NOP14.P78316"	"NOP14.P78316"	0.913617051279034	0.904776639163833	0.469743132459781	0.0568885529234101	0.181075071468027	3.32354408477748e-06	1	1	1	0.0190970843111314
"NOP16.Q9Y3C1"	"NOP16.Q9Y3C1"	8.29559932656069e-06	0.00206303962239121	0.0395366570404096	-0.213120977912394	0.123403886576223	0.168756028279894	0.0461152366563509	1	1	1
"NOP2.P46087"	"NOP2.P46087"	0.0978556693232208	0.0993829179506755	0.558262567766519	0.120290325742681	0.0568139865440266	0.000241689687975794	1	1	1	1
"NOP53.Q9NZM5"	"NOP53.Q9NZM5"	0.0969583549188884	0.208003975879736	0.000108027428644223	0.656958856307352	0.046994446682576	0.238858718769504	1	1	1	1
"NOP56.O00567"	"NOP56.O00567"	0.0546268894064973	0.375120058836167	0.825370458905044	0.0284034571605174	0.0621306225372192	0.000153681309086125	1	1	1	0.83080115691959
"NOP58.Q9Y2X3"	"NOP58.Q9Y2X3"	0.457329384604798	0.0292782220476212	0.0243963213112029	-0.221994963140281	0.00586375686140843	5.74354648866824e-05	1	1	1	0.317905298147787
"NOP9.Q86U38"	"NOP9.Q86U38"	0.171059165300254	0.0914242185397339	0.475251549578619	-0.141493153547104	0.179532551707506	0.00422081550553946	1	1	1	1
"NOPCHAP1.Q8N5I9"	"NOPCHAP1.Q8N5I9"	0.00762001520912881	0.174043503353864	6.04604267046842e-07	1.3726268755718	0.816932209649021	3.90033722058634e-07	1	1	1	0.00227779693682243
"NOSIP.Q9Y314"	"NOSIP.Q9Y314"	6.83819535785656e-05	1.0428184557426e-07	1.28776494820596e-10	0.862553662751557	0.0372462712333542	0.00255736073094824	0.367894910252683	0.000602019094500205	1	1
"NOTCH2.Q04721"	"NOTCH2.Q04721"	4.73108338750432e-06	0.061229369773352	0.0113139533200491	-0.300996810868604	0.846834207034453	0.171631980682319	0.0265319156371242	1	1	1
"NOVA2.Q9UNW9"	"NOVA2.Q9UNW9"	0.564968444649539	0.0129772638270629	0.0321839511647858	0.490545775503684	0.0386075033841416	0.258470711442005	1	1	1	1
"NPC1.O15118"	"NPC1.O15118"	0.0123246232051032	0.939143051732065	0.0256215661109124	0.490065118775162	0.0110357001884452	0.639976007862022	1	1	1	1
"NPC2.P61916"	"NPC2.P61916"	4.125025688608e-05	0.0051598287071958	0.0133722697533529	-0.658247000346458	0.501297188405752	0.306609481249611	0.224153895918959	1	1	1
"NPEPPS.P55786"	"NPEPPS.P55786"	0.0172832756109839	0.0134316403451193	0.858681117250311	0.021862060531201	0.0308829023376923	0.689092591166484	1	1	1	1
"NPLOC4.Q8TAT6"	"NPLOC4.Q8TAT6"	0.112312689280842	0.835324223220058	0.118913393974085	-0.16453989306461	0.972361824072996	0.13295084623406	1	1	1	1
"NPM1.P06748"	"NPM1.P06748"	0.124909434377039	0.501279061942624	0.149164998428965	-0.29606840130697	0.355542775612243	0.488240613872581	1	1	1	1
"NPM3.O75607"	"NPM3.O75607"	0.000621758253732886	0.000163795247627177	0.000437224943683384	-0.470965348327566	0.6175707770866	0.860227920198349	1	0.865985474204882	1	1
"NPR2.P20594"	"NPR2.P20594"	0.138243742950903	0.495328384037242	0.203735087356001	0.367170976211954	0.194224724989095	0.0957218431422457	1	1	1	1
"NPTN.Q9Y639"	"NPTN.Q9Y639"	0.0217944316467508	0.690796078573341	5.28126231934122e-08	0.963820804185495	0.127502629600872	0.0658080590854054	1	1	1	1
"NQO1.P15559"	"NQO1.P15559"	0.0102944578475701	0.142836430332875	0.486378419456191	0.0778695686215536	0.201604223368091	0.823089613834447	1	1	1	1
"NR0B1.P51843"	"NR0B1.P51843"	0.0376024292749852	0.110290863291575	8.93725645956894e-09	-1.18059308104414	0.00721935740441736	0.000118618753171385	1	1	1	0.646116348524534
"NR1H2.P55055"	"NR1H2.P55055"	0.776695711164155	0.32906121529598	0.285899676169603	0.510465554773427	0.00685414797273607	0.271809275152152	1	1	1	1
"NR2C2AP.Q86WQ0"	"NR2C2AP.Q86WQ0"	0.981919279462955	7.29514497427384e-07	0.972838493554723	0.00898472695577118	0.206544109805455	0.00343787201109173	1	0.00417136389628978	1	1
"NR2C2.P49116"	"NR2C2.P49116"	6.81559568920776e-05	0.121215670866536	0.00241107409914979	-0.634665416516315	0.930672625487979	0.0561221616804086	0.366815359993162	1	1	1
"NR3C1.P04150"	"NR3C1.P04150"	7.01761981944697e-07	0.0871416737586203	8.62337345241306e-08	-0.787642083962484	0.550435649633674	0.0499314323147716	0.00401056972681394	1	1	1
"NRAP.Q86VF7"	"NRAP.Q86VF7"	0.472608532931354	0.434751651712573	0.419488792477593	-0.645439862377467	0.493869734588825	0.254174082612869	1	1	1	1
"NRAS.P01111"	"NRAS.P01111"	0.171475692637342	0.155923520056423	0.000391981610032772	-1.48887334992755	0.00080947239644755	0.34288353092987	1	1	1	1
"NRBF2.Q96F24"	"NRBF2.Q96F24"	0.799322988575166	0.00615296859586264	0.353254352295517	0.134458176206336	0.0153168853196461	0.13914616853948	1	1	1	1
"NRBP1.Q9UHY1"	"NRBP1.Q9UHY1"	0.448975643995562	0.359988088868597	0.326841049829743	0.0932124933323498	0.137630840960739	0.000306118664735443	1	1	1	1
"NRDC.O43847"	"NRDC.O43847"	9.60048699018136e-12	3.08060107731865e-12	4.75080548911247e-12	0.748657253113631	0.695914131220097	0.00261144639345246	5.64796649632369e-08	1.81324179410976e-08	1	1
"NRM.Q8IXM6"	"NRM.Q8IXM6"	0.97866490399454	0.472415968953206	0.0331710362653929	0.326868682248612	0.140373792351306	0.0466673327947951	1	1	1	1
"NRP1.O14786"	"NRP1.O14786"	0.0452927575527187	0.09718655350557	1.80201645514129e-07	-1.53023541488359	0.175661847522706	0.130965879904573	1	1	1	1
"NSA2.O95478"	"NSA2.O95478"	0.269810792004634	0.274772168307542	0.136799668824624	-0.278226791812976	0.0545767379572454	0.00397473602951557	1	1	1	1
"NSD1.Q96L73"	"NSD1.Q96L73"	0.40969422327802	0.726017634924678	0.014206109966648	0.833758874310301	0.656778115191332	0.910585193290416	1	1	1	1
"NSD2.O96028"	"NSD2.O96028"	0.131004043291574	0.89133233259039	8.91045548771624e-05	0.565007907001771	0.301691810512777	0.176669364174801	1	1	1	1
"NSD3.Q9BZ95"	"NSD3.Q9BZ95"	0.343489315275169	0.15790050255149	0.693877074974133	-0.111495688741066	0.317039980689713	0.00538267840424047	1	1	1	1
"NSDHL.Q15738"	"NSDHL.Q15738"	0.251309847689827	0.0317307425855196	0.211913807194442	-0.172408259615994	0.0090370297724636	0.0970136532626182	1	1	1	1
"NSFL1C.Q9UNZ2"	"NSFL1C.Q9UNZ2"	0.0796257744080275	0.0680654777178386	0.0473968256621	0.258603457102278	0.513315853857956	0.00792893442496841	1	1	1	1
"NSF.P46459"	"NSF.P46459"	0.21862900120593	0.518578929637144	0.924213114073476	0.00689573265754575	0.0128889856871667	0.110170136194267	1	1	1	1
"NSL1.Q96IY1"	"NSL1.Q96IY1"	0.363150930036256	0.896096308257454	0.616389509022321	-0.091415511803566	0.467181081570099	0.0992358244902517	1	1	1	1
"NSMCE1.Q8WV22"	"NSMCE1.Q8WV22"	0.479918576095086	0.755454668778849	0.00373742031523025	-2.01045058083534	0.00571428596446667	0.0137919404813934	1	1	1	1
"NSMCE2.Q96MF7"	"NSMCE2.Q96MF7"	0.118079542741271	0.00201389614348537	0.641442408182321	-0.0498813514287196	0.0337059509029991	0.0671690705571262	1	1	1	1
"NSMCE4A.Q9NXX6"	"NSMCE4A.Q9NXX6"	0.0578762825140591	0.00550379131768935	0.0378569362372985	-0.257970576182951	0.0492892354347932	0.925554645087947	1	1	1	1
"NSRP1.Q9H0G5"	"NSRP1.Q9H0G5"	0.14953709765562	0.00076294172742293	0.106034917155429	0.232867108108311	0.799224358536235	0.000544622968210631	1	1	1	1
"NSUN2.Q08J23"	"NSUN2.Q08J23"	0.28577285516447	0.00481646181502103	0.582979893334346	-0.056758676149894	0.150755439646391	0.719397209546183	1	1	1	1
"NSUN4.Q96CB9"	"NSUN4.Q96CB9"	0.991081562992172	0.481779979239722	0.56516764833808	-0.148675762717312	0.456363123832182	0.000223251990989657	1	1	1	1
"NSUN5.Q96P11.2"	"NSUN5.Q96P11.2"	0.0172986763010356	0.001769625684525	0.332384994207549	0.133601060170945	0.613519415450284	0.00648852796298373	1	1	1	1
"NT5C2.P49902"	"NT5C2.P49902"	0.130678844956226	0.200446574116417	1.90464858094034e-05	-0.45204530543215	0.945991025140982	0.18471082471906	1	1	1	1
"NT5C3A.Q9H0P0"	"NT5C3A.Q9H0P0"	8.31508503751056e-06	0.152096183462969	3.03563050269446e-05	-1.0341961002986	0.253328483673721	0.000752932945646387	0.0462152426384837	1	1	1
"NT5C.Q8TCD5"	"NT5C.Q8TCD5"	0.000153198809988908	6.9192391544855e-05	0.000159886484444583	-0.542007906397385	0.00519677677203867	0.0108565097594888	0.810574903651312	0.371909104553595	1	1
"NT5DC1.Q5TFE4"	"NT5DC1.Q5TFE4"	0.158047171140108	0.0039649525577552	0.0185607200119593	-0.172619754057174	0.628815912699829	0.0121617328844457	1	1	1	1
"NT5DC2.Q9H857"	"NT5DC2.Q9H857"	0.0490785933015627	0.181931429238286	0.345632148511654	-0.163337279482222	0.189758626898913	0.0542388913956657	1	1	1	1
"NT5DC3.Q86UY8"	"NT5DC3.Q86UY8"	0.953881600693292	0.914262821496732	0.287295498584799	0.261841792362924	0.0644326788319246	0.109352889735175	1	1	1	1
"NTAQ1.Q96HA8"	"NTAQ1.Q96HA8"	0.269960127819953	0.942903297540782	0.596390715201978	-0.118123629569453	0.211779904246857	0.158375016793173	1	1	1	1
"NTHL1.P78549"	"NTHL1.P78549"	0.104579821135075	0.323898843101517	0.543230731132645	0.128968169168963	0.112278814920835	0.197859073785993	1	1	1	1
"NTMT1.Q9BV86"	"NTMT1.Q9BV86"	0.708504847012567	0.929906235862331	0.31675542202572	-0.224071280170794	0.978606732222794	0.322215941490349	1	1	1	1
"NTM.Q9P121"	"NTM.Q9P121"	0.000281216116563378	0.000244837986805503	9.39998922221039e-06	-3.8893828861478	0.297284162615735	0.283048141065647	1	1	1	1
"NTPCR.Q9BSD7"	"NTPCR.Q9BSD7"	0.69032854591246	0.0414628380248624	0.508930129596129	0.0841132628852006	0.072648398315779	0.183965120238898	1	1	1	1
"NUBP1.P53384"	"NUBP1.P53384"	0.645062669693214	2.2201461820807e-05	0.00870682292468412	0.240402771603351	0.219900497853611	0.0111255672386771	1	0.121908226858051	1	1
"NUBP2.Q9Y5Y2"	"NUBP2.Q9Y5Y2"	0.997911205297842	0.0030050014434137	0.958623521101821	0.00978533714286622	0.324658330091095	0.883220947586637	1	1	1	1
"NUBPL.Q8TB37"	"NUBPL.Q8TB37"	0.12011823592306	0.648230375200182	0.968909036653584	-0.00938487811534242	0.563752646450884	0.0674125875168142	1	1	1	1
"NUCB1.Q02818"	"NUCB1.Q02818"	0.171184036516406	0.0609131758447617	0.0679197801859416	-0.201516097786743	0.347121654768151	0.0836310857570704	1	1	1	1
"NUCB2.P80303"	"NUCB2.P80303"	0.00983639741785259	0.00215930323312681	2.89903439759201e-05	-0.385548683844951	0.00374186319630346	0.642748360326201	1	1	1	1
"NUCKS1.Q9H1E3"	"NUCKS1.Q9H1E3"	0.217931378935358	0.172306069578467	0.814065931980029	0.103284446413543	0.755907561731105	0.763427555936446	1	1	1	1
"NUDCD1.Q96RS6"	"NUDCD1.Q96RS6"	0.127113929937807	0.057352379417754	0.123585522149485	-0.0902996600436957	0.0610783378801361	0.0654076171756923	1	1	1	1
"NUDCD2.Q8WVJ2"	"NUDCD2.Q8WVJ2"	0.542468510810714	0.00137027565801542	0.147993417060407	-0.163823096183959	0.375111808056801	0.246667841665609	1	1	1	1
"NUDCD3.Q8IVD9"	"NUDCD3.Q8IVD9"	0.000352790185690362	1.22897318437379e-08	0.000114564360670436	0.602537502557835	0.0704227911322983	0.385283060449626	1	7.15262393305543e-05	1	1
"NUDC.Q9Y266"	"NUDC.Q9Y266"	0.272272648281013	0.00267528907991263	0.466706926629214	0.0684406777587715	0.306231977470163	0.0138827905273184	1	1	1	1
"NUDT10.Q8NFP7"	"NUDT10.Q8NFP7"	0.262843347551233	0.0544447550559675	0.000750967561861227	0.620143090712808	0.394101240217998	0.000322574353968505	1	1	1	1
"NUDT11.Q96G61"	"NUDT11.Q96G61"	0.384525395292513	0.0299713757517333	0.746068355959678	0.137771290738849	0.992415109040714	0.875616823952569	1	1	1	1
"NUDT12.Q9BQG2"	"NUDT12.Q9BQG2"	0.62017821013172	0.281761758154659	0.779009506405212	0.102356504207739	0.710715152054241	0.0804752814148956	1	1	1	1
"NUDT15.Q9NV35"	"NUDT15.Q9NV35"	0.277991455193926	0.27808058449894	0.702876343482401	0.0892768333504702	0.00120755569934153	0.00549056655422806	1	1	1	1
"NUDT16L1.Q9BRJ7"	"NUDT16L1.Q9BRJ7"	0.736741327732753	0.000414317962813604	0.0053469592072997	0.335666784553114	0.0383734967277053	1.83941798804307e-05	1	1	1	0.10376156870551
"NUDT19.A8MXV4"	"NUDT19.A8MXV4"	0.00402974677498223	0.0320752545296742	0.096754629453289	0.229514094503641	0.444388916434465	0.00946875818371731	1	1	1	1
"NUDT1.P36639"	"NUDT1.P36639"	0.0471297899161792	0.00047468425206605	0.100579144581356	0.318472741514727	0.270531894261264	0.47174535188603	1	1	1	1
"NUDT21.O43809"	"NUDT21.O43809"	0.359656741226262	0.078006105220756	0.572020635257539	-0.0844195612626024	0.645944376050874	0.0536691336996757	1	1	1	1
"NUDT2.P50583"	"NUDT2.P50583"	0.361212498899047	0.372438702333159	0.351235122721415	-0.224875981711951	0.700854027265972	0.283599770943542	1	1	1	1
"NUDT3.O95989"	"NUDT3.O95989"	0.000148381549902275	0.00666854587064186	0.380292160020031	0.142188148916165	0.200745773920636	0.380594442030395	0.785235162082838	1	1	1
"NUDT5.Q9UKK9"	"NUDT5.Q9UKK9"	0.227728217731964	0.000263086709157742	0.46654755039204	0.0658664316530183	0.0431592200736136	0.223695463453178	1	1	1	1
"NUDT8.Q8WV74"	"NUDT8.Q8WV74"	0.806463193093719	0.841548248898122	0.00777428537722	0.984092456620836	0.467773393431966	0.276206015976904	1	1	1	1
"NUDT9.Q9BW91"	"NUDT9.Q9BW91"	0.000226759908668236	0.572276528101145	0.719831997381517	-0.0362747895166194	0.00433393027482465	0.144706074657246	1	1	1	1
"NUF2.Q9BZD4"	"NUF2.Q9BZD4"	1.61899231926895e-07	5.28228750255892e-08	2.3811422157313e-06	0.557238110554526	0.00132073427810814	0.0431617235140817	0.000934320467450112	0.000305685977773085	1	1
"NUFIP1.Q9UHK0"	"NUFIP1.Q9UHK0"	0.98034249527071	0.115076142761583	0.173721730911541	0.312002606231067	0.908084588191905	0.206924044146198	1	1	1	1
"NUFIP2.Q7Z417"	"NUFIP2.Q7Z417"	0.168509087989929	0.00128649331557931	0.001207271111547	0.457952992451129	0.0651131307795473	0.857365879404969	1	1	1	1
"NUMA1.Q14980"	"NUMA1.Q14980"	1.04489041653972e-09	1.07948743100729e-09	1.85215068090343e-08	-0.564144243610492	0.364793805574437	0.00139837785474327	6.11887827925662e-06	6.32039890854771e-06	1	1
"NUMBL.Q9Y6R0"	"NUMBL.Q9Y6R0"	0.893566300996589	3.80660448831691e-06	0.704064058998142	0.157300718997928	0.91191915079977	0.000145371598845636	1	0.0214426030826892	1	0.787332579347964
"NUMB.P49757"	"NUMB.P49757"	0.00391151594140135	0.104344130504415	0.00272971922040578	-0.421213898735163	0.750685262543471	0.267003992634016	1	1	1	1
"NUP107.P57740"	"NUP107.P57740"	6.19755211715687e-05	0.00852190850884231	0.00151253336791096	-0.199320486400809	0.364653695059104	5.509933121009e-05	0.334048059114755	1	1	0.305250294903898
"NUP133.Q8WUM0"	"NUP133.Q8WUM0"	0.30534088920693	0.00504814927926184	0.0543885306563806	-0.108396742175359	0.000143460155989363	0.000125140632698553	1	1	0.83766385082189	0.680639901247428
"NUP153.P49790"	"NUP153.P49790"	0.01945136860314	0.770997758140258	0.546691617929068	-0.0691630771305317	0.148472969820218	0.136028599568271	1	1	1	1
"NUP155.O75694"	"NUP155.O75694"	0.856041094973271	0.057128404786967	0.254178006366246	-0.0911280118214405	0.000577158392566457	0.00108215595021589	1	1	1	1
"NUP160.Q12769"	"NUP160.Q12769"	0.695046222470362	0.00839705411765525	0.0461851597762767	-0.206732373235717	0.00679157167131477	0.027090989432928	1	1	1	1
"NUP188.Q5SRE5"	"NUP188.Q5SRE5"	0.0254245758264427	0.126428978169859	0.000580400797575436	0.250410751798624	0.0102706634012639	5.45259867384602e-05	1	1	1	0.302183018504547
"NUP205.Q92621"	"NUP205.Q92621"	0.341459939716338	0.70477821893967	0.18606225077916	-0.167131545454607	0.594748408124127	0.000463065917187268	1	1	1	1
"NUP210.Q8TEM1"	"NUP210.Q8TEM1"	0.00325363297636231	3.33023255688449e-05	0.000817256506126033	-0.577425856438928	0.646672990783159	0.0218913757913477	1	0.181597581326911	1	1
"NUP214.P35658"	"NUP214.P35658"	0.00513507675327202	0.0525490536055245	0.00669925345848777	-0.17769955766754	0.999167719172453	0.064192538914762	1	1	1	1
"NUP35.Q8NFH5"	"NUP35.Q8NFH5"	0.0319142233886444	0.00565219221085658	0.151638993715147	-0.176302540339344	0.50099079656815	0.500316642801775	1	1	1	1
"NUP37.Q8NFH4"	"NUP37.Q8NFH4"	0.00013884607347829	0.492402816649345	0.511149858246426	-0.0517801196385928	0.00248026058978477	0.00332055566190056	0.736023035508413	1	1	1
"NUP42.O15504"	"NUP42.O15504"	0.0208340403974729	0.0288588962680455	0.563517833276377	-0.113377313320643	0.638768801294878	0.897641250932205	1	1	1	1
"NUP43.Q8NFH3"	"NUP43.Q8NFH3"	0.0371843277345622	1.54649987548576e-07	0.692132342725893	-0.0245690687464736	0.133489034315957	3.49092461856773e-05	1	0.000891402528229993	1	0.195072867685565
"NUP50.Q9UKX7"	"NUP50.Q9UKX7"	0.000552453452273553	0.0033329168354796	0.678493138659367	-0.0257848377885986	0.0395815184908923	0.00644607539046989	1	1	1	1
"NUP54.Q7Z3B4"	"NUP54.Q7Z3B4"	0.153470392756604	0.366876115290206	0.000463313280202169	-0.353641954359374	0.00428839537276476	0.00881705845483334	1	1	1	1
"NUP58.Q9BVL2"	"NUP58.Q9BVL2"	0.737243608190494	0.1596544091115	0.679218740540362	0.0635891072552732	0.368171625241065	0.160556782025822	1	1	1	1
"NUP62.P37198"	"NUP62.P37198"	0.173841002358943	0.441231628588265	0.883755989035497	-0.0154092367906512	0.754109456175125	0.675790101291021	1	1	1	1
"NUP85.Q9BW27"	"NUP85.Q9BW27"	0.00622989855912726	0.0313463651678138	0.00352658007020254	-0.372089861347102	0.454448791127416	0.00199274020140564	1	1	1	1
"NUP88.Q99567"	"NUP88.Q99567"	0.268446727990941	0.600127038719654	0.319937017114523	-0.152138895033789	0.154205550803725	0.456738604305623	1	1	1	1
"NUP93.Q8N1F7"	"NUP93.Q8N1F7"	0.704302727863106	0.360837957285407	0.936115555427874	-0.00912789395887322	0.102789257139231	0.53403601764902	1	1	1	1
"NUP98.P52948"	"NUP98.P52948"	0.00164788882472966	0.00177963087370354	0.00315391412181728	-0.191313126526127	0.012512552000307	0.00488016225617334	1	1	1	1
"NUSAP1.Q9BXS6"	"NUSAP1.Q9BXS6"	0.000201259075400852	5.57638842871709e-05	0.000217523053629322	0.387770466801753	0.128835788625013	0.0231475670189837	1	0.300734627960713	1	1
"NUTF2.P61970"	"NUTF2.P61970"	0.774616293109104	0.715243245330903	0.00544669645788035	0.384732363522593	6.44094649299332e-05	7.97183365289312e-07	1	1	0.377503873954338	0.00463243253569619
"NVL.O15381"	"NVL.O15381"	0.496859160519367	0.0119913088182534	0.673307320740776	-0.0435902272339099	0.376494034427713	1.28550190657506e-07	1	1	1	0.000753304117252984
"NXF1.Q9UBU9"	"NXF1.Q9UBU9"	0.961846774771981	0.733740313860426	0.86109707578107	-0.0347309013403889	0.421888678443692	0.0856117225381681	1	1	1	1
"NXN.Q6DKJ4"	"NXN.Q6DKJ4"	0.00040142070878728	4.34389290206629e-07	0.000561090038225384	0.589412965383276	0.669072971612208	0.901640687213695	1	0.00249209135791543	1	1
"NXT2.Q9NPJ8"	"NXT2.Q9NPJ8"	0.334823432517097	0.277236656308121	0.284486540973874	-0.567597839410176	0.3023914355888	0.0129238515872442	1	1	1	1
"None.P0DN76"	"None.P0DN76"	0.452260235925893	0.0323980358204509	0.198579627750187	-0.142329106566876	0.217513822359655	0.986483990567604	1	1	1	1
"None.P0DN79"	"None.P0DN79"	2.28793669426134e-06	4.45897892181253e-05	1.79705620491899e-08	-0.863054100679032	0.00891460922295725	0.104022148620128	0.0129542975629077	0.241765837140676	1	1
"None.Q6ZSR9"	"None.Q6ZSR9"	0.734150740942821	0.0770536900504514	0.380699187384553	-0.138413897226433	0.0195674923354613	0.362548857041728	1	1	1	1
"OARD1.Q9Y530"	"OARD1.Q9Y530"	0.0480146927226035	0.557232258889919	0.00262448503826616	-0.452410398322103	0.509242554975946	0.0037677675828691	1	1	1	1
"OAS3.Q9Y6K5"	"OAS3.Q9Y6K5"	0.0764391298161749	0.00486413696621068	0.0306406716595247	-0.45443641275495	0.284886044028882	0.65957971742817	1	1	1	1
"OAT.P04181"	"OAT.P04181"	0.0183446574659778	0.00120814540697988	0.161943431500484	-0.150960425176043	0.0620847252998133	0.0124644042070795	1	1	1	1
"OBSL1.O75147"	"OBSL1.O75147"	3.96221019287966e-05	0.000678669881224456	0.0343442117199292	-0.280650324547949	0.4657955758044	0.236968322152786	0.215623478696511	1	1	1
"OCIAD1.Q9NX40"	"OCIAD1.Q9NX40"	0.850675054156713	0.507801805295938	0.541663533236447	-0.185945856101683	0.0699156880364851	0.347629994138439	1	1	1	1
"OCIAD2.Q56VL3"	"OCIAD2.Q56VL3"	8.76062634816658e-11	5.4587796000384e-11	4.67287605734509e-13	-1.34828470437241	0.886183498899975	0.00780921058953374	5.1486201048175e-07	3.20867064890257e-07	1	1
"OCLN.Q16625"	"OCLN.Q16625"	0.579345072737682	0.636178653607844	0.00720013350266869	-0.55492975204948	0.0838827724047696	0.0787139749110077	1	1	1	1
"OCRL.Q01968"	"OCRL.Q01968"	0.943492694238064	8.470934358104e-05	0.291875618142657	0.366986474435606	0.143918195450195	0.0102293118367608	1	0.453872662907212	1	1
"ODF2.Q5BJF6"	"ODF2.Q5BJF6"	0.0637586555528833	0.0295055243334488	0.661859920379178	0.0953874532725868	0.53243378286289	0.0278739618241614	1	1	1	1
"ODF3L2.Q3SX64"	"ODF3L2.Q3SX64"	0.820046101286472	0.272636664502792	0.230420598535322	-0.869173039725116	0.0904412725772697	0.782012071918695	1	1	1	1
"ODR4.Q5SWX8"	"ODR4.Q5SWX8"	0.200744494827002	0.112766103905386	0.429336535086523	-0.09293730837987	0.251910626937448	0.0811837059667227	1	1	1	1
"OFD1.O75665"	"OFD1.O75665"	0.901409994142098	0.00545619955315067	0.0885214098290022	-0.852346303134861	0.325454838655719	0.00709064601382541	1	1	1	1
"OGA.O60502"	"OGA.O60502"	0.901756107385744	0.442476390730317	0.676989594389875	-0.0660407538014209	0.17849742990292	0.0179153936302098	1	1	1	1
"OGDHL.Q9ULD0"	"OGDHL.Q9ULD0"	0.0328754170455868	0.0116084053759251	0.188231307677224	-0.363892686372401	0.402091651897235	0.33184353763525	1	1	1	1
"OGDH.Q02218"	"OGDH.Q02218"	0.0227837422790473	0.0115915423229743	0.143266284009516	0.216012985207973	0.00511524558196013	0.00305490353951652	1	1	1	1
"OGFOD1.Q8N543"	"OGFOD1.Q8N543"	0.0161779543106432	6.45599295130628e-06	0.0209576437688926	0.208101836524226	0.115300864475006	0.210232860214822	1	0.036108368576656	1	1
"OGFOD2.Q6N063"	"OGFOD2.Q6N063"	0.00336629582992632	0.377182668076626	0.402381045343113	0.299783705143474	0.00761119300568592	0.810934046456743	1	1	1	1
"OGFOD3.Q6PK18"	"OGFOD3.Q6PK18"	0.00437958620491221	0.00128394760410855	7.60040522582494e-05	-1.57161445849956	0.0019604666322785	0.029373067529883	1	1	1	1
"OGFR.Q9NZT2"	"OGFR.Q9NZT2"	0.827295264643736	0.0165711654376214	0.958157095147601	0.00487788515007949	0.684512407334779	0.0623715056598822	1	1	1	1
"OGT.O15294"	"OGT.O15294"	0.08846186592272	0.170845657436306	0.00421084930225652	0.235217500288713	0.00548330859408586	0.441035860976501	1	1	1	1
"OGT.O15294.3"	"OGT.O15294.3"	0.607581410119799	0.958262999046151	0.197901994956023	-0.684956101966302	0.626216689631115	0.268207474309349	1	1	1	1
"OIP5.O43482"	"OIP5.O43482"	0.285323387823082	0.574534292410337	0.615489396989226	-0.119656970827327	0.0727209092061351	0.403132193336446	1	1	1	1
"OLA1.Q9NTK5"	"OLA1.Q9NTK5"	0.0800236294636576	0.067151436834723	0.0791776742910618	-0.195148201836904	0.0134759410123472	0.140652314693783	1	1	1	1
"OLAH.Q9NV23"	"OLAH.Q9NV23"	0.190676040083424	0.331303096328543	0.00177225904245553	-2.80722517642983	0.529045461638009	0.989921801523138	1	1	1	1
"OPA1.O60313.2"	"OPA1.O60313.2"	0.412328700729748	0.620957909574486	0.867848210871621	-0.0102132502516776	0.00983560621696632	1.63972332155367e-05	1	1	1	0.0926935593674292
"OPTN.Q96CV9"	"OPTN.Q96CV9"	0.106095980351856	0.00716704748335144	0.00235435122558471	0.499527774288997	0.0108004425088872	0.958391904526604	1	1	1	1
"ORC1.Q13415"	"ORC1.Q13415"	0.569767112945397	0.72799232148917	0.0356812207532283	0.366312763188373	0.999162173988842	0.000300837206401368	1	1	1	1
"ORC2.Q13416"	"ORC2.Q13416"	0.182380309020033	0.862332758724171	0.290804868856892	0.134543880644564	0.162433121113971	0.845440720571572	1	1	1	1
"ORC3.Q9UBD5"	"ORC3.Q9UBD5"	0.318054424713467	0.521693490949389	0.436358478544436	-0.103119080208578	0.381765978656167	0.0586412741137759	1	1	1	1
"ORC4.O43929"	"ORC4.O43929"	0.465715541593987	0.775978513258352	0.387169749004826	0.228842513813422	0.889705224246117	0.2620054609905	1	1	1	1
"ORC5.O43913"	"ORC5.O43913"	0.235527861974315	0.587244518216406	0.0165833110887047	0.292969345648774	0.214080091445721	0.688627702309067	1	1	1	1
"ORC6.Q9Y5N6"	"ORC6.Q9Y5N6"	0.6010355653009	0.277602757713864	0.269865720597774	0.272089642025388	0.352214510901683	0.779545669134723	1	1	1	1
"ORMDL1.Q9P0S3"	"ORMDL1.Q9P0S3"	0.330071137537137	0.791992973873996	0.596414223211707	-0.0937683948016366	0.638198120891713	0.0129269038629485	1	1	1	1
"ORMDL2.Q53FV1"	"ORMDL2.Q53FV1"	0.0463247890347367	0.888712716340628	0.974726460910642	-0.00871148842780514	0.303801941700363	0.0377187223361983	1	1	1	1
"ORMDL3.Q8N138"	"ORMDL3.Q8N138"	0.40193735883091	0.287714459333832	0.0465655495783375	0.471085680750252	0.651724885988517	0.0155510496142419	1	1	1	1
"OS9.Q13438"	"OS9.Q13438"	0.689233276580897	0.0686963650357169	0.06240165563766	0.303585904106523	0.128553243592036	0.600528440649533	1	1	1	1
"OSBP2.Q969R2"	"OSBP2.Q969R2"	0.37937168457341	0.0232885151367514	0.286967956876934	0.299394955728972	0.0493644211759356	0.291938417901387	1	1	1	1
"OSBPL10.Q9BXB5"	"OSBPL10.Q9BXB5"	0.0910282804274117	0.00134661042353215	0.00671410669236438	-0.487958471243688	0.831739044458651	0.63238240139698	1	1	1	1
"OSBPL11.Q9BXB4"	"OSBPL11.Q9BXB4"	0.0295255206089967	0.09269910184156	0.298971353620738	0.16669198383677	0.773496244085774	0.920982798968809	1	1	1	1
"OSBPL3.Q9H4L5"	"OSBPL3.Q9H4L5"	0.756228612976076	0.374091509691607	0.390650374064608	-0.346307796637915	0.0304190727727249	0.100215840630392	1	1	1	1
"OSBPL8.Q9BZF1"	"OSBPL8.Q9BZF1"	0.830594202322985	0.051978329014581	0.276552265960299	-0.140297789861038	0.167304474581484	0.049322306247392	1	1	1	1
"OSBPL9.Q96SU4"	"OSBPL9.Q96SU4"	0.352202059285998	0.462558776603445	0.941705934859335	0.00735409376167758	0.367859633434665	0.663500781464407	1	1	1	1
"OSBP.P22059"	"OSBP.P22059"	0.000421668233977966	1.27941538318641e-05	0.729985559209747	-0.0316935544902974	0.160880318724264	0.0287696913580218	1	0.0708668180746951	1	1
"OSGEPL1.Q9H4B0"	"OSGEPL1.Q9H4B0"	0.924557115881735	0.0526269769638026	0.275505801444913	-0.220949056977899	0.230700741777807	0.148946368022605	1	1	1	1
"OSGEP.Q9NPF4"	"OSGEP.Q9NPF4"	0.0733372254892114	0.000800066045099079	0.192280443674228	0.184613647086897	0.0373019566960345	0.943344202495807	1	1	1	1
"OSTC.Q9NRP0"	"OSTC.Q9NRP0"	0.00878703041877273	0.359749473895047	0.343692682006215	-0.288435360950703	0.00051308663940485	0.167405680967639	1	1	1	1
"OSTF1.Q92882"	"OSTF1.Q92882"	0.257805997645282	0.00230582915244366	0.656444708084681	0.0700642354055016	0.191526509689741	0.849619431074207	1	1	1	1
"OTUB1.Q96FW1"	"OTUB1.Q96FW1"	0.408472387569117	0.563370093191838	0.00919484326953229	-0.2230359334557	0.80582916733236	1.72637837106991e-05	1	1	1	0.0974540590468966
"OTUD4.Q01804"	"OTUD4.Q01804"	0.743133800622209	0.000126233395315276	0.027200796282599	0.234269689049245	0.0160734375541293	0.491472249982113	1	0.671309196286639	1	1
"OTUD5.Q96G74"	"OTUD5.Q96G74"	0.903390556019705	0.0363463220734283	0.00971973160059636	0.75929298620755	0.0139748481667799	0.401854511946283	1	1	1	1
"OTUD6B.Q8N6M0"	"OTUD6B.Q8N6M0"	0.806736951303046	0.433745893708784	0.310462147881929	-0.400061646566685	0.61706844951987	0.48944062156143	1	1	1	1
"OTULIN.Q96BN8"	"OTULIN.Q96BN8"	0.949122146939758	0.0173689699906493	0.0410694943426498	-0.337638446039572	0.257110456683772	0.932200623253719	1	1	1	1
"OVCA2.Q8WZ82"	"OVCA2.Q8WZ82"	0.109931467567686	0.025191457321222	0.176832830216063	-0.327940903621312	0.0986246730312665	0.00838996905968033	1	1	1	1
"OXA1L.Q15070"	"OXA1L.Q15070"	0.0657867976421545	0.714738798440821	0.0766857063400627	-0.273635159396794	0.057683278683637	4.38795912647499e-05	1	1	1	0.244058286614539
"OXCT1.P55809"	"OXCT1.P55809"	0.0185367779411164	0.166747448033128	0.146881143356815	-0.179121059170407	0.462971936682754	0.00288853074592494	1	1	1	1
"OXR1.Q8N573"	"OXR1.Q8N573"	0.883127239611257	0.0378017812230805	0.00638284273236754	0.510756836666369	9.02574251479707e-05	0.399717414568484	1	1	0.528276709391073	1
"OXSM.Q9NWU1"	"OXSM.Q9NWU1"	0.141881945626777	0.731948431340191	0.140666003449664	-0.230926308290956	0.89166931378815	0.00636016808237444	1	1	1	1
"OXSR1.O95747"	"OXSR1.O95747"	3.49986884819209e-06	0.180696071774569	1.44182265611281e-05	-0.779122332502634	0.811480558095795	0.67731358557817	0.0197147612218661	1	1	1
"P3H1.Q32P28"	"P3H1.Q32P28"	0.0039859699397321	0.000682698317407252	4.9930760195301e-07	0.400901119356777	0.570985594403562	0.012348533898977	1	1	1	1
"P3H3.Q8IVL6"	"P3H3.Q8IVL6"	0.125036409472904	1.79047725105503e-05	0.000259331556967003	0.472781328488375	0.0468207732018725	9.69995285546953e-05	1	0.0986373917606218	1	0.53175141553684
"P3H4.Q92791"	"P3H4.Q92791"	0.0717952665588792	0.000103580610562897	2.76384980180046e-05	0.650249826699799	0.329865281314747	0.00208464739609807	1	0.552498976742491	1	1
"P4HA1.P13674"	"P4HA1.P13674"	0.400205397606974	0.834718755739442	0.925030699730594	-0.0165054415775776	0.295353248840933	0.00344527514728679	1	1	1	1
"P4HA2.O15460"	"P4HA2.O15460"	5.43044753318433e-08	0.00299229493508471	7.47831972013643e-17	1.85369209920455	0.0549869447693792	0.338008627256372	0.000314531521122036	1	1	1
"P4HA2.O15460.2"	"P4HA2.O15460.2"	0.415147846965809	0.00723500053921733	0.0101388232321015	1.67767574622689	0.0258502066377145	0.0269003394809343	1	1	1	1
"P4HB.P07237"	"P4HB.P07237"	0.440346227872978	0.698810864165413	0.00860249583215799	-0.446738261699001	0.109094964495512	0.386314081936573	1	1	1	1
"PA2G4.Q9UQ80"	"PA2G4.Q9UQ80"	0.823298511640011	0.0390844958964647	0.145670525114385	-0.260826290382275	0.0910397419323278	0.80715674177317	1	1	1	1
"PABPC1.P11940"	"PABPC1.P11940"	0.073205905303874	0.762456905488698	0.559851766542973	-0.0563054312384429	0.096282190906867	0.418260451709269	1	1	1	1
"PABPC4.Q13310.3"	"PABPC4.Q13310.3"	0.171149867971105	0.303892995119694	0.0206022871381005	-0.222677761091953	0.000890761312221442	0.0180880951419614	1	1	1	1
"PABPN1.Q86U42"	"PABPN1.Q86U42"	0.943030609695443	0.0614245145009802	0.296522692022311	-0.466240684779748	0.0401939826456611	0.00532038859290397	1	1	1	1
"PACS1.Q6VY07"	"PACS1.Q6VY07"	0.0449616771828939	0.00846918379442993	0.000254906265728387	0.886979541768362	0.459078264186791	0.734231433619322	1	1	1	1
"PACSIN2.Q9UNF0"	"PACSIN2.Q9UNF0"	0.92868967908211	0.00163963344934217	0.197730255567046	-0.11704184643725	0.000303149832065435	0.889919177136701	1	1	1	1
"PACSIN3.Q9UKS6"	"PACSIN3.Q9UKS6"	0.411516940937204	0.0511524812495662	0.0749386938341627	0.184792313110729	0.310925475897763	0.721674963465576	1	1	1	1
"PAF1.Q8N7H5"	"PAF1.Q8N7H5"	0.340568929313373	0.846381314619385	0.212762214347036	-0.286314660395124	0.641128172533435	0.202662352148283	1	1	1	1
"PAFAH1B1.P43034"	"PAFAH1B1.P43034"	8.01176111511268e-06	0.000182178854521062	0.000215263518530524	0.406152890599083	0.640053256287269	0.0374114619579313	0.044577438844487	0.960446921035038	1	1
"PAFAH1B2.P68402"	"PAFAH1B2.P68402"	0.000840456349035086	1.17965478677349e-05	3.00355828532286e-07	1.10017508271101	0.197791105209332	0.00122359467125873	1	0.0654944337616641	1	1
"PAFAH1B3.Q15102"	"PAFAH1B3.Q15102"	0.000350549995125545	0.000385126940944719	4.79190593194461e-05	0.634998822702451	0.469966314311733	0.00375585981546905	1	1	1	1
"PAICS.P22234"	"PAICS.P22234"	0.0812976000130779	0.0177025884193698	0.537687912514158	0.124413632047262	0.0933592586960092	0.688834831878655	1	1	1	1
"PAIP1.Q9H074"	"PAIP1.Q9H074"	0.577686251286748	0.426026460066073	0.575609173361601	-0.113912405698711	0.63088315677672	0.11166509945752	1	1	1	1
"PAIP2.Q9BPZ3"	"PAIP2.Q9BPZ3"	0.622307684601541	0.0384322537820736	0.12787628315665	-1.05498000538777	0.394153332420188	0.0225360911831723	1	1	1	1
"PAK1IP1.Q9NWT1"	"PAK1IP1.Q9NWT1"	0.415593744052578	0.370190923353777	0.418710244469949	0.115459416627908	0.709218579473584	0.070256066370158	1	1	1	1
"PAK1.Q13153"	"PAK1.Q13153"	0.440551790241406	0.639296231071713	0.162241283780318	-0.16390944660149	0.69012908644742	0.0122455465857528	1	1	1	1
"PAK2.Q13177"	"PAK2.Q13177"	6.14741198397044e-05	0.00120689811226945	0.000903948493116917	0.459263964298054	0.310895704260761	0.00218292374715165	0.331529928295526	1	1	1
"PAK4.O96013"	"PAK4.O96013"	1.69413212732072e-05	7.39937675110595e-05	4.05617662088234e-06	0.764358216681776	0.604736376012747	0.744920193756988	0.0934144455004645	0.397272537766878	1	1
"PALD1.Q9ULE6"	"PALD1.Q9ULE6"	0.173471573126752	0.0759132495381688	0.0132212702439918	-0.439360823084165	0.804838221028412	0.00742765548124392	1	1	1	1
"PALLD.Q8WX93"	"PALLD.Q8WX93"	0.235105450361513	0.834715725524221	0.0719374711890417	0.140147496244402	0.354207226628148	0.00084969467180733	1	1	1	1
"PALM2.Q8IXS6"	"PALM2.Q8IXS6"	3.2841751978057e-09	0.0265215496071083	1.10833420750045e-05	-0.526586102901729	0.0111799995175985	0.0264407006484146	1.91697306295919e-05	1	1	1
"PALM3.A6NDB9"	"PALM3.A6NDB9"	0.460023414381512	0.0176441932514728	0.14436121315291	0.477642902062212	0.362421193052946	0.113611855329934	1	1	1	1
"PALM.O75781"	"PALM.O75781"	0.495006015798345	4.36374802258206e-06	0.737739380938655	0.0660875783243194	0.950023574763654	2.3614052531007e-05	1	0.0245504463750467	1	0.132805431434383
"PALS1.Q8N3R9"	"PALS1.Q8N3R9"	0.0317607796861793	0.151329590720546	0.00111050786850084	0.502656755868817	0.48238929785538	0.667455457507268	1	1	1	1
"PALS2.Q9NZW5"	"PALS2.Q9NZW5"	0.0198027901097923	0.15340743615131	0.106068227465795	0.202284134963646	0.253839022858595	0.121481485474238	1	1	1	1
"PAM.P19021"	"PAM.P19021"	0.592753193713033	0.00114014652242165	0.0466883195022883	0.375697090653457	0.334932990373781	0.870317655649125	1	1	1	1
"PANK2.Q9BZ23"	"PANK2.Q9BZ23"	0.582830950056374	0.0333644016998677	0.231339132494705	0.392316587492379	0.0250128523043507	0.226982652311538	1	1	1	1
"PANK4.Q9NVE7"	"PANK4.Q9NVE7"	0.923255519839494	0.157185013935108	0.568109649672482	-0.287151531996933	0.554629913453973	0.217054084434415	1	1	1	1
"PANX1.Q96RD7"	"PANX1.Q96RD7"	1.22590370128879e-05	0.00076692217324292	0.000130600824175076	-0.497841173444107	0.428746265825814	0.00389590339265844	0.0678415108293216	1	1	1
"PAPOLA.P51003"	"PAPOLA.P51003"	0.0351744830118699	0.000384830964497966	0.000985090181551226	0.453320718162869	0.535280382563498	0.152052242809991	1	1	1	1
"PAPOLG.Q9BWT3"	"PAPOLG.Q9BWT3"	0.167985549943401	0.300628454319074	0.0118020204287369	0.741106851675644	0.00543074412040434	0.0546385176702665	1	1	1	1
"PAPSS1.O43252"	"PAPSS1.O43252"	0.499659812014759	0.14664726443617	0.555293260617248	0.0543577930832513	0.833873632020506	0.597112448686349	1	1	1	1
"PAPSS2.O95340"	"PAPSS2.O95340"	3.78534380958397e-06	2.69685144402939e-05	1.92147976803612e-07	-0.672133197329959	0.0554397096490348	0.726115878317146	0.0212887735851002	0.14776049061837	1	1
"PAQR7.Q86WK9"	"PAQR7.Q86WK9"	0.501476311881434	0.0996194684540885	0.32633894225442	0.362176593343207	0.377112396527707	0.926180202790692	1	1	1	1
"PARD3.Q8TEW0"	"PARD3.Q8TEW0"	0.00321231770421814	0.115829795639416	0.00011815274510371	0.323886604762336	0.768860750882109	0.23142623235884	1	1	1	1
"PARD6B.Q9BYG5"	"PARD6B.Q9BYG5"	0.0411341376058597	0.209676413942541	0.00496398036663555	-0.753847512839225	0.956063491412619	0.567953140958842	1	1	1	1
"PARG.Q86W56"	"PARG.Q86W56"	0.586733762701246	0.0828334173005179	0.40400878198822	-0.189723563391289	0.612767201024911	0.910259237877379	1	1	1	1
"PARK7.Q99497"	"PARK7.Q99497"	0.219712863364395	0.00195105958969626	0.00812398260755535	-0.288397245101903	0.0304173670813499	0.450607323491722	1	1	1	1
"PARL.Q9H300"	"PARL.Q9H300"	0.901312767512022	0.182822078663272	0.317211831905576	-0.301143114849056	0.783278949206332	0.000284233172216441	1	1	1	1
"PARN.O95453"	"PARN.O95453"	0.141029113996423	0.0638064435446803	0.13271691220588	-0.25947216900058	0.434150433380407	0.673771453364396	1	1	1	1
"PARP10.Q53GL7"	"PARP10.Q53GL7"	0.361624298740678	0.238780720043145	0.707869181154275	0.194896001388777	0.628349473731602	0.0212698012386555	1	1	1	1
"PARP14.Q460N5"	"PARP14.Q460N5"	0.214106072057032	0.742039644876232	0.000272886168758791	-0.500524966330538	0.264216923205677	0.136011231714353	1	1	1	1
"PARP1.P09874"	"PARP1.P09874"	0.0180977108172695	0.0124179488824865	0.304706272543372	0.0470032444236257	0.17882701567033	0.913235287595761	1	1	1	1
"PARP2.Q9UGN5"	"PARP2.Q9UGN5"	0.0927100829859804	1.6790558504788e-05	4.27117249343544e-05	-0.474048773766008	0.00188348510952688	0.00011754956157838	1	0.0925663490368964	1	0.640762660163752
"PARP4.Q9UKK3"	"PARP4.Q9UKK3"	2.45512954943276e-07	1.60073601282331e-06	6.04512116184785e-07	0.628969691961109	0.0290479185717467	0.652485936777442	0.00141366359456338	0.00908257613675944	1	1
"PARP9.Q8IXQ6.2"	"PARP9.Q8IXQ6.2"	0.0717977219790576	0.00775066619903641	0.000653766581791712	0.743562378982982	0.0687065396096532	0.284196290661786	1	1	1	1
"PARVA.Q9NVD7"	"PARVA.Q9NVD7"	0.598617637540162	0.581489215103123	0.0916142559159449	-0.328182558790196	0.0291988472416917	0.604537964897664	1	1	1	1
"PARVB.Q9HBI1"	"PARVB.Q9HBI1"	0.0647038732674966	0.00431816456971227	0.00019324852180846	1.18500690004509	0.621295877112507	0.466860062104875	1	1	1	1
"PARVG.Q9HBI0"	"PARVG.Q9HBI0"	0.00189798527528239	0.16663409321219	0.0123841060666403	-0.582310816221814	0.0769481513585363	0.794084510508182	1	1	1	1
"PATL1.Q86TB9"	"PATL1.Q86TB9"	0.0356376381914424	0.127483336976125	0.00116285617410582	0.669464812630456	0.526943473264476	0.0739685931556812	1	1	1	1
"PAWR.Q96IZ0"	"PAWR.Q96IZ0"	0.938015329668779	0.0237638146916728	0.145845579459344	-0.40377983559642	0.222901042294799	0.113829882535099	1	1	1	1
"PAXBP1.Q9Y5B6"	"PAXBP1.Q9Y5B6"	0.270893176423177	0.100578364641827	0.112540022796414	0.22307420604644	0.314091733766911	0.053066119882847	1	1	1	1
"PAXX.Q9BUH6"	"PAXX.Q9BUH6"	0.386993645993731	0.00250740406988107	0.109574295032164	0.410039329590558	0.0757792372048407	0.933793951181811	1	1	1	1
"PBDC1.Q9BVG4"	"PBDC1.Q9BVG4"	0.234744197387086	0.091128346404932	0.00105775935449352	-0.734376109977579	0.00842925942516137	0.0308814328783298	1	1	1	1
"PBK.Q96KB5"	"PBK.Q96KB5"	3.16300976717831e-06	4.24980686746289e-08	6.19086293171627e-07	0.801194353471814	0.178512780563582	0.41297661373083	0.0178488641161872	0.000246191311832125	1	1
"PBRM1.Q86U86"	"PBRM1.Q86U86"	0.830666990291291	0.690839187665805	0.356625367276018	0.0908712011722534	0.895800229957357	0.00327234306587541	1	1	1	1
"PBX2.P40425"	"PBX2.P40425"	0.431842051567025	0.0758628800306169	0.353325393267655	0.248907778230197	0.591881161221786	0.318411496140458	1	1	1	1
"PBXIP1.Q96AQ6"	"PBXIP1.Q96AQ6"	6.0964945223169e-05	0.00235108224075129	2.68580787240861e-08	1.84984489559318	0.000919376618903335	0.808328822349351	0.328844914533774	1	1	1
"PCBD1.P61457"	"PCBD1.P61457"	0.964130917775648	0.125325698265218	0.171063776472727	0.167937331065423	0.100000898576195	0.0177145707434889	1	1	1	1
"PCBD2.Q9H0N5"	"PCBD2.Q9H0N5"	0.692313171750637	0.0155635569793038	0.784045305529004	0.0537865295839251	0.164339001080525	0.0215593189027086	1	1	1	1
"PCBP1.Q15365"	"PCBP1.Q15365"	0.0119980898584905	0.686507378152458	0.0838292510325611	-0.315483604257179	0.538843409620018	0.448905294017248	1	1	1	1
"PCBP2.Q15366"	"PCBP2.Q15366"	0.748995272256387	0.581322195817361	0.917934729873425	0.0190076386488139	0.074195376702955	0.404667393630244	1	1	1	1
"PCBP2.Q15366.3"	"PCBP2.Q15366.3"	0.945384732686385	0.045534850045155	0.77313397287632	-0.101324870282938	0.214112958457795	0.554159149355928	1	1	1	1
"PCBP4.P57723"	"PCBP4.P57723"	0.00252923481419044	0.0121889168865227	0.0212572011909424	-0.776661458941244	0.53807629161048	0.359399354869866	1	1	1	1
"PCCA.P05165"	"PCCA.P05165"	0.0556962267507746	0.316352788600961	0.106508480529404	-0.284128345466333	0.243600474023784	0.0161551866847397	1	1	1	1
"PCCB.P05166"	"PCCB.P05166"	0.365790419813608	0.285630807550633	0.0158885250104627	-1.28799868112287	0.076807992366034	0.000246820494729987	1	1	1	1
"PCDH7.O60245"	"PCDH7.O60245"	3.02082911035265e-12	3.5728181564076e-10	0.0343637801274757	-0.297760778089349	0.00118191484476221	0.0366129761612906	1.77866418017564e-08	2.09510056691742e-06	1	1
"PCF11.O94913"	"PCF11.O94913"	0.0784036634587096	0.286444311807087	0.164757538513397	-0.315342235567792	0.964160513860719	0.0733285407820396	1	1	1	1
"PCGF6.Q9BYE7"	"PCGF6.Q9BYE7"	0.0991187660230441	0.259382848651166	0.982199001710659	0.00540900637528799	0.12374334074501	0.432487322562377	1	1	1	1
"PCID2.Q5JVF3"	"PCID2.Q5JVF3"	0.000632498142355095	0.0393325259413514	0.0119376461886498	0.323282982974958	0.827132020650397	0.038749035113386	1	1	1	1
"PCK2.Q16822"	"PCK2.Q16822"	0.0397778771933281	0.247885157405531	0.00119950437740005	-0.553722537551482	0.624809632637455	0.70511196257091	1	1	1	1
"PCLAF.Q15004"	"PCLAF.Q15004"	1.12154793486787e-09	1.05895421044307e-06	3.47315543519666e-13	1.6624805829367	0.000364763759295893	5.29302594635632e-06	6.56442006278162e-06	0.00603498004531505	1	0.0303025735428899
"PCLO.Q9Y6V0"	"PCLO.Q9Y6V0"	0.334113362619251	0.570394638257489	0.618765407982081	0.114198873809916	0.0829782442761604	0.451730899505616	1	1	1	1
"PCM1.Q15154"	"PCM1.Q15154"	4.17105885573111e-06	3.54144521881882e-05	5.18927909227114e-07	0.487176915899705	0.801078089346503	0.561492518780858	0.0234288375926416	0.192867106616873	1	1
"PCMT1.P22061"	"PCMT1.P22061"	0.140089425139796	0.00630503572682525	0.662206961246053	0.0596337591179083	0.13459873859637	0.407251165305986	1	1	1	1
"PCNA.P12004"	"PCNA.P12004"	0.580295464134535	0.678063418393346	0.989854480280419	0.00268035152393753	0.742822732123435	0.189200303682178	1	1	1	1
"PCNP.Q8WW12"	"PCNP.Q8WW12"	0.153409609139068	0.00165550240264277	0.156076707546794	0.0996513261126218	0.0225804837373591	0.000313796797052099	1	1	1	1
"PCNT.O95613"	"PCNT.O95613"	0.831399794067078	0.435465402128628	0.924204362590017	-0.0141404564849187	0.00567508067541998	0.661905549504398	1	1	1	1
"PCYOX1.Q9UHG3"	"PCYOX1.Q9UHG3"	0.0100872521017272	0.0253205081738291	0.350962514949938	0.108035145714683	0.38079904147757	0.00235168249573756	1	1	1	1
"PCYT1A.P49585"	"PCYT1A.P49585"	6.80421136934212e-07	9.374178577307e-07	3.99083867636096e-08	1.13778535336101	0.774960224206634	0.00592041477389702	0.00389064806098982	0.00534984371406911	1	1
"PCYT2.Q99447"	"PCYT2.Q99447"	0.233388386845298	0.19419232104278	0.00579515793880558	-0.576809482047904	0.224887248774101	0.435275815961814	1	1	1	1
"PC.P11498"	"PC.P11498"	0.00490537568155003	0.0735364547889557	0.000275737920767193	-0.502064800448957	0.328002978248497	0.000353467293266153	1	1	1	1
"PDAP1.Q13442"	"PDAP1.Q13442"	0.724734470252394	0.694498254767295	0.951930159023462	-0.0153041835384018	0.651792252265435	0.0754529645964061	1	1	1	1
"PDCD10.Q9BUL8"	"PDCD10.Q9BUL8"	0.386691247672279	0.00154290551784207	0.315919421181985	-0.186580793754805	0.546448186523058	0.155778492532201	1	1	1	1
"PDCD11.Q14690"	"PDCD11.Q14690"	6.97547458743474e-07	9.57515825817228e-07	1.92305626805035e-08	-0.77342889709848	0.00244403003488924	7.44235811574058e-06	0.0039871812741777	0.00546262778628729	1	0.042428883617837
"PDCD2L.Q9BRP1"	"PDCD2L.Q9BRP1"	0.258953419624599	0.00369985899113043	0.5062777744776	-0.100905011831526	0.193795786287608	0.941392210570458	1	1	1	1
"PDCD2.Q16342"	"PDCD2.Q16342"	0.393471995591327	0.905357341934036	0.565040083877544	0.198985460518169	0.0364361881544655	0.910395849106545	1	1	1	1
"PDCD4.Q53EL6"	"PDCD4.Q53EL6"	0.0655954208059481	0.0270404923697339	0.000101324446122157	-1.12938754756575	0.48043527941436	0.0349043329892649	1	1	1	1
"PDCD5.O14737"	"PDCD5.O14737"	0.000977613006010385	3.47701916817339e-05	0.00808338858580899	0.399695525204838	0.0431803299121185	0.572031269959066	1	0.189428004282086	1	1
"PDCD6IP.Q8WUM4"	"PDCD6IP.Q8WUM4"	5.03897331862907e-07	7.69884131505032e-07	3.40234129786194e-10	-1.09533210322919	0.00366361712659893	0.222238848156607	0.00288733171157446	0.00439988781155126	1	1
"PDCD6.O75340"	"PDCD6.O75340"	0.125401797476399	0.590291719850518	0.452643742051045	0.138006021485815	0.592257956560732	0.146365959520501	1	1	1	1
"PDCD7.Q8N8D1"	"PDCD7.Q8N8D1"	0.373688350342893	0.127227144165827	0.154116626826509	0.39289926021119	0.0217382691738739	0.0973724527635011	1	1	1	1
"PDCL3.Q9H2J4"	"PDCL3.Q9H2J4"	0.833482997479812	0.142717138312362	0.205931256203846	-0.268279071336821	0.0422300233302964	0.545424938806361	1	1	1	1
"PDE12.Q6L8Q7"	"PDE12.Q6L8Q7"	6.34597306062829e-06	0.00135349100110794	3.63305109278641e-05	-0.685246391748313	0.615769751348396	0.137117122571014	0.0353978377321846	1	1	1
"PDE2A.O00408.2"	"PDE2A.O00408.2"	0.00915287055699853	0.212512790906867	0.213152673542629	-0.530198984744944	0.286055952452388	0.382232996107109	1	1	1	1
"PDE8A.O60658"	"PDE8A.O60658"	0.580895612621645	0.721747780295083	0.738326440679774	0.204655274328682	0.114738065136296	0.716622902357994	1	1	1	1
"PDF.Q9HBH1"	"PDF.Q9HBH1"	0.0277106291578286	0.0018216471840235	0.167964405482801	0.472222571336336	0.00138161366720047	0.202963730826031	1	1	1	1
"PDGFRB.P09619"	"PDGFRB.P09619"	0.863061702647517	0.509351685593014	0.00157771058518726	0.990673099389165	0.0221592066054113	0.3148378053532	1	1	1	1
"PDHA1.P08559"	"PDHA1.P08559"	0.00510372611509378	1.5044005048737e-05	4.34728546855431e-05	-0.667962712721602	0.035040294532262	0.318292770903587	1	0.0830729958791259	1	1
"PDHB.P11177"	"PDHB.P11177"	8.45194874613899e-06	4.61158343958317e-06	4.55130755782947e-08	-0.778249049848903	0.0235838951344559	0.000706914711632177	0.0469590272335482	0.0259170989304574	1	1
"PDHX.O00330"	"PDHX.O00330"	0.218702454834013	0.975106518422186	0.0772015963623036	-0.340767743510716	0.06016721879856	0.0967453708531202	1	1	1	1
"PDIA3.P30101"	"PDIA3.P30101"	0.0442351804071215	0.0397341643254969	7.82092783248689e-05	-0.616102671327281	0.199725231453798	0.160961464637051	1	1	1	1
"PDIA4.P13667"	"PDIA4.P13667"	0.610425794749774	0.560834263086323	1.30166317080715e-07	-0.56140786197452	0.690784141227632	0.00304588814483802	1	1	1	1
"PDIA5.Q14554"	"PDIA5.Q14554"	0.0196238607585748	0.000686120256034458	0.00044534753263465	-0.202067548792006	0.369626268754295	1.39220132379227e-06	1	1	1	0.00806223786608101
"PDIA6.Q15084"	"PDIA6.Q15084"	0.219058034516851	0.994949757355421	0.0189215794076185	-0.280899205538886	0.0259632231305039	0.264996680440425	1	1	1	1
"PDK2.Q15119"	"PDK2.Q15119"	0.379933357550332	0.248326942872634	0.00660234479304816	0.654467259151156	0.282393441986705	0.259731024168049	1	1	1	1
"PDLIM1.O00151"	"PDLIM1.O00151"	0.00765809914051708	0.630966238164138	0.172169788126916	-0.273023542577531	0.0733028626797472	0.181377888250539	1	1	1	1
"PDLIM2.Q96JY6"	"PDLIM2.Q96JY6"	0.598273508752755	0.000212504991187202	0.0287293636397283	0.228459338477075	0.188000099203779	0.00726897833354155	1	1	1	1
"PDLIM3.Q53GG5.2"	"PDLIM3.Q53GG5.2"	0.0705134526648071	0.36459338487549	0.0936460735342513	-0.331342333775102	0.806825051374292	0.0297585634990655	1	1	1	1
"PDLIM4.P50479"	"PDLIM4.P50479"	0.465506494162866	0.162029609458752	0.233667000281839	0.122508410406647	0.391356678537837	2.2546473607752e-06	1	1	1	0.0129957873875082
"PDLIM5.Q96HC4"	"PDLIM5.Q96HC4"	1.49921919451907e-05	0.000661564074497605	1.04108999871301e-05	-0.428775136249265	0.105479810223457	0.000402172482545643	0.0827568995374529	1	1	1
"PDLIM7.Q9NR12"	"PDLIM7.Q9NR12"	0.00462077163018604	0.294893711431227	0.0529867182966955	-0.192643049286704	0.981183973407662	0.921179580150451	1	1	1	1
"PDP1.Q9P0J1"	"PDP1.Q9P0J1"	0.06808537325884	0.123551878328304	0.00895678678061659	-0.453761392974149	0.513289066282697	0.181870310866634	1	1	1	1
"PDPK1.O15530"	"PDPK1.O15530"	0.643545426359797	0.00124525962184489	0.751514385409683	0.0385966265954428	0.636827902469515	0.824777797326262	1	1	1	1
"PDPR.Q8NCN5"	"PDPR.Q8NCN5"	0.783888421501356	0.191023517385363	0.0556772642551727	-0.409778447524904	0.0271958684426828	0.011784176743951	1	1	1	1
"PDRG1.Q9NUG6"	"PDRG1.Q9NUG6"	0.336490837490425	3.06544079034208e-06	0.42263820116851	0.0957811781608199	0.554470853745279	0.0079060981121784	1	0.0173258713470134	1	1
"PDS5A.Q29RF7"	"PDS5A.Q29RF7"	0.00302777372889795	5.9531656295106e-06	3.67788927633286e-05	0.279425983903278	0.434921246867308	5.68652816182316e-06	1	0.0333198680283708	1	0.0325155680293049
"PDS5B.Q9NTI5"	"PDS5B.Q9NTI5"	0.00202749260815334	0.536524237462292	0.0287272652342091	0.253707879930766	0.31079965606827	0.000160422932780749	1	1	1	0.866444259948826
"PDSS2.Q86YH6"	"PDSS2.Q86YH6"	0.0980801594145178	0.970261078811462	0.731396831286079	-0.175575398971766	0.322885703858742	0.249932125774311	1	1	1	1
"PDXDC1.Q6P996"	"PDXDC1.Q6P996"	0.0526333410196999	0.0294675084279082	0.309549731924811	0.159279688697457	0.161373231009389	0.0571607006202755	1	1	1	1
"PDXK.O00764"	"PDXK.O00764"	0.16816175858421	0.687553282941229	0.143148071346697	-0.196075254056792	0.0166155815264927	0.00605041843622041	1	1	1	1
"PDXP.Q96GD0"	"PDXP.Q96GD0"	0.00418767952212798	0.00377895034484669	0.00865980062365133	-0.63764303080093	0.830654313076999	0.000621320582298178	1	1	1	1
"PDZD11.Q5EBL8"	"PDZD11.Q5EBL8"	0.215194309140929	0.0214858261595676	0.410157478161257	0.276316965787129	0.733337943312704	0.0519781409084761	1	1	1	1
"PEA15.Q15121"	"PEA15.Q15121"	0.364636222102125	0.259500094596663	0.896615458913292	0.0337578061602818	0.625486532010024	0.395039855327492	1	1	1	1
"PEBP1.P30086"	"PEBP1.P30086"	0.413487342121543	0.273181494706427	0.310709996966967	0.168222165219489	0.874800105732587	0.00275137919160867	1	1	1	1
"PEF1.Q9UBV8"	"PEF1.Q9UBV8"	0.204233282702312	0.35007067271277	0.25932742284814	-0.303634350940116	0.217181455051509	0.0580877286939493	1	1	1	1
"PELO.Q9BRX2"	"PELO.Q9BRX2"	7.53537280922682e-05	0.000111040671848451	0.239967939807951	0.0789164514581662	0.0303826379760061	0.0376271644257048	0.40464951985548	0.591735740280396	1	1
"PELP1.Q8IZL8"	"PELP1.Q8IZL8"	0.0273385070389836	0.00173450718637604	0.00372662422044123	-0.284407742935925	0.0220484455549971	0.214757650644806	1	1	1	1
"PEPD.P12955"	"PEPD.P12955"	0.0199981799235024	0.0114073673048458	0.1674208380718	0.221294031639467	0.759783137949833	0.0308989745606218	1	1	1	1
"PES1.O00541"	"PES1.O00541"	0.853620106119029	0.309218069521559	0.0754199392704567	-0.299248161335438	0.022134229786125	0.002006360125722	1	1	1	1
"PET117.Q6UWS5"	"PET117.Q6UWS5"	0.150811591978871	0.0538241342506734	0.93627600926366	-0.0391481996941879	0.488735353839426	0.0137212632008266	1	1	1	1
"PEX11B.O96011"	"PEX11B.O96011"	0.642218860389438	0.191781528623697	0.848227234065671	-0.0437018967692238	0.205327109368843	0.0646555390625234	1	1	1	1
"PEX13.Q92968"	"PEX13.Q92968"	0.0518712083956189	0.301516417774265	0.109171730438388	-0.578222215469043	0.0576384611426666	0.0339546152907326	1	1	1	1
"PEX14.O75381"	"PEX14.O75381"	0.883614086327764	0.444022353389606	0.354302109645191	-0.16886237728858	0.0307430522480792	0.0172748810113455	1	1	1	1
"PEX16.Q9Y5Y5"	"PEX16.Q9Y5Y5"	0.19433272852937	0.216994461635392	0.782397197351196	0.0981036622102589	0.458838833947686	0.0133692526078857	1	1	1	1
"PEX19.P40855"	"PEX19.P40855"	0.46930072972356	0.0264597052466803	0.23736403172369	0.154531792230472	0.693277248780312	0.16905786053055	1	1	1	1
"PEX3.P56589"	"PEX3.P56589"	0.42845559052551	0.00294467243543561	0.0359943938285521	-0.455773101824917	0.993078611611483	0.0887171934395987	1	1	1	1
"PEX5.P50542"	"PEX5.P50542"	0.695983691743978	0.400756807395929	0.228753181543451	0.0971991475783124	0.23458411081099	1.61250348403504e-06	1	1	1	0.00932510764817463
"PFAS.O15067"	"PFAS.O15067"	0.25420858372154	0.195157327683773	0.807567159407301	-0.0158906886512792	0.716813693825356	0.000608915659027699	1	1	1	1
"PFDN1.O60925"	"PFDN1.O60925"	0.455572345586162	0.384224298750436	0.5517762904802	0.0552349632478215	0.0356055944246502	6.992445585856e-05	1	1	1	0.385633374059958
"PFDN2.Q9UHV9"	"PFDN2.Q9UHV9"	0.500667018268912	0.0151971049086253	0.441060027382088	-0.123678752266775	0.0930357095141692	0.7141736926563	1	1	1	1
"PFDN4.Q9NQP4"	"PFDN4.Q9NQP4"	0.972193624691984	0.0960677396974522	0.618263944191657	0.144826395538214	0.612997111259806	0.7902965884326	1	1	1	1
"PFDN5.Q99471"	"PFDN5.Q99471"	0.398667037977499	0.0861378277088547	0.463451214583032	-0.173170659187622	0.00451190902862517	0.984982061706199	1	1	1	1
"PFDN6.O15212"	"PFDN6.O15212"	0.346568298564801	0.683391597898995	0.316354325341141	-0.157470138650749	0.588614514283254	0.202843460603489	1	1	1	1
"PFKFB2.O60825"	"PFKFB2.O60825"	0.19752465897742	0.153584374980468	0.0295157784570021	0.303038581463732	0.0233132705211467	0.0123790648097718	1	1	1	1
"PFKFB4.Q16877"	"PFKFB4.Q16877"	0.166370228101324	0.744487354449878	0.96302694487785	0.019560236851521	0.902441936841551	0.644915654916353	1	1	1	1
"PFKL.P17858"	"PFKL.P17858"	0.355873007893657	0.665528073293398	0.347801102800992	-0.117309713508017	0.766599142522947	0.136240189041494	1	1	1	1
"PFKM.P08237"	"PFKM.P08237"	2.21902575800112e-05	0.000154225018414745	0.002818112757836	0.276313388999698	0.639146133858593	0.251020998097726	0.122002036174901	0.816313022469244	1	1
"PFKP.Q01813"	"PFKP.Q01813"	3.70702269133316e-06	1.89016273761202e-05	0.000277039972431876	0.434597601758305	0.115902368430695	0.0426328481112223	0.020863123706823	0.104015655450789	1	1
"PFN1.P07737"	"PFN1.P07737"	0.9033493769864	0.648441646562507	0.21883139333806	-0.195753841692434	0.739441190530419	0.0104705120139946	1	1	1	1
"PFN2.P35080.2"	"PFN2.P35080.2"	0.124484775502433	0.0107095034458326	0.381366298686201	0.146285574729335	0.481949896606436	0.141020232872981	1	1	1	1
"PGAM1.P18669"	"PGAM1.P18669"	0.163812426438323	0.428189333923104	0.706700402984762	-0.0384293564210974	0.0198744854093544	0.0129663651937701	1	1	1	1
"PGAM5.Q96HS1"	"PGAM5.Q96HS1"	0.744432142374084	0.474181891056173	0.453827833375843	-0.0953003635647081	0.0961198172775383	0.00151988227612994	1	1	1	1
"PGD.P52209"	"PGD.P52209"	0.614484082451504	0.180677826382478	0.00194077576116432	-0.220694823943172	0.478390038986513	0.00117783790432915	1	1	1	1
"PGK1.P00558"	"PGK1.P00558"	0.0155469961291869	0.31549253581426	0.90063879547291	0.00930984516253952	0.0481928596703124	1.77202831128332e-06	1	1	1	0.0102370075542838
"PGK2.P07205"	"PGK2.P07205"	0.703782117744712	0.00134503246916834	0.897277943738152	-0.0629646624704788	0.119204476545335	1.26776403839896e-05	1	1	1	0.0718948986176051
"PGLS.O95336"	"PGLS.O95336"	0.13606773542659	0.0310935255832374	0.000387029612983897	0.995483558000446	0.000227540316333463	0.0045332780650235	1	1	1	1
"PGM1.P36871"	"PGM1.P36871"	0.25079241976482	0.130644075567182	2.22456548268326e-07	-0.703249783653534	0.133945731552426	0.0155217638223835	1	1	1	1
"PGM2L1.Q6PCE3"	"PGM2L1.Q6PCE3"	0.556952973780203	0.224321235690429	0.479644854548873	-0.202960715452031	0.348663622459759	0.512177527427455	1	1	1	1
"PGM2.Q96G03"	"PGM2.Q96G03"	0.0182474312786575	0.618864986643068	3.38895129921546e-05	-0.450083630991064	0.510942606641156	0.267672654271365	1	1	1	1
"PGM3.O95394"	"PGM3.O95394"	0.00881279486760622	0.000202186865825377	0.00021208197497062	-0.327782691975267	0.699400198336488	0.000173442245549042	1	1	1	0.933639607790491
"PGP.A6NDG6"	"PGP.A6NDG6"	0.000620717982454716	3.21488211815625e-05	0.00615716432564686	0.327317875001552	0.804412550274506	0.00282311073314955	1	0.175403968366605	1	1
"PGRMC1.O00264"	"PGRMC1.O00264"	0.463726471609677	0.918187791291079	0.6184977641914	0.0790879926319533	0.645525068819066	0.103960560024303	1	1	1	1
"PGRMC2.O15173"	"PGRMC2.O15173"	0.0813262499541254	0.348924019079045	0.784570582572127	-0.0312344743867587	0.00377032206221216	0.576110835485767	1	1	1	1
"PHACTR4.Q8IZ21"	"PHACTR4.Q8IZ21"	0.00598550418006683	0.304700962177409	0.00376677544046681	0.418765367754943	0.152602741224035	0.00100278702148789	1	1	1	1
"PHAX.Q9H814"	"PHAX.Q9H814"	0.214474043936535	0.121879483569213	0.00401259130969194	0.364409895451513	0.00107893969399641	0.00970354125547749	1	1	1	1
"PHB2.Q99623"	"PHB2.Q99623"	0.287792356849514	0.38509267741421	0.107643370441353	-0.32372472668136	0.00126393127045854	0.000293494710620767	1	1	1	1
"PHB.P35232"	"PHB.P35232"	0.322226270423041	0.393594994935662	0.0374204701353894	-0.434166914789148	0.0134042557486448	0.00619822739547906	1	1	1	1
"PHC2.Q8IXK0"	"PHC2.Q8IXK0"	0.542099273282204	0.791323034962503	0.845089073470822	-0.0361949912181487	0.127161537297721	0.128109307586742	1	1	1	1
"PHC3.Q8NDX5"	"PHC3.Q8NDX5"	0.331095075902147	0.442706685962266	0.222180955061155	0.263244763482891	0.0675353756875831	0.202757632480542	1	1	1	1
"PHF10.Q8WUB8"	"PHF10.Q8WUB8"	0.958882156929254	0.777993071629716	0.872446812108391	0.0235648031838943	0.725295497203526	0.189140401302837	1	1	1	1
"PHF12.Q96QT6"	"PHF12.Q96QT6"	0.0874397004995201	0.112664313085613	0.723245596359548	-0.0975445340986811	0.889548232043538	0.564553031712147	1	1	1	1
"PHF14.O94880.2"	"PHF14.O94880.2"	0.38776922942879	0.428001019960605	0.774299006292964	0.0634339668152537	0.149038851323026	0.591202831114457	1	1	1	1
"PHF20L1.A8MW92"	"PHF20L1.A8MW92"	0.08700394982451	0.0300240434784366	0.00133946891844094	-0.539744055792624	0.0283213613729128	0.0139647389793034	1	1	1	1
"PHF23.Q9BUL5"	"PHF23.Q9BUL5"	0.940912657242013	0.153201704315182	0.330002697780018	0.245554355335048	0.863652035460736	0.593199392199346	1	1	1	1
"PHF3.Q92576"	"PHF3.Q92576"	0.914934695539188	0.707176876435986	0.58164921244994	0.0485551152056651	0.448865885507142	0.0109477485612015	1	1	1	1
"PHF5A.Q7RTV0"	"PHF5A.Q7RTV0"	0.0203152769117736	0.963678515381557	0.555696313381351	0.0655820561582556	0.0898058140754874	0.330277433563265	1	1	1	1
"PHF6.Q8IWS0"	"PHF6.Q8IWS0"	0.0266168336896821	0.229032715801901	0.109422394586587	-0.208139228558942	0.967984611778545	0.361966540601824	1	1	1	1
"PHGDH.O43175"	"PHGDH.O43175"	0.0041072522990643	0.00650012435384882	4.23176187796219e-07	-1.22468564930321	0.0225876991483867	0.917301061783299	1	1	1	1
"PHIP.Q8WWQ0"	"PHIP.Q8WWQ0"	0.00884177184751153	0.212091915377871	0.0701287482421107	0.220607877992649	0.0630120195456473	0.00150781916524073	1	1	1	1
"PHKB.Q93100"	"PHKB.Q93100"	0.136721472254488	2.67217076953053e-05	0.0236995764547961	0.533785979136435	0.216381832294033	0.0527820221499739	1	0.146434958170273	1	1
"PHKG2.P15735"	"PHKG2.P15735"	0.150840810084965	0.515707442754227	0.179225777136875	0.20473297787991	0.103411816300281	0.0136166581864496	1	1	1	1
"PHLDB1.Q86UU1"	"PHLDB1.Q86UU1"	7.29136149238063e-05	4.41414872819794e-09	3.81036221020163e-07	0.741577670544733	0.530829910332161	0.0138221096250881	0.391764852985611	2.57742144239477e-05	1	1
"PHLDB2.Q86SQ0"	"PHLDB2.Q86SQ0"	0.158178469492129	0.000474330449785335	0.00201642404501287	-0.387069252494277	0.550727374934166	0.146376812321653	1	1	1	1
"PHPT1.Q9NRX4"	"PHPT1.Q9NRX4"	0.000983283166485825	0.000928606558308325	0.000265033708269868	0.574413452704358	0.346926976346593	6.60585324330858e-06	1	1	1	0.0377128161660487
"PHTF2.Q8N3S3"	"PHTF2.Q8N3S3"	0.941758159541377	0.00195370887482091	0.423168075615392	0.173763332847856	0.266425823112426	0.0287443696820191	1	1	1	1
"PHYHIP.Q92561"	"PHYHIP.Q92561"	0.128100729655677	0.859872956898459	0.732559623408935	-0.0814710266637687	0.0808191950746938	0.373032368169314	1	1	1	1
"PI4K2A.Q9BTU6"	"PI4K2A.Q9BTU6"	0.0470966401576854	0.00198095788486319	1.72523851239655e-08	-0.596109440133099	0.102616321932451	0.000181341502638873	1	1	1	0.975617284197138
"PI4KA.P42356"	"PI4KA.P42356"	0.188391829478894	0.524618180417728	0.790134341736603	-0.0848354217074236	0.412633256052562	0.10129956779601	1	1	1	1
"PI4KB.Q9UBF8"	"PI4KB.Q9UBF8"	0.00501588623647621	0.00145648476853579	1.61148225656168e-05	0.640294388187637	0.993756985289638	0.331688651717159	1	1	1	1
"PIAS1.O75925"	"PIAS1.O75925"	0.366320420263558	0.672008245431542	0.00690098577878756	0.660408610703728	0.283196106041712	0.193522094792345	1	1	1	1
"PICALM.Q13492"	"PICALM.Q13492"	6.053070342591e-06	3.77369699668489e-06	9.83598766394277e-09	-0.696641697097177	0.334853884630088	0.372756954692586	0.0337882386523429	0.0212610088793227	1	1
"PIEZO1.Q92508"	"PIEZO1.Q92508"	0.0285999006911831	0.0919984611930682	0.693129259353689	0.0910876397969555	0.154999632721632	0.104423007150846	1	1	1	1
"PIGK.Q92643"	"PIGK.Q92643"	0.75100614513518	0.55029120034859	0.102550247640517	0.230061395492089	0.774451921112852	0.000259541633215061	1	1	1	1
"PIGO.Q8TEQ8"	"PIGO.Q8TEQ8"	0.936881257706737	0.952732517835899	0.0894681937798841	-0.687831935738513	0.06738808604073	0.00621926279737887	1	1	1	1
"PIGS.Q96S52"	"PIGS.Q96S52"	0.0845776348378399	0.410295641407235	0.708482187668792	-0.0387018737117615	0.106568413872007	0.000198997174075222	1	1	1	1
"PIGT.Q969N2"	"PIGT.Q969N2"	0.340746981417926	0.527347138899583	0.930866824662991	0.0145949710467773	0.0596404602140323	0.000280025984533342	1	1	1	1
"PIGU.Q9H490"	"PIGU.Q9H490"	0.682676324967392	0.591133628344656	0.318969113992477	-0.467207332683372	0.0822640593837159	0.072450622590368	1	1	1	1
"PIH1D1.Q9NWS0"	"PIH1D1.Q9NWS0"	0.968934516849165	0.00753131331939373	0.0316557989724037	0.200115266922176	0.00447799571451698	0.00412442276842606	1	1	1	1
"PIK3AP1.Q6ZUJ8"	"PIK3AP1.Q6ZUJ8"	0.0540965221519303	0.166521200888436	0.0393851836843484	-0.715152268800564	0.591683100558518	0.865973395543997	1	1	1	1
"PIK3C2A.O00443"	"PIK3C2A.O00443"	0.0800162731571172	0.104645288519639	0.0531722575684355	-0.201051909865127	0.825439327529973	0.000832531395873581	1	1	1	1
"PIK3C3.Q8NEB9"	"PIK3C3.Q8NEB9"	0.701798547882852	0.715338806581906	0.168233632756172	-0.943791308251108	0.283309077990948	0.704656721090417	1	1	1	1
"PIK3R1.P27986"	"PIK3R1.P27986"	0.640902250054548	0.0326197892217452	0.0791069161048311	-0.354893380133614	0.806770126578943	0.579842481738864	1	1	1	1
"PIK3R4.Q99570"	"PIK3R4.Q99570"	0.00115407376986681	0.000314010388326749	6.73403783976368e-05	0.706154530579641	0.929007956907447	0.944737716056808	1	1	1	1
"PIKFYVE.Q9Y2I7"	"PIKFYVE.Q9Y2I7"	0.903879251181832	0.00800554451099703	0.872021667430176	-0.0536560571243952	0.799206616672762	0.00358076593703487	1	1	1	1
"PIN1.Q13526"	"PIN1.Q13526"	0.0414065576552588	0.929788129066152	0.266398009144794	0.125679005557314	0.568735042402287	3.65321277706747e-05	1	1	1	0.203776208704824
"PIN4.Q9Y237"	"PIN4.Q9Y237"	0.00107596873409934	3.66740718008224e-06	0.182740810766272	0.173820847299329	0.941091646438472	0.313161016133192	1	0.0206768416813037	1	1
"PINX1.Q96BK5"	"PINX1.Q96BK5"	0.0449676402174439	0.0682210280007199	0.26157855861197	0.161123404994668	0.751061169963278	0.912181636259771	1	1	1	1
"PIP4K2A.P48426"	"PIP4K2A.P48426"	0.276346686760177	0.350486380463267	0.729296524260333	0.0834442910897013	0.560780557956664	0.588950403365003	1	1	1	1
"PIP4K2C.Q8TBX8"	"PIP4K2C.Q8TBX8"	0.720441456081492	0.763555670538464	0.218190521896976	0.16066998813481	0.0124832575955613	0.00349222689231275	1	1	1	1
"PIP4P1.Q86T03"	"PIP4P1.Q86T03"	0.43494396475619	0.0228266865930495	0.708955999932639	0.092896320053412	0.746974117949385	0.515459095683216	1	1	1	1
"PIP5K1A.Q99755"	"PIP5K1A.Q99755"	0.0475072233063298	0.00548308605729691	0.0420855991925846	0.317767773316462	0.362807131049931	0.252765666796904	1	1	1	1
"PIR.O00625"	"PIR.O00625"	5.60107145399248e-06	1.29887003095098e-07	2.74154956883474e-05	0.676793746986899	0.9491140383925	0.0480930076710294	0.031315590499272	0.00074905834684943	1	1
"PISD.Q9UG56"	"PISD.Q9UG56"	0.590666998635803	0.188255101712811	0.225959298911994	-0.238336941350663	0.420646901308231	0.0032457735001963	1	1	1	1
"PITHD1.Q9GZP4"	"PITHD1.Q9GZP4"	0.942787871788316	0.290893440991881	0.668653494682262	-0.0447704407332769	0.592565090976785	0.00312280056097568	1	1	1	1
"PITPNA.Q00169"	"PITPNA.Q00169"	0.390158768040097	0.0322926042429224	0.0123641156793724	-0.27758173167698	0.132066458318352	0.367871785629034	1	1	1	1
"PITPNB.P48739"	"PITPNB.P48739"	0.956149701723841	0.0538066277833918	0.15097788178154	-0.187779006870465	0.425991265732233	0.810083550933813	1	1	1	1
"PITRM1.Q5JRX3"	"PITRM1.Q5JRX3"	0.00041503899677019	5.94213442323834e-06	0.000385391229814772	0.310274571052073	0.509641844668949	0.000182827516207321	1	0.0332700106357114	1	0.982880727130559
"PJA2.O43164"	"PJA2.O43164"	0.00338446303829628	0.830760291616476	0.369600854790616	-0.206669974968654	0.4430093476952	0.22837468206855	1	1	1	1
"PKIB.Q9C010"	"PKIB.Q9C010"	0.477811385880751	0.00279488562034448	0.0189600225940049	-1.10786494275645	0.122570735205519	0.0674194572409225	1	1	1	1
"PKMYT1.Q99640"	"PKMYT1.Q99640"	0.810074495381969	0.0367231310468034	0.00225377350138566	0.659657754775311	0.751556099951813	0.804193336417861	1	1	1	1
"PKM.P14618"	"PKM.P14618"	2.02223450262596e-06	0.00052495388184651	0.043635265339446	0.167355422829276	0.00515075610270034	0.00129048374692627	0.0114600029263813	1	1	1
"PKM.P14618.2"	"PKM.P14618.2"	0.395694317880546	6.25988511790623e-06	0.187691810976194	0.177713863051673	0.17604818649206	0.176693296501791	1	0.0350303171198032	1	1
"PKN1.Q16512"	"PKN1.Q16512"	0.0507720482724297	0.0609014583364058	0.0267020597159098	-1.49564571904731	0.150742590014109	0.000113232545383816	1	1	1	0.618136465250253
"PKN2.Q16513"	"PKN2.Q16513"	0.114648483877455	0.000543296283858839	0.0102970744728634	-0.322235213664408	0.543759431856201	0.0865811623226967	1	1	1	1
"PKNOX1.P55347"	"PKNOX1.P55347"	0.0327704187373656	0.825243068463953	0.498837559303937	-0.235083314768422	0.881038423021324	0.586259243204152	1	1	1	1
"PKP2.Q99959"	"PKP2.Q99959"	0.050647891432798	0.216299922054943	0.0120532411734858	-0.334700103182149	0.000384825084061807	1.94933715923798e-06	1	1	1	0.0112457260716439
"PKP4.Q99569"	"PKP4.Q99569"	0.176567383130988	0.545231183481265	0.0852416469935856	-0.337094232648251	0.121826714119604	0.00530578191763781	1	1	1	1
"PLA2G4A.P47712"	"PLA2G4A.P47712"	0.0841929551951172	0.318639334846362	0.226695245281944	-0.823675559628739	0.726439434627654	0.707141066859982	1	1	1	1
"PLAA.Q9Y263"	"PLAA.Q9Y263"	7.93047445992964e-09	1.29233306900869e-08	9.83878952154327e-08	0.435753012022353	0.924712586743685	0.00124939927676272	4.61950137290902e-05	7.51879379549253e-05	1	1
"PLAUR.Q03405"	"PLAUR.Q03405"	0.661083565566361	0.0279542713014535	1.13164902800588e-05	0.607941663436979	0.12991386517577	0.46924828120976	1	1	1	1
"PLBD2.Q8NHP8"	"PLBD2.Q8NHP8"	0.448129341274913	0.271429521283075	0.00438601224345125	0.568454109278702	0.170075335318188	0.000891508320755756	1	1	1	1
"PLCB2.Q00722"	"PLCB2.Q00722"	0.00112518768826036	0.0277862155001092	0.0381749396367787	-0.572297852754097	0.00424498203894259	0.654208400808538	1	1	1	1
"PLCB3.Q01970"	"PLCB3.Q01970"	0.934207274259008	0.0535830103722332	0.43529524529628	-0.104952735471606	0.323519207446747	0.655249330660374	1	1	1	1
"PLCD1.P51178"	"PLCD1.P51178"	8.40996738452455e-06	0.0884357725368179	0.000636828540893119	-0.876437008875407	0.00926474578640173	0.971838217181993	0.0467341887558029	1	1	1
"PLCD3.Q8N3E9"	"PLCD3.Q8N3E9"	4.77632733801882e-06	0.0213030799978688	4.81586308924278e-06	0.681438296329742	0.826087728312988	0.0250605882828823	0.0267808673842715	1	1	1
"PLCG1.P19174"	"PLCG1.P19174"	0.36830669050771	0.101119002937811	0.231494237273238	0.124733469865975	0.0993588833611393	0.280157901417222	1	1	1	1
"PLD2.O14939"	"PLD2.O14939"	0.534817827266542	0.737322533681766	0.0518169841106751	0.546690930607425	0.244628145914938	0.0446413615576025	1	1	1	1
"PLD3.Q8IV08"	"PLD3.Q8IV08"	0.588240952182863	0.515135579347416	0.278319993463569	0.572806888693883	0.0289890333157605	0.18562082752095	1	1	1	1
"PLEC.Q15149"	"PLEC.Q15149"	0.00221452270242328	0.00583846901841051	0.000722690663202285	-0.693924900853174	0.0280380484796397	0.0251958950499985	1	1	1	1
"PLEC.Q15149.3"	"PLEC.Q15149.3"	0.00853010602718545	0.00542374880659518	0.0572278153180485	-0.513594556692672	0.570112577223788	0.443138135113382	1	1	1	1
"PLEC.Q15149.4"	"PLEC.Q15149.4"	0.00910524155271261	0.455661339200037	0.00151303782128331	-0.919010620398537	0.0592965718137133	0.00101625408980316	1	1	1	1
"PLEK2.Q9NYT0"	"PLEK2.Q9NYT0"	5.05108362438045e-06	8.71677850818762e-06	4.03567287776652e-06	-0.816809368028623	0.755145381383413	0.635730897866441	0.0282860682965305	0.0486134737401624	1	1
"PLEKHA5.Q9HAU0"	"PLEKHA5.Q9HAU0"	0.162665467196425	0.235482506932439	0.371543280252643	-0.0809455547179472	0.738782599907762	0.166332315796485	1	1	1	1
"PLEKHG3.A1L390"	"PLEKHG3.A1L390"	0.000266253972449328	2.3954177160907e-05	0.660214669625457	0.0450629889348662	0.953126077848039	0.00144530813640763	1	0.131436570081897	1	1
"PLEKHO2.Q8TD55"	"PLEKHO2.Q8TD55"	6.51165277027803e-05	0.00419991880948998	1.20186404486033e-05	0.572865801775852	0.123463016858935	1.56401539419833e-05	0.350717618207174	1	1	0.0884919910037415
"PLGRKT.Q9HBL7"	"PLGRKT.Q9HBL7"	0.488189642711187	0.122522956755043	0.911736640790117	-0.0446633877133493	0.718599052777456	0.00233420376639044	1	1	1	1
"PLIN2.Q99541"	"PLIN2.Q99541"	5.64820715573906e-07	0.0033760422468528	6.83669743254502e-05	0.538021369143314	0.252225150774756	0.115543700019012	0.00323472823809176	1	1	1
"PLIN3.O60664"	"PLIN3.O60664"	0.756718363636853	0.195043590336078	0.375974778245798	0.124290296720032	0.761057096783211	0.00180480613797217	1	1	1	1
"PLK1.P53350"	"PLK1.P53350"	0.000148108244388101	0.671164961080312	6.03882790259253e-11	0.919667347037065	0.000439890647096225	0.112828922895787	0.783936937546218	1	1	1
"PLOD1.Q02809"	"PLOD1.Q02809"	0.00850247052135747	0.141586248444724	2.34741170686539e-08	0.54577482883529	0.983209749330377	0.0107543991708199	1	1	1	1
"PLOD2.O00469.2"	"PLOD2.O00469.2"	3.00912619195268e-05	0.606786064766135	2.51431367998056e-08	0.654200673903298	0.793532288672904	0.159826200966618	0.164508928914053	1	1	1
"PLOD3.O60568"	"PLOD3.O60568"	0.0810829239256319	0.422299469915382	1.07440097622017e-06	0.401747866662872	0.4691806958081	0.000772921692042933	1	1	1	1
"PLP2.Q04941"	"PLP2.Q04941"	0.00668405051917363	0.00037522465493656	0.00025323520548516	1.87182632428542	0.857050075415776	0.000595306845312793	1	1	1	1
"PLPBP.O94903"	"PLPBP.O94903"	0.113240200591022	0.00427249167923027	0.555127316980623	-0.0529288103626001	0.537382989974413	0.035582146286308	1	1	1	1
"PLPP2.O43688"	"PLPP2.O43688"	0.265779779638611	0.230128747942962	0.0267411074058904	0.685568700403708	0.913102521865447	0.0432963097320481	1	1	1	1
"PLRG1.O43660"	"PLRG1.O43660"	0.0450001440549959	0.821220466035585	0.15787575639652	0.12567206331303	0.0163928190585813	0.000421243687982296	1	1	1	1
"PLS1.Q14651"	"PLS1.Q14651"	0.0575960979301291	0.751667791115396	0.000223424816923496	-0.569526636495288	0.0755577166067974	0.811377039501208	1	1	1	1
"PLS3.P13797"	"PLS3.P13797"	0.121485352015238	0.990683481079423	0.00917978073839196	-0.477658941653606	0.244710841862876	0.459497276932235	1	1	1	1
"PLSCR1.O15162"	"PLSCR1.O15162"	0.765257197001481	0.0736025696745521	0.881752081716202	-0.0400864226636764	0.281659066494889	7.49632110827454e-05	1	1	1	0.413197219488093
"PLXNA1.Q9UIW2"	"PLXNA1.Q9UIW2"	0.287133778541225	0.00448054259249485	9.72830221731968e-06	0.511121373076812	0.438664425836401	0.114497856801391	1	1	1	1
"PLXNB2.O15031"	"PLXNB2.O15031"	0.070413759034644	0.505904631124055	0.00606082998016188	0.202372746031789	0.662807880699297	0.6831759701926	1	1	1	1
"PM20D2.Q8IYS1"	"PM20D2.Q8IYS1"	0.0432427253458758	0.00545603959202016	0.131843132284301	0.222379634049681	0.603118107666573	0.857052266122121	1	1	1	1
"PMAIP1.Q13794"	"PMAIP1.Q13794"	0.114972240566957	0.374362083033287	0.0947349748013968	0.598016185568539	0.530433661749575	0.279629126271622	1	1	1	1
"PMF1.Q6P1K2"	"PMF1.Q6P1K2"	0.850835236128322	0.852565632795712	0.00643884937536016	0.872435031178087	0.215780939482693	0.0155332004031438	1	1	1	1
"PML.P29590"	"PML.P29590"	0.861059146663605	0.103010795401149	0.162099465930429	0.165890453295892	0.0805199753186169	0.96929021164605	1	1	1	1
"PMM1.Q92871"	"PMM1.Q92871"	0.134522653307253	0.269314747660994	0.023126627052153	-0.32690296472819	0.342066740942291	0.000799718126487149	1	1	1	1
"PMM2.O15305"	"PMM2.O15305"	0.431827474591903	0.0858755234427385	0.612660654876046	-0.0763557578991562	0.622947233192045	0.0345299441378475	1	1	1	1
"PMPCA.Q10713"	"PMPCA.Q10713"	3.32852769311858e-05	0.000186684359479121	0.000427653363259987	-0.340520540601827	0.301718197548406	0.00600282236923095	0.181671041490412	0.983453205736007	1	1
"PMPCB.O75439"	"PMPCB.O75439"	0.130632529736183	0.619334654701676	0.0227961774335136	-0.460570984897277	0.0546660249797296	0.00211822253164704	1	1	1	1
"PMS2.P54278"	"PMS2.P54278"	0.343246723013019	0.225623496251019	0.68958675803928	-0.0568053178409787	0.399338249078855	0.0430447588382074	1	1	1	1
"PMVK.Q15126"	"PMVK.Q15126"	0.185141761669588	0.406505588757742	0.00525763725918696	-0.595593012226867	0.105251737547768	0.00343923508764156	1	1	1	1
"PNKD.Q8N490"	"PNKD.Q8N490"	0.584447493044902	0.0181243571178971	0.248576189942043	-0.258107559354902	0.0964630555701365	0.0254353667788573	1	1	1	1
"PNKD.Q8N490.2"	"PNKD.Q8N490.2"	0.0685461890796248	0.491084968098893	0.461294289784017	0.120787939915428	0.821549451228845	0.00246400280072581	1	1	1	1
"PNKP.Q96T60"	"PNKP.Q96T60"	0.604748711950979	0.0473563843335657	0.251268845759742	-0.162305302168806	0.4910466916788	0.706028596416094	1	1	1	1
"PNMA1.Q8ND90"	"PNMA1.Q8ND90"	0.290341833959056	3.29364303573798e-05	0.506875123463047	0.247303978288655	0.0134725679467485	1.97589973033501e-06	1	0.179635291169149	1	0.011395013744842
"PNN.Q9H307"	"PNN.Q9H307"	0.0985140406607497	0.503678688740894	0.758294353715563	-0.0514438319619492	0.579868817872021	0.390520651798248	1	1	1	1
"PNO1.Q9NRX1"	"PNO1.Q9NRX1"	0.000748879699492791	7.69712910083832e-07	0.00928566729361782	-0.244986704873322	0.0784177181459196	0.293741126347686	1	0.00439967899403918	1	1
"PNPLA6.Q8IY17"	"PNPLA6.Q8IY17"	0.362332874336698	0.00353936145094823	0.558007336428669	0.06487214684505	0.236088899910693	1.83256524205351e-06	1	1	1	0.010581231707617
"PNPO.Q9NVS9"	"PNPO.Q9NVS9"	0.156747887622134	0.0283927228470074	0.933258735645151	0.00920014326086223	0.103783396362741	0.0494680870556328	1	1	1	1
"PNPT1.Q8TCS8"	"PNPT1.Q8TCS8"	0.000165904055993644	2.61311208404808e-07	2.69920442189433e-05	-0.544061759209461	0.032915274513631	0.129739534273569	0.875807511590449	0.00150358469316127	1	1
"PNP.P00491"	"PNP.P00491"	0.00695375290190168	0.00345637929589444	6.55846279448083e-08	-0.612035445083634	0.258945399066936	0.0022215597508297	1	1	1	1
"POC1A.Q8NBT0"	"POC1A.Q8NBT0"	0.152241061013151	0.0113732913400163	0.0543868702092486	-0.54750175665101	0.424215738637746	0.139119892190377	1	1	1	1
"PODXL.O00592"	"PODXL.O00592"	0.047235458022409	0.368031579112958	0.229490932194635	-0.370765789508801	0.494932517122956	0.531602409209266	1	1	1	1
"POFUT1.Q9H488"	"POFUT1.Q9H488"	0.000134175517842933	0.000170192553326864	1.28677742630223e-07	0.620138587654828	0.0125067997906062	0.00101163243181438	0.711691570480683	0.89929745177915	1	1
"POFUT2.Q9Y2G5"	"POFUT2.Q9Y2G5"	0.0264951468317658	0.130026345249178	0.0102770002675627	0.748677881407966	0.0636720592968701	0.55832905240394	1	1	1	1
"POGLUT1.Q8NBL1"	"POGLUT1.Q8NBL1"	0.843246675165872	0.0766403816329385	0.421237533795301	-0.157320273220075	0.0135040361311547	0.00292639474402621	1	1	1	1
"POGLUT3.Q7Z4H8"	"POGLUT3.Q7Z4H8"	0.31698992642792	0.0112847899915954	0.00325819399111061	0.344563291230224	0.595080581622149	0.0158806921054255	1	1	1	1
"POGZ.Q7Z3K3"	"POGZ.Q7Z3K3"	0.280165223504691	0.00858592752770369	0.0617430234953014	-0.134539691524337	0.0622656358444944	0.0034894501697138	1	1	1	1
"POLA1.P09884"	"POLA1.P09884"	0.150208065528716	0.481444623527278	0.0518642247561828	0.285774698268614	0.00503957819457391	0.905634706911864	1	1	1	1
"POLA2.Q14181"	"POLA2.Q14181"	0.960331675048697	0.55614162307537	0.170344354076788	0.17651613575387	0.167156464485992	0.0757857128203479	1	1	1	1
"POLB.P06746"	"POLB.P06746"	0.000224660053470985	0.0780269554647025	4.19862005352651e-05	0.956906739263164	0.00197553727736271	0.000235073779496158	1	1	1	1
"POLD1.P28340"	"POLD1.P28340"	0.337035780881168	0.562053735538752	0.0148306890609197	0.171843885076977	0.333329098146029	0.915391459799005	1	1	1	1
"POLD2.P49005"	"POLD2.P49005"	0.120800989344614	0.727317816762509	0.996363644828109	-0.000467487938526214	0.980552194250648	0.0244167287147073	1	1	1	1
"POLD3.Q15054"	"POLD3.Q15054"	0.695198195994931	0.438399327856544	0.503468035597889	-0.11429093324703	0.508108862200252	0.0735169298762157	1	1	1	1
"POLDIP2.Q9Y2S7"	"POLDIP2.Q9Y2S7"	0.0645097621168628	0.869483855859567	0.244344566640184	0.113664362626954	0.219785125923349	0.000121511272969815	1	1	1	0.661264347501734
"POLDIP3.Q9BY77"	"POLDIP3.Q9BY77"	0.0548560053593354	0.0408759190248819	0.195917692320592	-0.135237278664558	0.397442772768947	0.0621865152404885	1	1	1	1
"POLE2.P56282"	"POLE2.P56282"	0.216398615855282	0.904136417302105	0.00682839525977156	0.50098187708071	0.742265044031234	0.969328038485932	1	1	1	1
"POLE3.Q9NRF9"	"POLE3.Q9NRF9"	0.146780642448375	0.483299867743894	0.0184569040317649	-2.44198800962918	0.409994090904583	0.947878263743604	1	1	1	1
"POLE4.Q9NR33"	"POLE4.Q9NR33"	0.656244546908433	0.838626760922807	0.799416099470909	0.084758705477908	0.966181199944212	0.765067549942346	1	1	1	1
"POLE.Q07864"	"POLE.Q07864"	0.168644609063769	0.00966861754119216	8.76591656121294e-05	0.585095920354146	0.0393559737311447	0.105948718472444	1	1	1	1
"POLG2.Q9UHN1"	"POLG2.Q9UHN1"	0.133797119272783	0.0393060412166129	0.0128540052869338	-0.73378384875942	0.979300174928172	0.219060114194041	1	1	1	1
"POLG.P54098"	"POLG.P54098"	0.122571758336069	0.280838096053324	0.314603548259605	-0.310856861848491	0.997038510425902	0.140341088017977	1	1	1	1
"POLR1A.O95602"	"POLR1A.O95602"	7.26729036083157e-05	0.000158438128828904	7.12421558421604e-05	-0.510630208497426	0.0179306525331532	7.03701429411159e-05	0.390544183991089	0.838137701504902	1	0.388020968177313
"POLR1B.Q9H9Y6"	"POLR1B.Q9H9Y6"	0.00349250438078693	3.00216224252543e-05	0.00126164325642105	-0.389083523516399	0.00685420209974922	0.00206267478092216	1	0.164008123309164	1	1
"POLR1C.O15160"	"POLR1C.O15160"	0.000111763790740555	0.0331632822804731	0.000505480945856375	-0.380545181236588	0.103477040099008	0.306806494881929	0.595365713274936	1	1	1
"POLR1D.P0DPB6"	"POLR1D.P0DPB6"	0.0200099266606719	0.268569583102527	0.915126145503053	-0.0107979927714212	0.0292861595236206	0.780625029681176	1	1	1	1
"POLR1E.Q9GZS1"	"POLR1E.Q9GZS1"	0.0634827655446734	0.802229011070804	0.511118113520908	0.0592680621241441	0.00356320724238979	0.000673000261718006	1	1	1	1
"POLR1F.Q3B726"	"POLR1F.Q3B726"	0.0546308088895142	0.551716827730826	0.0724497378813401	-0.449272246436401	0.0211195615460066	0.000831210907260273	1	1	1	1
"POLR1G.O15446"	"POLR1G.O15446"	0.324108584340085	0.691972293104793	0.468048486797288	0.126693793320553	0.591049421325764	0.58359384250141	1	1	1	1
"POLR1H.Q9P1U0"	"POLR1H.Q9P1U0"	2.17619203828849e-05	0.000206374171335197	0.911287645240071	-0.0309235360634595	0.0646024975915278	0.000549593439449895	0.119668800185484	1	1	1
"POLR2A.P24928"	"POLR2A.P24928"	0.0358599523886783	0.604159241699379	0.737791182462388	0.0212668822642141	0.251011888293621	0.000129204589681082	1	1	1	0.702226944916683
"POLR2B.P30876"	"POLR2B.P30876"	0.00801908891434363	0.0113422429752647	0.0387301033960342	0.144716353152754	0.189460244704986	0.153100591863656	1	1	1	1
"POLR2C.P19387"	"POLR2C.P19387"	0.276256513587132	0.00748585882079181	0.0025074297099677	0.272479081172547	0.392970540965333	0.0199690011638116	1	1	1	1
"POLR2D.O15514"	"POLR2D.O15514"	0.68769361374305	0.211817021967972	0.131563525392043	0.199631829430604	0.648479184472455	0.245128967565096	1	1	1	1
"POLR2E.P19388"	"POLR2E.P19388"	0.037699572697739	0.141312598870053	0.130374784284485	-0.227723524972723	0.481180481986276	0.83837465181641	1	1	1	1
"POLR2G.P62487"	"POLR2G.P62487"	0.377197895508009	0.0343633676756237	0.0276054603679255	0.261397338707233	0.96780610692174	0.120204910678638	1	1	1	1
"POLR2H.P52434"	"POLR2H.P52434"	0.314326753267985	0.0088091013544866	0.211667682710464	-0.125327256584799	0.0668584042785008	0.000629810941038618	1	1	1	1
"POLR2I.P36954"	"POLR2I.P36954"	8.49955652643135e-05	0.520215853512324	4.73228588388771e-06	0.524988064328093	0.278352174841941	0.00366046460513966	0.455236247555663	1	1	1
"POLR2J.P52435"	"POLR2J.P52435"	0.681857247307549	0.931736199934736	0.101833871840765	0.287663019081387	0.937882871126114	0.156515170129037	1	1	1	1
"POLR2K.P53803"	"POLR2K.P53803"	0.585190922615757	0.0514344818106577	0.618857573870275	-0.146512393399493	0.995983587132188	0.199205021878099	1	1	1	1
"POLR2L.P62875"	"POLR2L.P62875"	0.0322213765832139	0.236614711162341	0.0542281781216793	-0.345260447972074	0.37808926285169	4.66166621498695e-05	1	1	1	0.259142024891124
"POLR2M.P0CAP2"	"POLR2M.P0CAP2"	0.277993307198776	5.64522298965548e-08	0.210995904523122	0.342747071044995	0.464860874910903	0.0010941391684186	1	0.00032657614995157	1	1
"POLR2M.Q6EEV4"	"POLR2M.Q6EEV4"	0.253505996824839	3.98671691435512e-05	0.346770896772668	0.221949397655282	0.443199542746781	0.84377235816897	1	0.21643886128034	1	1
"POLR3A.O14802"	"POLR3A.O14802"	0.15607049727734	0.82912250115237	0.794361076299048	0.0334498389362829	0.339355053739085	0.0394984304113984	1	1	1	1
"POLR3B.Q9NW08"	"POLR3B.Q9NW08"	0.738306071819423	0.0645572170956706	0.0745511928759146	0.306243978738642	0.38242537800347	0.106892147712374	1	1	1	1
"POLR3C.Q9BUI4"	"POLR3C.Q9BUI4"	0.0863431538463319	0.992577254221462	0.0536839194132854	0.333726319117289	0.79013150877245	0.397078166970628	1	1	1	1
"POLR3D.P05423"	"POLR3D.P05423"	0.766429813872999	0.0528863752973971	0.144358694821232	0.159508088658596	0.298639976493776	0.678429456929054	1	1	1	1
"POLR3E.Q9NVU0"	"POLR3E.Q9NVU0"	0.495277950709354	0.574318446832623	0.0191135515625926	0.467442491878316	0.0137592692117813	0.0218986787457315	1	1	1	1
"POLR3F.Q9H1D9"	"POLR3F.Q9H1D9"	0.519771727958357	0.341809843332588	0.436625803277259	-0.36375053486175	0.512853631078096	0.212739591408013	1	1	1	1
"POLR3G.O15318"	"POLR3G.O15318"	0.246162890422663	0.427899240291605	0.931905696354431	0.0245092880914574	0.0189890280829294	0.866726002618805	1	1	1	1
"POLR3H.Q9Y535"	"POLR3H.Q9Y535"	0.000381926119715362	0.382267864585682	0.352504470456813	0.154872243545032	0.00170318780700596	0.920540224896205	1	1	1	1
"POLRMT.O00411"	"POLRMT.O00411"	0.74363265165916	0.147799316802826	0.00541297794965154	-0.474352514770454	0.00209781107910776	4.90642262620652e-07	1	1	1	0.00286093503334102
"POM121C.A8CG34"	"POM121C.A8CG34"	0.572183136997548	0.279676115149221	0.229632587214479	0.140959346058764	0.0139201314492301	0.080377226939729	1	1	1	1
"POM121.Q96HA1"	"POM121.Q96HA1"	0.883814464589465	0.00360898179948863	0.000167440110904863	0.4886796127333	0.882721305772432	3.49830157313863e-05	1	1	1	0.195415125875524
"POMGNT2.Q8NAT1"	"POMGNT2.Q8NAT1"	0.421956736999697	0.213150084952033	0.765911011871301	-0.178254136658524	0.276839775961012	0.571802902795514	1	1	1	1
"POMK.Q9H5K3"	"POMK.Q9H5K3"	0.163467148121359	0.720900696993977	1.18984934416587e-05	0.706944366860951	0.292649339880036	0.0160504988007372	1	1	1	1
"POMP.Q9Y244"	"POMP.Q9Y244"	0.183093663108576	1.1160637351282e-05	0.190975498605025	0.266879895672891	0.647567498455834	0.0228440704620385	1	0.0620196617610741	1	1
"PON2.Q15165"	"PON2.Q15165"	0.0561686049211446	0.00207633179874418	0.114098086971798	-0.178955811231081	0.123097966680025	0.490935990256831	1	1	1	1
"POP1.Q99575"	"POP1.Q99575"	0.00335038092555333	0.000128115510703136	0.00855785698163987	-0.29854675602435	0.381579818437721	0.00011727687080364	1	0.68093393938717	1	0.639510776492247
"POP4.O95707"	"POP4.O95707"	0.261379892450534	0.145606730812775	0.31483975504999	0.183438931900775	0.907172334654516	0.218587474958201	1	1	1	1
"POP5.Q969H6"	"POP5.Q969H6"	0.755318163282949	0.672518482815419	0.00780515093260071	-0.556715466878987	0.0021476393275395	7.59819460189612e-05	1	1	1	0.418584540618457
"POP7.O75817"	"POP7.O75817"	0.0295571984378464	0.954974626122313	0.0067979538830232	-0.368699432126926	0.118714625183023	0.100727791717132	1	1	1	1
"POR.P16435"	"POR.P16435"	0.00438311387230876	0.0194883110676817	0.836166881703625	-0.0133435286345659	0.36551975026182	0.00027194978450899	1	1	1	1
"POSTN.Q15063"	"POSTN.Q15063"	0.394041051918554	0.0473596537515663	0.0655743600332734	-0.757808350746366	0.715410045783424	0.649141002080458	1	1	1	1
"POTEE.Q6S8J3"	"POTEE.Q6S8J3"	0.138696751685202	0.0186973829530007	0.00897898143475707	-1.09653956001154	0.00262701215206683	0.42113055954806	1	1	1	1
"POTEF.A5A3E0"	"POTEF.A5A3E0"	0.700268837692878	0.532340912454757	0.496393741513771	0.195336852967661	0.182437044606292	0.813387779017374	1	1	1	1
"POU2F1.P14859"	"POU2F1.P14859"	0.601783238298184	0.132446658989923	0.343301167226255	-0.181826516961105	0.371679533245919	0.154888611031873	1	1	1	1
"PPA1.Q15181"	"PPA1.Q15181"	0.223446972202811	0.80350425043195	0.603674799545581	0.0445139778889377	0.976019383766205	3.50080371866567e-06	1	1	1	0.0201016149525783
"PPA2.Q9H2U2"	"PPA2.Q9H2U2"	0.150789081759789	0.00216916073356535	0.700798357825371	0.0663614344570586	0.975951309088535	0.12599836791711	1	1	1	1
"PPAN.Q9NQ55"	"PPAN.Q9NQ55"	0.274066270249075	0.621294277787229	0.218900994074328	0.23469977757568	0.295107786481814	0.0191421517777594	1	1	1	1
"PPAT.Q06203"	"PPAT.Q06203"	0.00123339561648183	0.124027420033204	0.642050072465323	0.0397686502459139	0.730894212608407	0.000167808374928859	1	1	1	0.904822757616408
"PPCS.Q9HAB8"	"PPCS.Q9HAB8"	0.0154921246640547	0.303163660399887	0.00101736905416768	-0.435964819057914	0.0114773355199719	0.259657495035204	1	1	1	1
"PPFIA1.Q13136"	"PPFIA1.Q13136"	0.0453007158365164	0.000874835498564825	0.659982848474008	-0.0484898562135068	0.0401051032166338	0.0213519462684972	1	1	1	1
"PPFIBP1.Q86W92"	"PPFIBP1.Q86W92"	0.70471023751792	0.15956500358669	0.079019929683635	0.107177369885655	0.00533793728569697	6.56020469450257e-07	1	1	1	0.0038180391322005
"PPHLN1.Q8NEY8"	"PPHLN1.Q8NEY8"	0.0881428238490571	0.000667517160835819	0.00362758102061794	0.357398918448388	0.680417387127573	0.0294542192443243	1	1	1	1
"PPIAL4C.A0A0B4J2A2"	"PPIAL4C.A0A0B4J2A2"	0.321389262494771	0.577319166606651	0.403853536676363	0.929187603306179	0.85507430723206	0.98016741513417	1	1	1	1
"PPIA.P62937"	"PPIA.P62937"	0.102367296693731	0.0195105524365408	0.377146098208024	0.24915363742753	0.147433753188484	0.65579949000486	1	1	1	1
"PPIA.P62937.2"	"PPIA.P62937.2"	0.0295205289077133	5.71852787514588e-05	0.18085178177839	0.203128762652303	0.144482075627309	0.0274800127182281	1	0.308171467191611	1	1
"PPIB.P23284"	"PPIB.P23284"	0.687131760841371	0.731936978578841	0.307277693155048	-0.421511442410716	0.600629115180819	0.520565953345305	1	1	1	1
"PPID.Q08752"	"PPID.Q08752"	0.0428262272513868	0.275617604857188	0.271917543142844	-0.0868548372909233	0.0922547674405044	0.000567194423047407	1	1	1	1
"PPIE.Q9UNP9"	"PPIE.Q9UNP9"	0.0678971039723439	0.0993843739047308	0.232322382755429	0.10377022616128	0.178526673060426	0.591614844716603	1	1	1	1
"PPIF.P30405"	"PPIF.P30405"	0.023941878738187	8.94848477870046e-05	0.0338722481887591	-0.29419548098029	0.217099411977031	0.763101885800436	1	0.478744226434037	1	1
"PPIG.Q13427"	"PPIG.Q13427"	0.709801030931196	0.0885393140832348	0.708712629853815	0.0628366900705139	0.797554756176591	0.0107630397563498	1	1	1	1
"PPIH.O43447"	"PPIH.O43447"	0.24194634042096	0.0237598614712793	0.227082596596167	0.150370097772698	0.866514366050752	0.166582844378019	1	1	1	1
"PPIL1.Q9Y3C6"	"PPIL1.Q9Y3C6"	0.00159260369261279	0.0654116209662567	0.0747247000637946	-0.130595623099093	0.000145714981205307	0.00362917238446049	1	1	0.850538345295375	1
"PPIL2.Q13356"	"PPIL2.Q13356"	0.0406816655989698	0.00497554055176324	0.000238588399603843	0.553102355326207	0.398895040948985	0.0264813652956378	1	1	1	1
"PPIL3.Q9H2H8"	"PPIL3.Q9H2H8"	0.0529059965362222	0.821190570514935	0.0698675036779803	-0.170161900673421	0.860773929078522	0.0548856070090345	1	1	1	1
"PPIL4.Q8WUA2"	"PPIL4.Q8WUA2"	0.942758644329574	0.59880491087811	0.708886383860593	0.0414771648328497	0.713615417854164	0.58830946565244	1	1	1	1
"PPIP5K1.Q6PFW1"	"PPIP5K1.Q6PFW1"	0.758084630557706	0.659302123645149	0.255526822068656	-0.34281254498076	0.395096809817783	0.447794525724758	1	1	1	1
"PPIP5K2.O43314"	"PPIP5K2.O43314"	0.903339649913876	0.588906052199936	0.38102471774721	-0.274244769319886	0.361857189644779	0.314453503383987	1	1	1	1
"PPM1A.P35813"	"PPM1A.P35813"	0.0538295491983162	0.018115622021747	0.633001222826011	-0.0518257702407011	0.0357804425543615	1.95494826846019e-06	1	1	1	0.0112761416124784
"PPM1B.O75688"	"PPM1B.O75688"	0.209495897939179	0.203535692154549	0.000464436714355913	-0.32846000990599	0.162045151931334	0.00595688815690118	1	1	1	1
"PPM1D.O15297"	"PPM1D.O15297"	0.000624566513775767	0.124062301686528	1.43105164720942e-05	0.611035116171319	0.7802100120604	0.142793442295166	1	1	1	1
"PPM1F.P49593"	"PPM1F.P49593"	0.385487016703578	0.607688085570117	0.0321220801200098	-0.258998763980186	0.543930189887136	0.0273013143060285	1	1	1	1
"PPM1G.O15355"	"PPM1G.O15355"	7.48790157912345e-06	0.00233992783012788	0.000352956325000378	-0.345363274585443	0.107993142530512	0.00135031903187084	0.0416926359925594	1	1	1
"PPME1.Q9Y570"	"PPME1.Q9Y570"	2.62963003162145e-08	5.48300593162091e-10	4.75952625775979e-08	-0.961597245207664	0.262185680941114	0.0043230201777892	0.000152702615936258	3.21304147592985e-06	1	1
"PPOX.P50336"	"PPOX.P50336"	0.796291630953666	0.119085103267658	0.251396563469721	-0.292221585464525	0.765651152967506	0.373831012504634	1	1	1	1
"PPP1CA.P62136"	"PPP1CA.P62136"	0.698101734162509	0.0181707196919444	0.899001445217082	0.010996264730493	0.961701396592608	0.492320972983095	1	1	1	1
"PPP1CB.P62140"	"PPP1CB.P62140"	0.0301581440808297	0.43029395561364	0.0296980950863879	-0.480241607479669	0.967871158824207	0.0114958808750135	1	1	1	1
"PPP1CC.P36873"	"PPP1CC.P36873"	0.977534186704598	0.0126273520519824	0.0422689126926239	0.639565461253623	0.495393383808195	0.14684035786994	1	1	1	1
"PPP1R10.Q96QC0"	"PPP1R10.Q96QC0"	0.0568753763820857	0.67962415786488	0.0313497455660893	-0.331654830937476	0.0654618150311699	0.000910658117518589	1	1	1	1
"PPP1R11.O60927"	"PPP1R11.O60927"	0.865521693562715	0.0723918768553594	0.309173059477752	0.321436945392855	0.255985362238135	0.56496265913922	1	1	1	1
"PPP1R12A.O14974"	"PPP1R12A.O14974"	0.98948626584556	0.112120938860267	0.871797126266013	-0.0116885381765221	0.102666298601041	0.248281737824372	1	1	1	1
"PPP1R12C.Q9BZL4"	"PPP1R12C.Q9BZL4"	0.746578533952693	0.989729203798525	0.822718857815228	0.0258455623666015	0.0928082747394286	0.660863999848094	1	1	1	1
"PPP1R13L.Q8WUF5"	"PPP1R13L.Q8WUF5"	0.041068666976501	0.298737301284522	0.439881685938522	-0.112279125952618	0.894593745831686	0.0955536303924743	1	1	1	1
"PPP1R14B.Q96C90"	"PPP1R14B.Q96C90"	0.441961744444053	0.000440366299197855	0.00299652411595343	0.492876700560155	0.00881432768281471	0.00572700979815759	1	1	1	1
"PPP1R14C.Q8TAE6"	"PPP1R14C.Q8TAE6"	0.000195389710035339	0.102798071049049	0.000502568305585833	-0.770659682163044	0.289675588286797	0.804104532582525	1	1	1	1
"PPP1R15A.O75807"	"PPP1R15A.O75807"	0.298378625453496	0.781726391386306	0.991623909827769	0.00515955441231411	0.511708658530553	0.573577452891519	1	1	1	1
"PPP1R18.Q6NYC8"	"PPP1R18.Q6NYC8"	1.02994031770051e-05	0.000157292435359739	0.0868999101264072	-0.184269485371151	0.167946553147415	0.389968754803119	0.0571204900196701	0.832391567923737	1	1
"PPP1R21.Q6ZMI0"	"PPP1R21.Q6ZMI0"	0.163503336679206	0.370324098673361	0.244557618382553	0.49070659649465	0.0394453148745805	0.837668294729541	1	1	1	1
"PPP1R2.P41236"	"PPP1R2.P41236"	0.488935804821051	0.474882077129552	0.123963510852573	0.198047421764082	0.00260020957523568	0.000165547363227227	1	1	1	0.893459119337347
"PPP1R7.Q15435"	"PPP1R7.Q15435"	0.0560515625170835	0.00358058539052634	0.437118779186208	0.0625083132961462	0.032694062590291	0.000107084388079888	1	1	1	0.58543034963275
"PPP1R8.Q12972"	"PPP1R8.Q12972"	0.513806184734735	0.991779136468103	0.514420846046246	-0.0628453258154408	0.365952386277848	0.790209317688498	1	1	1	1
"PPP1R9B.Q96SB3"	"PPP1R9B.Q96SB3"	0.42874219271962	0.198329350812633	0.383030193571441	0.0841541317475452	0.39619283284467	0.220635367415343	1	1	1	1
"PPP2CA.P67775"	"PPP2CA.P67775"	0.436574387761469	0.849380841880326	0.553745562653958	0.0836378146136039	0.650976605536453	0.0918563553131994	1	1	1	1
"PPP2CB.P62714"	"PPP2CB.P62714"	0.6052354986133	0.086871777121036	0.910709214210434	0.0409543992762001	0.815548719001935	0.39046519300566	1	1	1	1
"PPP2R1A.P30153"	"PPP2R1A.P30153"	0.465607166936495	1.37165176493652e-05	0.987987773484784	-0.00105868918300997	0.378420728865497	0.375796742977045	1	0.0759209251892366	1	1
"PPP2R1B.P30154"	"PPP2R1B.P30154"	0.0334484412987959	0.450127973851032	0.000254611204001602	-0.380967366198541	0.000330014543472531	0.318470182511665	1	1	1	1
"PPP2R2A.P63151"	"PPP2R2A.P63151"	0.0929666824801666	0.228601013562	0.328959839001668	0.138928548351827	0.837515137542878	0.0621895418344203	1	1	1	1
"PPP2R3A.Q06190"	"PPP2R3A.Q06190"	0.989454516826036	0.524492581568924	0.0909849274036949	0.48522136325865	0.0945427382542824	0.11150450476149	1	1	1	1
"PPP2R5A.Q15172"	"PPP2R5A.Q15172"	0.590915176700266	0.12531404096281	0.287471287945166	0.320932565314333	0.27586727692894	0.909542208827181	1	1	1	1
"PPP2R5B.Q15173"	"PPP2R5B.Q15173"	0.42519197888068	0.34053977661194	0.742026888153516	0.255689821467636	0.232759824188974	0.79557190020899	1	1	1	1
"PPP2R5C.Q13362"	"PPP2R5C.Q13362"	0.00929494978349937	0.0112566501594065	0.0235427658660919	0.422076136845265	0.521520564737881	0.553463795966452	1	1	1	1
"PPP2R5D.Q14738"	"PPP2R5D.Q14738"	0.0949810278726603	0.00632961501588161	0.00364150096939853	0.249039911958589	0.0701514546563899	0.0322319095126925	1	1	1	1
"PPP2R5E.Q16537"	"PPP2R5E.Q16537"	0.947578088100446	0.832479661237697	0.473078827475718	-0.0905877227569456	0.57202653072954	0.931132430527616	1	1	1	1
"PPP3CA.Q08209"	"PPP3CA.Q08209"	0.910323766959975	0.0441504215300664	0.251328136876678	-0.169227498495706	0.436888320875987	0.360613944367351	1	1	1	1
"PPP3R1.P63098"	"PPP3R1.P63098"	0.999899195636739	0.118981977367185	0.494735193699013	0.105635185784972	0.10296219993067	0.282631150070549	1	1	1	1
"PPP4C.P60510"	"PPP4C.P60510"	0.326907974242451	0.0739999703607726	0.000149741661464358	0.520596478553867	0.000494691359520431	0.072552110677881	1	1	1	1
"PPP4R1.Q8TF05"	"PPP4R1.Q8TF05"	0.017663529190097	1.4787954540021e-06	0.0128093882980327	0.229489444532652	0.904911611275601	0.0546348814376561	1	0.00839807938327792	1	1
"PPP4R2.Q9NY27"	"PPP4R2.Q9NY27"	0.0470746179099374	0.362411032337806	0.997309779834324	0.000434440738970962	0.229561883035459	0.448286231661832	1	1	1	1
"PPP4R3A.Q6IN85"	"PPP4R3A.Q6IN85"	0.523531772531512	0.00248492738613901	0.998748756695006	-0.000335701510857793	0.117173606697947	0.00927301519855304	1	1	1	1
"PPP4R3B.Q5MIZ7"	"PPP4R3B.Q5MIZ7"	0.000258808681466431	0.675697711778025	4.57284147894317e-05	-0.462751327568627	0.000208896962639787	0.000609340365162546	1	1	1	1
"PPP5C.P53041"	"PPP5C.P53041"	0.00211689227655707	0.000123964125723026	0.000663790436157165	0.337430374199056	0.00933405527598262	0.00159403101019787	1	0.659737077097946	1	1
"PPP6C.O00743"	"PPP6C.O00743"	0.0345850317008885	0.00427797075420778	0.169096826231999	0.361496244965201	0.421189960513664	0.0775619811766609	1	1	1	1
"PPP6R1.Q9UPN7"	"PPP6R1.Q9UPN7"	0.829519859510509	0.0131173241041759	0.57999851586825	0.0696784110250001	0.0330896408519119	0.241764872015627	1	1	1	1
"PPP6R3.Q5H9R7"	"PPP6R3.Q5H9R7"	0.0458225875136648	0.00857261931431967	0.00322462633908498	0.227431133067935	0.081035896957943	3.89163259016965e-05	1	1	1	0.216802851598351
"PPT1.P50897"	"PPT1.P50897"	0.000193580049535237	0.0985364568999774	0.444157670700138	0.110926837444573	0.519008972821012	0.034553418452838	1	1	1	1
"PPTC7.Q8NI37"	"PPTC7.Q8NI37"	0.001553263086681	0.71688413183877	0.414939136645157	-0.191125533769087	0.998843650347475	0.0182514492331173	1	1	1	1
"PPWD1.Q96BP3"	"PPWD1.Q96BP3"	0.00163525865944948	0.00727017276303009	0.00441740193597929	0.194560524828986	0.527043929575212	0.162159105067853	1	1	1	1
"PQBP1.O60828"	"PQBP1.O60828"	0.130250191006934	0.359959536275473	0.911933501900973	-0.0159990958974012	0.0405209824444731	0.443008919420093	1	1	1	1
"PRAF2.O60831"	"PRAF2.O60831"	0.43892965324357	0.0363195158009278	0.581180561118434	-0.197677838023257	0.0254401119112604	0.000536380920147494	1	1	1	1
"PRAME.P78395"	"PRAME.P78395"	0.000527461338890565	0.00252088584358027	0.728886244613621	-0.122581548830426	3.72258405818575e-06	0.0586611751908495	1	1	0.021944633023005	1
"PRC1.O43663"	"PRC1.O43663"	0.413331327307195	0.00642930569677869	1.20416159505717e-07	0.901443179420134	0.118751132352512	0.903807434878413	1	1	1	1
"PRCC.Q92733"	"PRCC.Q92733"	0.00227151637833492	0.284473995838142	2.27378287145915e-06	0.574576618957102	0.0113935385519063	7.2285508499866e-08	1	1	1	0.000423954507351714
"PRCP.P42785"	"PRCP.P42785"	0.000268015085047096	0.450957169016792	0.317429722068342	-0.120392234230543	0.0902947332387112	0.00304373833837488	1	1	1	1
"PRDX1.Q06830"	"PRDX1.Q06830"	0.0443698705258006	0.422016015496384	0.408826735984375	0.0958150074731629	0.06583183869022	0.00190330854451995	1	1	1	1
"PRDX2.P32119"	"PRDX2.P32119"	0.0194583664568366	0.756549575029126	0.00219675065318638	-0.825134710550168	0.280390579268771	0.375767083911174	1	1	1	1
"PRDX3.P30048"	"PRDX3.P30048"	0.105223175851909	0.976198673741488	0.177699477339483	-0.294826425485644	0.109184404837276	0.0453806150124084	1	1	1	1
"PRDX4.Q13162"	"PRDX4.Q13162"	0.951010700012769	0.282394478017496	0.957969457459513	-0.00540504168325914	0.563409170079605	0.0425075674829624	1	1	1	1
"PRDX5.P30044"	"PRDX5.P30044"	0.135925649942262	0.172749348538922	0.00763679763706237	-0.832709561947885	0.050739906309308	0.587451171055574	1	1	1	1
"PRDX6.P30041"	"PRDX6.P30041"	0.244412499332996	0.185318974254629	0.521764639827345	-0.124065660481565	0.157862125268514	0.523649183662648	1	1	1	1
"PREB.Q9HCU5"	"PREB.Q9HCU5"	0.0868177851023308	0.0207290101933452	0.0658963854550428	-0.261035093707616	0.883272457057056	0.0587529714395378	1	1	1	1
"PRELID1.Q9Y255"	"PRELID1.Q9Y255"	0.520899348267315	0.0185291937638826	0.0817620823977806	0.811285270631305	0.203156170740138	0.852681236960664	1	1	1	1
"PREPL.Q4J6C6"	"PREPL.Q4J6C6"	0.11517267586587	0.310481502202531	0.0645572390911122	-0.748614578625121	0.813580949343228	0.0141610458105604	1	1	1	1
"PREP.P48147"	"PREP.P48147"	0.32813539884474	0.474113688988978	0.266847768878721	-0.0801884707011436	0.0378483851626595	0.00237123320537702	1	1	1	1
"PRIM1.P49642"	"PRIM1.P49642"	0.0773505765849276	0.00127439757099088	7.05678430703811e-05	0.436628579868813	0.693910832813419	0.963135330764203	1	1	1	1
"PRIM2.P49643"	"PRIM2.P49643"	0.178193004031189	0.263549873790123	0.270569286757773	0.12033146243657	0.0414441379531483	0.373377585305912	1	1	1	1
"PRKAA1.Q13131"	"PRKAA1.Q13131"	0.00248137437492298	0.0708396644810734	0.00543442932521855	0.368916023837875	0.207403324234843	0.0159889321020184	1	1	1	1
"PRKAB1.Q9Y478"	"PRKAB1.Q9Y478"	0.012109442530436	0.000647800779520383	0.33012894354366	0.061596752292802	0.00066736728421324	1.2707033542946e-05	1	1	1	0.0720488801885036
"PRKAB2.O43741"	"PRKAB2.O43741"	0.171263688198801	0.173133023947948	0.0307974555685151	-0.248199197053975	0.116688272127658	0.432854380302999	1	1	1	1
"PRKACA.P17612"	"PRKACA.P17612"	0.918856174204338	0.462371175545056	0.0866386214721528	-0.239954301634522	0.101897062434507	0.0242693418964329	1	1	1	1
"PRKAG1.P54619"	"PRKAG1.P54619"	0.00699453554931573	0.397429644716835	0.126842869135244	0.210879500096563	0.52915863235291	0.0057474680587511	1	1	1	1
"PRKAR1A.P10644"	"PRKAR1A.P10644"	0.294119576523731	0.0122085992942433	0.802253474729574	0.0258312649266068	0.0783531697556728	0.0367916293363491	1	1	1	1
"PRKAR2A.P13861"	"PRKAR2A.P13861"	8.36214485399729e-08	0.000108062801212124	2.88603331549404e-09	-1.10815706954455	0.00428211725450732	0.00224487215865228	0.000483582836906663	0.575974730460618	1	1
"PRKAR2B.P31323"	"PRKAR2B.P31323"	0.00474346863356483	0.0158265929790215	0.00864546827327655	-0.396824776657217	0.761618259689915	0.913760153476127	1	1	1	1
"PRKCA.P17252"	"PRKCA.P17252"	0.739737785025403	0.0210101489099097	0.426674651382355	0.10074906864435	0.125627110842326	0.000137622732829985	1	1	1	0.746603325602667
"PRKCI.P41743"	"PRKCI.P41743"	0.0766596705071688	0.0231375434550475	0.162111478983812	0.234682337888124	0.621666803433455	0.228317849145719	1	1	1	1
"PRKCSH.P14314.2"	"PRKCSH.P14314.2"	0.844823311487147	0.724994884009501	0.875761799361896	0.0309478911596994	0.210580853765375	0.322511827458114	1	1	1	1
"PRKD1.Q15139"	"PRKD1.Q15139"	0.659559435364222	0.915706278838203	0.192113863265737	-0.326399096253665	0.734196852338801	0.214594118721367	1	1	1	1
"PRKD2.Q9BZL6"	"PRKD2.Q9BZL6"	0.00145272797173071	0.48432445398923	0.0758154922574353	0.339366935213185	3.03059984628431e-05	0.383003173066962	1	1	0.177956822973814	1
"PRKDC.P78527"	"PRKDC.P78527"	0.00867908528061943	0.00657025233841025	0.945878556492789	0.00714861607952898	0.0290246693719426	0.0025439711645823	1	1	1	1
"PRKRA.O75569"	"PRKRA.O75569"	0.234024517596658	0.782629357641997	0.829432208403875	-0.0228163460662805	0.523005106161931	0.150321074155577	1	1	1	1
"PRKRIP1.Q9H875"	"PRKRIP1.Q9H875"	0.602539837040002	1.14986419096578e-06	4.63562130920897e-05	0.635426443652778	0.000655692265393851	0.637084564486631	1	0.00654617683916817	1	1
"PRMT1.Q99873.3"	"PRMT1.Q99873.3"	2.22977117515502e-06	1.79318377396659e-05	5.39634445916982e-06	0.529872992641164	0.751630646242163	0.202932251428701	0.0126271941649029	0.0987685622700797	1	1
"PRMT3.O60678"	"PRMT3.O60678"	0.481003219221313	0.0627195731560649	0.360930070604704	-0.107208487266465	0.120237188619752	0.3373127366505	1	1	1	1
"PRMT5.O14744"	"PRMT5.O14744"	0.000198298058013507	0.000490750439302112	0.0397395576345584	0.158417412377353	0.0171384659165106	0.164579091491001	1	1	1	1
"PRMT7.Q9NVM4"	"PRMT7.Q9NVM4"	0.0986487435166652	0.0489570928437695	0.0170942368625819	0.340083380987297	0.813811417779664	0.433929333596569	1	1	1	1
"PRMT9.Q6P2P2"	"PRMT9.Q6P2P2"	0.152891214182746	0.0101166737996891	0.359887889608789	0.324377312037298	0.101995728153236	0.336650994302337	1	1	1	1
"PRNP.P04156"	"PRNP.P04156"	0.00512769387497231	0.367014409623666	0.0207169730241812	-0.34018911101937	0.203870248295438	0.0443719845232297	1	1	1	1
"PROCR.Q9UNN8"	"PROCR.Q9UNN8"	0.00448696168686696	3.86350226531095e-06	0.226180462071065	-0.234673986079108	0.565346672896857	0.0954721671693944	1	0.0217592447582312	1	1
"PRORP.O15091"	"PRORP.O15091"	0.0675629807687084	0.30339588953238	0.00572445455820141	0.630203724392607	0.369526338760003	0.00306009955059255	1	1	1	1
"PRPF19.Q9UMS4"	"PRPF19.Q9UMS4"	0.872933009553621	0.839145578521965	0.0732260241710274	0.155845117710188	0.734327171978144	0.00851119921160154	1	1	1	1
"PRPF31.Q8WWY3"	"PRPF31.Q8WWY3"	0.642166397857597	0.785798322534387	0.326924838856197	-0.12455680525757	0.203592481608881	0.221382442247809	1	1	1	1
"PRPF38A.Q8NAV1"	"PRPF38A.Q8NAV1"	0.720802131008461	0.089050702715486	0.221408674212237	-0.281582449923948	0.737022544741698	0.109567873720433	1	1	1	1
"PRPF38B.Q5VTL8"	"PRPF38B.Q5VTL8"	0.449222861171579	0.952562227620589	0.37094899521001	-0.17998692916237	0.0329526561246335	0.00314349092684088	1	1	1	1
"PRPF39.Q86UA1"	"PRPF39.Q86UA1"	0.000639793857860821	0.0936609774089619	0.127031533947378	-0.238780367276994	0.230941395064748	0.0741219256573342	1	1	1	1
"PRPF3.O43395"	"PRPF3.O43395"	0.344129257750293	0.246260130851055	0.33559147634152	0.0915051012158944	0.202574614896889	0.00128262027135039	1	1	1	1
"PRPF40A.O75400"	"PRPF40A.O75400"	0.0956728108602833	0.24855389090691	0.09508053376955	-0.130222970017615	0.116509510011507	0.00159648121880306	1	1	1	1
"PRPF4B.Q13523"	"PRPF4B.Q13523"	0.0173206500908628	0.0580534952291806	0.00804653766482182	0.656572082355323	0.986466689304651	0.000255687016336542	1	1	1	1
"PRPF4.O43172"	"PRPF4.O43172"	0.108947883364092	0.0184152509650628	0.621957608360158	-0.0232369196962808	0.0131871777779226	0.0316053682777422	1	1	1	1
"PRPF6.O94906"	"PRPF6.O94906"	5.38421375119161e-05	0.000404303082542339	0.00182934734506949	0.204845608802595	0.111832294698854	1.60275673808244e-07	0.291153004990578	1	1	0.000938414070147268
"PRPF8.Q6P2Q9"	"PRPF8.Q6P2Q9"	0.357966844883559	0.0936445949409406	0.268350321559939	0.128301019579309	0.0663324517062567	0.000140446503257896	1	1	1	0.761079601154539
"PRPH.P41219"	"PRPH.P41219"	0.569964320897568	0.224449099403035	0.85512847550477	0.0751367348860048	0.72492677520585	0.204456118664794	1	1	1	1
"PRPS1.P60891"	"PRPS1.P60891"	0.354154890420408	0.348340799310022	0.723939928067533	-0.0430800700810433	0.410298618177766	0.136685376600514	1	1	1	1
"PRPS2.P11908"	"PRPS2.P11908"	0.508235553697074	0.00341057411773724	0.300464593921543	0.125742460991487	0.457522403176069	0.330695695840904	1	1	1	1
"PRPSAP1.Q14558"	"PRPSAP1.Q14558"	6.35548112629253e-06	1.18334694454723e-05	3.52557603426741e-05	-0.57947065153264	0.337240199756785	0.000593311032141417	0.0354381627602071	0.0656875888918166	1	1
"PRPSAP2.O60256"	"PRPSAP2.O60256"	0.000929443173954212	0.0496494942844942	0.442999695215508	-0.0922953762591329	0.0247701102370278	0.000149774533541972	1	1	1	0.81043000099561
"PRR11.Q96HE9"	"PRR11.Q96HE9"	0.214119038191036	0.57637961942959	6.20033929902418e-05	0.78543490319418	0.174518460286328	0.00238846200690438	1	1	1	1
"PRR12.Q9ULL5"	"PRR12.Q9ULL5"	0.155376404076272	0.174134656284655	0.046039630090136	0.575893527996198	0.209032654670897	0.383082477729206	1	1	1	1
"PRR5.P85299"	"PRR5.P85299"	0.131681523198997	0.98828068470566	0.86226085842381	0.0473694773763328	0.347138521019021	0.447297422817182	1	1	1	1
"PRRC1.Q96M27"	"PRRC1.Q96M27"	0.105806183118305	0.998517477102954	0.0594094623014725	-0.586207515715321	0.639933014741678	0.383299135047293	1	1	1	1
"PRRC2A.P48634"	"PRRC2A.P48634"	0.0707834659442061	0.613623086110798	0.00264963207609625	0.261076107067915	0.726697973045932	0.0199235267207848	1	1	1	1
"PRRC2B.Q5JSZ5"	"PRRC2B.Q5JSZ5"	0.0679046486970003	0.281942632009888	0.251646374934681	0.222127305457024	0.0882536372277477	0.904072734400866	1	1	1	1
"PRRC2C.Q9Y520"	"PRRC2C.Q9Y520"	0.31399785393392	0.116195677185902	0.125622922632361	0.171838293615305	0.715166834863938	0.146958810146432	1	1	1	1
"PRSS3P2.Q8NHM4"	"PRSS3P2.Q8NHM4"	0.0644315587364567	0.254583902643055	0.0409131289417159	-0.921202692000137	0.935429972495869	0.482556299267657	1	1	1	1
"PRSS3.P35030"	"PRSS3.P35030"	0.820701835491217	0.0502940347351809	0.492714626853913	-0.179436394325675	0.00336612252179064	0.211454724905748	1	1	1	1
"PRTFDC1.Q9NRG1"	"PRTFDC1.Q9NRG1"	0.0052782459931978	0.00103806697183695	0.185383273080172	0.318629871366402	0.827048709665483	0.358614474172375	1	1	1	1
"PRXL2B.Q8TBF2"	"PRXL2B.Q8TBF2"	0.538323810861824	0.485450134250815	0.711078469793788	0.0806552535024856	0.0947679229308633	0.779563706846196	1	1	1	1
"PSAP.P07602"	"PSAP.P07602"	0.0668412893292987	0.00900713353129505	0.000220682033907943	0.498498771244048	0.0575551057551281	0.0127828223727907	1	1	1	1
"PSAT1.Q9Y617"	"PSAT1.Q9Y617"	0.419564855150007	0.4118999240781	0.000110464714581347	-0.683931009194435	0.892997503673226	0.0401092024943774	1	1	1	1
"PSEN1.P49768"	"PSEN1.P49768"	0.302764043140592	0.15982295701508	0.603323277341435	-0.151194183775909	0.615055566853381	0.00347958964720635	1	1	1	1
"PSIP1.O75475"	"PSIP1.O75475"	0.103625244315859	0.260216260418632	0.127448398170112	0.164960105579113	0.326738551243581	0.370259385967308	1	1	1	1
"PSMA1.P25786"	"PSMA1.P25786"	0.283011571122855	0.0027918135988951	0.223838888400551	0.16223822301009	0.524555585403994	0.0784488843348272	1	1	1	1
"PSMA2.P25787"	"PSMA2.P25787"	0.0426327341821916	0.000308432667016038	0.0837281397664237	0.221381505724107	0.711296840264745	0.157681008993304	1	1	1	1
"PSMA3.P25788"	"PSMA3.P25788"	0.088205797255825	5.75153585842298e-06	0.0349540926767276	0.325531562219184	0.287697271142736	0.800768251073034	1	0.0322373584864608	1	1
"PSMA4.P25789"	"PSMA4.P25789"	0.598418750780965	0.0105952780151682	0.206211997492745	0.180422052216386	0.910349531566603	0.0861045819010936	1	1	1	1
"PSMA5.P28066"	"PSMA5.P28066"	0.457022591325164	4.82921150364227e-06	0.611727645278647	-0.0389717443253805	0.297224520072549	0.208626977235816	1	0.027120851804455	1	1
"PSMA6.P60900"	"PSMA6.P60900"	0.668632166628271	0.0669135163369674	0.43559131519837	-0.213201908306597	0.0813619015635052	0.514905721136023	1	1	1	1
"PSMA7.O14818"	"PSMA7.O14818"	0.000394959353223701	0.000825701995569913	0.00425850880712639	0.335906162834807	0.0564992120887934	0.871960840638273	1	1	1	1
"PSMB10.P40306"	"PSMB10.P40306"	0.324450519530077	0.392345631373911	9.0013491337989e-05	-1.07086517051994	8.69705082101525e-06	0.205770066235086	1	1	0.0512169322849588	1
"PSMB1.P20618"	"PSMB1.P20618"	3.00448530218195e-07	1.63223448549809e-08	0.000317529716458764	0.263901533264866	0.398989943142733	0.466381253040464	0.00172697815169419	9.48491459522943e-05	1	1
"PSMB2.P49721"	"PSMB2.P49721"	0.0616536519996227	1.0795161805937e-05	0.138586846675835	0.210127596815497	0.230987606087963	0.900956121452979	1	0.0600103044792041	1	1
"PSMB3.P49720"	"PSMB3.P49720"	0.0289614420939935	0.0661576441048656	0.489902987416497	0.108711816639982	0.292438416356737	0.445998589840712	1	1	1	1
"PSMB4.P28070"	"PSMB4.P28070"	0.481247498847248	0.0470718470824568	0.0772534716235717	0.3620880930451	0.403516851053366	0.23413932877659	1	1	1	1
"PSMB5.P28074"	"PSMB5.P28074"	6.27873816314089e-06	9.42201651683241e-07	0.00101136725410847	0.600795790370672	0.00163543311717913	0.0650703282096405	0.035029080212163	0.00537620262450457	1	1
"PSMB6.P28072"	"PSMB6.P28072"	0.418951313210953	0.0235663188407351	0.633896337627058	0.128648611087965	0.0996695243634028	0.605376873329795	1	1	1	1
"PSMB7.Q99436"	"PSMB7.Q99436"	2.79692560925798e-06	7.26291539340228e-05	0.00193991873472878	0.379432744045157	0.0335446338993109	0.00705550902425648	0.0158110204691354	0.390091185779636	1	1
"PSMB8.P28062"	"PSMB8.P28062"	0.0224199212766539	0.141800748002815	0.000549605130533977	-0.456433689300085	0.100823778903462	0.863704862049094	1	1	1	1
"PSMB9.P28065"	"PSMB9.P28065"	3.66521305064618e-07	0.00242229987101691	4.05486606232153e-06	-1.15620841125121	0.276209935524146	0.965367739480082	0.00210383229107091	1	1	1
"PSMC1.P62191"	"PSMC1.P62191"	2.92285770194437e-05	1.77142008576935e-05	2.89158033228848e-06	0.402111099084429	0.664607858042017	2.32525407778077e-05	0.159909544873376	0.0976406751276066	1	0.130795541875169
"PSMC2.P35998"	"PSMC2.P35998"	0.0503024743157713	0.0105790228061529	0.254775227854437	0.176408199518264	0.319570814862039	0.526159414002013	1	1	1	1
"PSMC3.P17980"	"PSMC3.P17980"	0.129030007987341	0.0208340230250786	0.064512585394038	0.226034513689962	0.990899937692762	0.00909405964676124	1	1	1	1
"PSMC4.P43686"	"PSMC4.P43686"	0.000301442458872713	4.95487343851812e-06	0.000281225116696507	0.216026874479122	0.738199102441909	0.000126142538196768	1	0.0278216143572792	1	0.685836980175828
"PSMC5.P62195"	"PSMC5.P62195"	0.32532764343609	0.0858548007453346	0.771415772640485	0.0306913390408226	0.376992864455355	0.0562154294071516	1	1	1	1
"PSMC6.P62333"	"PSMC6.P62333"	0.281328952004873	0.114067689145928	0.81545633655124	0.0315425396986441	0.244087054648326	0.0359495160430905	1	1	1	1
"PSMD10.O75832"	"PSMD10.O75832"	0.0184440446278687	0.132008645166891	0.55273610758383	0.0766729295716078	0.928136309926437	0.00734054709685876	1	1	1	1
"PSMD11.O00231"	"PSMD11.O00231"	0.00441177684636324	0.00018136567030959	0.830600029936597	0.013284897950636	0.0103147990491328	0.283185198571238	1	0.956341179542469	1	1
"PSMD12.O00232"	"PSMD12.O00232"	0.34297489899169	0.0853131021525433	0.666038110642774	-0.0824780524244774	0.0587781060594329	0.3642644732403	1	1	1	1
"PSMD13.Q9UNM6"	"PSMD13.Q9UNM6"	0.26979349987301	0.0297379486154422	0.0275082360791118	-0.134995874190903	0.307211320311205	0.235694883603685	1	1	1	1
"PSMD14.O00487"	"PSMD14.O00487"	0.47120639272774	0.00157280764914985	0.134022114248544	-0.144333557855162	0.759429861811682	0.375527948674834	1	1	1	1
"PSMD1.Q99460"	"PSMD1.Q99460"	0.655783189152073	0.103994064999957	0.575156197494965	-0.0717437016450289	0.0126046374165471	0.624065735453767	1	1	1	1
"PSMD2.Q13200"	"PSMD2.Q13200"	0.0117172983318358	4.12537480840828e-07	0.0014054995541555	0.220875300861151	0.500747166522143	0.340410669352681	1	0.0023683776775072	1	1
"PSMD3.O43242"	"PSMD3.O43242"	0.00356736212515947	0.000405488904570158	0.192155401058858	0.0937882246248224	0.0409644680485241	0.0240490523322897	1	1	1	1
"PSMD4.P55036"	"PSMD4.P55036"	0.240885585159682	0.328457652125398	0.196357990696057	-0.390791167919617	0.27731030596694	0.834323121777788	1	1	1	1
"PSMD5.Q16401"	"PSMD5.Q16401"	0.0296096765836681	0.0741515686864171	0.733451933953134	0.0381085317719895	0.640867838420333	0.0703578124374006	1	1	1	1
"PSMD6.Q15008"	"PSMD6.Q15008"	0.733358175308156	0.602779544687208	0.445960834496938	-0.0678582764092921	0.387157821082943	0.965678062858356	1	1	1	1
"PSMD7.P51665"	"PSMD7.P51665"	0.0167627737920598	0.00110350844936082	0.112204550908136	-0.125243313954166	0.000828812997662444	0.863865078211751	1	1	1	1
"PSMD8.P48556"	"PSMD8.P48556"	0.0190059995009287	0.3686718235528	0.0342285501598306	-0.391534980092936	0.770029563812731	0.433828153172449	1	1	1	1
"PSMD9.O00233"	"PSMD9.O00233"	0.00351791247338007	0.574402682692725	0.590855791129336	0.0659074162331742	0.061041226139821	0.000338524441090453	1	1	1	1
"PSME1.Q06323"	"PSME1.Q06323"	1.11534386371005e-06	7.6081647936611e-07	2.14706630935995e-05	0.389383978424596	0.0550405263512883	1.06170297484433e-05	0.00634965261610134	0.00434958781253605	1	0.0603684311496487
"PSME2.Q9UL46"	"PSME2.Q9UL46"	4.95254004314798e-06	9.93035668983744e-05	0.000986290586645084	0.332612389400644	0.720422334768447	0.000674063201678777	0.0277490818617581	0.530181743670421	1	1
"PSME3IP1.Q9GZU8"	"PSME3IP1.Q9GZU8"	0.000960640243558565	5.08503335043726e-06	1.28494932312388e-05	0.399435351411953	0.05439519966677	0.000884242227136023	1	0.0285372071626539	1	1
"PSME3.P61289"	"PSME3.P61289"	0.186156833133952	0.227681856194779	0.663385390188087	0.08826564793797	0.114727682283798	0.617339896222467	1	1	1	1
"PSME4.Q14997"	"PSME4.Q14997"	0.164822776740818	0.0224196640862238	0.793456180752228	-0.0284464535382131	0.898047515547763	0.0975691830281073	1	1	1	1
"PSMF1.Q92530"	"PSMF1.Q92530"	0.659829832076153	0.86010460509746	0.712266495965882	0.0742208120535066	0.999060951168141	0.00643248696759958	1	1	1	1
"PSMG1.O95456"	"PSMG1.O95456"	0.45987127489807	0.106679249832365	0.44955659675075	0.206276867647148	0.929318268543617	0.294209447415038	1	1	1	1
"PSMG2.Q969U7"	"PSMG2.Q969U7"	0.00134688052894649	1.72163646045659e-10	0.159800211243387	0.435644752947545	0.0679601398794615	4.22943413100925e-09	1	1.01042843864197e-06	1	2.49325142022995e-05
"PSMG3.Q9BT73"	"PSMG3.Q9BT73"	0.325534346126339	0.171379094794134	0.167517886440922	0.309774040951507	0.32425414254362	0.682242458782458	1	1	1	1
"PSMG4.Q5JS54"	"PSMG4.Q5JS54"	0.038587732471788	0.0823761683209763	0.00570442899514129	0.625812083961733	0.170598213824875	0.340705165883617	1	1	1	1
"PSPC1.Q8WXF1"	"PSPC1.Q8WXF1"	0.0304206369567695	0.0327239828399208	0.00286085809450385	0.196088211526489	0.312586145417242	0.730220613550165	1	1	1	1
"PSPH.P78330"	"PSPH.P78330"	0.86159667927704	4.486719289458e-05	1.91221673598891e-11	-1.07971341959552	0.396162457737003	9.13834180564164e-05	1	0.243135318295729	1	0.501512198293613
"PSRC1.Q6PGN9"	"PSRC1.Q6PGN9"	0.261695320685093	0.545965386172151	0.0424767986253974	0.787848417657948	0.949095707513045	0.374455248636103	1	1	1	1
"PTBP1.P26599"	"PTBP1.P26599"	0.361371598491632	0.566207775016414	0.163378407896826	-0.138596575000363	0.1414265139517	0.29759753631831	1	1	1	1
"PTBP2.Q9UKA9"	"PTBP2.Q9UKA9"	1.25015794488398e-05	0.000138863506074692	1.26393359621802e-05	-0.748744913088101	0.538624262096361	0.0485417649866519	0.0691587375109817	0.737087490244464	1	1
"PTBP2.Q9UKA9.3"	"PTBP2.Q9UKA9.3"	0.936385403762306	0.463649131727194	0.406724789131662	-0.48715341732443	0.350120552320905	0.313704338811419	1	1	1	1
"PTBP3.O95758"	"PTBP3.O95758"	0.0557872925186563	0.770526687364592	0.0490462705809214	0.342091946304456	0.277793635705289	0.58826198811496	1	1	1	1
"PTCD1.O75127"	"PTCD1.O75127"	0.940365067969408	0.785875280751819	0.60113327412358	-0.219879292965765	0.0839024000979693	0.422358093414906	1	1	1	1
"PTCD3.Q96EY7"	"PTCD3.Q96EY7"	0.0610206858913466	0.0421438176936316	0.00430643012186719	-0.456275125185254	0.0038775287833889	9.15562505836525e-05	1	1	1	0.502369146952501
"PTDSS1.P48651"	"PTDSS1.P48651"	0.0881034869586226	0.95949355337214	0.0781639454684321	-0.573552421313518	0.39849062647825	0.00778832140334072	1	1	1	1
"PTDSS2.Q9BVG9"	"PTDSS2.Q9BVG9"	0.403012506089372	0.338211363472544	0.00872076007202397	-1.79732820930682	0.00746459691495255	0.157034360729286	1	1	1	1
"PTER.Q96BW5"	"PTER.Q96BW5"	0.355745182710466	0.57584441552648	0.0793973105362308	-0.384312331478093	0.437798084356413	0.0900183324659246	1	1	1	1
"PTGES2.Q9H7Z7"	"PTGES2.Q9H7Z7"	0.849779267641408	0.973880150160279	0.745256858612813	-0.0731157573690177	0.0684286513341046	0.431305807794015	1	1	1	1
"PTGES3.Q15185"	"PTGES3.Q15185"	0.183886612900171	0.819387204304007	0.293022080775708	0.0996128320590117	0.0879473424380142	0.000112226818881838	1	1	1	0.612870657913715
"PTGFRN.Q9P2B2"	"PTGFRN.Q9P2B2"	2.85590905756654e-08	2.74176805781863e-08	0.777199542695996	-0.0196020269314517	0.477974664559748	0.0122445085925984	0.000165785520791737	0.000159104800395215	1	1
"PTGIS.Q16647"	"PTGIS.Q16647"	0.0039624733313319	0.000543718126239363	0.202798277097945	0.404197411058161	0.0527997497615381	0.145569804233877	1	1	1	1
"PTGR1.Q14914"	"PTGR1.Q14914"	0.698896375680463	0.000833392740988161	0.106484439817666	0.231904047821873	0.100293557857503	0.808941249962121	1	1	1	1
"PTGR2.Q8N8N7"	"PTGR2.Q8N8N7"	2.40951067547823e-05	0.104617225539776	0.027445524936623	-0.819060865205139	0.597517798109589	0.0266097959985915	0.132233945870245	1	1	1
"PTK2.Q05397"	"PTK2.Q05397"	0.00344069044690659	7.17642862641263e-06	0.000147087796745147	-0.447863129289686	0.00755893913480033	0.0391952722534005	1	0.0401018831643938	1	1
"PTK7.Q13308"	"PTK7.Q13308"	0.328145950476842	3.39671820705544e-07	2.70208016920217e-08	0.605441956043511	0.0141274066728468	3.19948102571747e-05	1	0.00195209395359476	1	0.179074953009407
"PTMA.P06454"	"PTMA.P06454"	0.0105432858480349	0.00525579304309022	0.451330858121124	0.124777374225058	0.0364955895847147	0.602896852453678	1	1	1	1
"PTMS.P20962"	"PTMS.P20962"	0.063324945493663	0.00686715050440612	0.406926667453291	0.189760597169093	0.536732638090225	0.503110444457459	1	1	1	1
"PTP4A2.Q12974"	"PTP4A2.Q12974"	0.599764071511004	0.501039353888683	0.00423776947581924	-0.543611511198447	5.01059453748982e-05	0.00400207372942078	1	1	0.293921475569153	1
"PTPA.Q15257"	"PTPA.Q15257"	0.00439403324306952	0.684877978974109	0.596897565832266	0.0748952245127716	0.0906131076536414	0.000404659645647802	1	1	1	1
"PTPMT1.Q8WUK0"	"PTPMT1.Q8WUK0"	0.401934370391254	0.0389679926898657	0.0263828282217713	-1.13286175200783	0.000831609214374488	0.306222008328425	1	1	1	1
"PTPN11.Q06124.1"	"PTPN11.Q06124.1"	0.0135898915131088	0.000179901345393186	0.025949596441363	0.181670516295251	0.366454833861294	0.000496644761277337	1	0.948837881055994	1	1
"PTPN12.Q05209"	"PTPN12.Q05209"	0.0151617716481399	0.000312433257292374	0.000153713189481723	-0.572607671795257	0.371183885986359	0.00468728834339533	1	1	1	1
"PTPN14.Q15678"	"PTPN14.Q15678"	0.334613117153403	0.638507154092753	0.0350715415113965	0.911205038359945	0.0591863203021769	0.285898969456953	1	1	1	1
"PTPN1.P18031"	"PTPN1.P18031"	0.555519342750283	0.255847985053324	0.768975500656856	-0.0407415525461035	0.205141002277121	0.0789550508699668	1	1	1	1
"PTPN23.Q9H3S7"	"PTPN23.Q9H3S7"	1.62171123740975e-09	8.72990506991956e-08	4.54073314894825e-11	-0.953190545686426	0.0108583903218916	0.619394354556003	9.48376731637219e-06	0.000504588513041351	1	1
"PTPN2.P17706"	"PTPN2.P17706"	0.0870444736630799	0.113313378559752	0.758046327864361	-0.0196031952036112	0.519953406113718	0.149876607021652	1	1	1	1
"PTPN7.P35236"	"PTPN7.P35236"	2.96750197444002e-05	1.13781535265952e-06	5.16306509851772e-06	-1.74365562989467	0.718568490324574	0.111231063405728	0.162292682982125	0.00647985843339599	1	1
"PTPRF.P10586"	"PTPRF.P10586"	0.0163345721914595	0.237354173644992	0.720171820603428	0.0256784373525275	8.80875772434965e-05	2.56227916899396e-07	1	1	0.515664677183428	0.00149918954177837
"PTPRG.P23470"	"PTPRG.P23470"	0.0472594022231445	0.146944290450446	0.462049481170938	0.153917757546357	0.057601713770451	0.000764011347397694	1	1	1	1
"PTPRJ.Q12913"	"PTPRJ.Q12913"	0.06736948659986	0.0401688282091463	0.00959772367784571	0.386353323135786	0.783678249292449	0.471217883550746	1	1	1	1
"PTPRM.P28827"	"PTPRM.P28827"	0.968591293754311	0.786598920351064	0.252308261963495	0.15533253840772	0.0775127923625389	0.00313093780479344	1	1	1	1
"PTPRS.Q13332"	"PTPRS.Q13332"	0.228900895058579	0.414968218731452	0.00379944865164271	0.877053921545761	0.0226286069840872	0.42954997329032	1	1	1	1
"PTRH1.Q86Y79"	"PTRH1.Q86Y79"	0.366845936690053	0.602823951107431	0.056009041372169	-0.402816257801405	0.510695654547525	0.143308643191594	1	1	1	1
"PTRH2.Q9Y3E5"	"PTRH2.Q9Y3E5"	0.0255188980273234	0.00412625313609753	0.011184247719237	-0.461663048644282	0.193426708399732	0.154230820384321	1	1	1	1
"PTRHD1.Q6GMV3"	"PTRHD1.Q6GMV3"	0.388459658664189	0.296889380187059	0.449536259681555	-0.147128658931643	0.144999740152052	0.780858837980187	1	1	1	1
"PTS.Q03393"	"PTS.Q03393"	0.00174426255187458	0.000719299418014966	4.95436993910193e-05	0.683487833346981	0.000203743671271468	0.00192150833839074	1	1	1	1
"PTTG1IP.P53801"	"PTTG1IP.P53801"	0.905080860107048	0.00356229080855078	0.973708732131579	0.0232239381295601	0.493734003219928	0.233720487119699	1	1	1	1
"PUDP.Q08623"	"PUDP.Q08623"	0.617154990683387	0.0364407943793484	0.345381654398972	-0.448445698729697	0.804897535835564	0.217507660727329	1	1	1	1
"PUF60.Q9UHX1.2"	"PUF60.Q9UHX1.2"	0.000233389741037987	0.00233647735729631	0.00018267021000633	-0.554091099556564	0.0292906292291651	0.78954947899228	1	1	1	1
"PUM1.Q14671"	"PUM1.Q14671"	0.229959393142648	0.00319255315548542	0.0406505881013533	0.233836063848488	0.0931820516305841	0.196064007519311	1	1	1	1
"PUM2.Q8TB72.3"	"PUM2.Q8TB72.3"	0.265217030187643	0.181079803368831	0.993975869565695	0.000865632338076815	0.54229274538428	0.46433326196342	1	1	1	1
"PUM3.Q15397"	"PUM3.Q15397"	0.0707286701549082	0.949595296794425	0.0341287950104462	0.26600472334661	0.689502573160567	0.000527797659134603	1	1	1	1
"PURA.Q00577"	"PURA.Q00577"	8.56286851951085e-07	0.322665696535222	0.0223703921355534	-0.313843270929623	0.0611633030795163	0.725150250888472	0.00488682906408484	1	1	1
"PURB.Q96QR8"	"PURB.Q96QR8"	0.0204965812274574	0.00359047490756184	0.00996184588200448	0.325581980195385	0.165373137902093	0.16176886904757	1	1	1	1
"PUS1.Q9Y606"	"PUS1.Q9Y606"	0.414107524114126	0.422444379411872	0.258975137023904	-0.146271006842939	0.631207874017155	0.664550155899503	1	1	1	1
"PUS7L.Q9H0K6"	"PUS7L.Q9H0K6"	0.982273644410514	0.368534122390811	0.838272674370944	-0.0595740646155449	0.44074505849169	0.723300350547845	1	1	1	1
"PUS7.Q96PZ0"	"PUS7.Q96PZ0"	6.08461727756836e-05	0.00217748581934501	0.000783921221956685	0.368974801010041	0.882268131112795	0.045260168187029	0.328265102124813	1	1	1
"PVR.P15151"	"PVR.P15151"	0.000139729071594435	0.995654637030843	0.121052147893844	-0.236801578347405	0.952550376965022	0.0305727193908655	0.74042435037891	1	1	1
"PWP1.Q13610"	"PWP1.Q13610"	0.00783928735985318	0.523760157186896	1.17129606775512e-06	0.65349593308353	0.0309717990246257	0.00478079983715972	1	1	1	1
"PWP2.Q15269"	"PWP2.Q15269"	0.028860607840154	0.0173090307892978	0.0723373089827791	-0.185720933751705	0.0751308507663325	0.00159365346677149	1	1	1	1
"PWWP2A.Q96N64"	"PWWP2A.Q96N64"	0.603456460749853	0.0733806538614626	0.738966576940994	-0.11760234377913	0.41333168981243	0.295100145998304	1	1	1	1
"PXDN.Q92626"	"PXDN.Q92626"	0.00417699816719617	0.493715761570735	0.00759813454908155	-3.60893331951842	0.960248950298391	0.0336946231195716	1	1	1	1
"PXN.P49023"	"PXN.P49023"	0.621193770620972	0.557721292743822	0.141524002100188	0.137773424351921	0.659026907736737	0.000191833042116842	1	1	1	1
"PYCR1.P32322"	"PYCR1.P32322"	4.92489457023997e-10	1.01969712901392e-08	5.46028460618904e-12	-0.980196155213192	0.108841104068171	0.000156810137609832	2.88845066544574e-06	5.93973577650608e-05	1	0.847381031355487
"PYCR2.Q96C36"	"PYCR2.Q96C36"	0.000498702011262943	0.487366825297046	0.000808254653184613	-0.3300262305908	0.203266777417176	8.61977053020871e-07	1	1	1	0.0050055007468922
"PYCR3.Q53H96"	"PYCR3.Q53H96"	2.69613941505603e-06	8.76824494753748e-08	2.93919175384501e-08	-0.542344588994273	0.273102563799862	0.00165466887190328	0.0152466683921418	0.000506716875518191	1	1
"PYGB.P11216"	"PYGB.P11216"	1.45855494540298e-05	0.0054670591347423	0.495460805114827	0.0479603974352372	0.577575313914412	0.0449634400228411	0.0805705751840606	1	1	1
"PYGL.P06737"	"PYGL.P06737"	0.00383264449738667	0.00110653094641025	3.33772535021664e-05	-0.664604244114701	0.212762953473044	0.657813736486692	1	1	1	1
"PYGO2.Q9BRQ0"	"PYGO2.Q9BRQ0"	0.506872926197885	0.0657567932448057	0.112623475543418	0.313883980597917	0.927597443231734	0.274017544186095	1	1	1	1
"PYM1.Q9BRP8"	"PYM1.Q9BRP8"	0.160809282787168	0.00453661431499854	0.117188320847486	-0.296664374474238	0.257082913754457	0.127830579230544	1	1	1	1
"PYURF.Q96I23"	"PYURF.Q96I23"	0.0189052474130377	0.264465413417494	0.00233583369660724	-0.502026209737342	0.502509856240638	0.00126281205278485	1	1	1	1
"PZP.P20742"	"PZP.P20742"	0.00024496686914243	0.00179793288203984	0.0338211812047798	-0.524741726761341	0.29612763567119	0.194927366107929	1	1	1	1
"QARS1.P47897"	"QARS1.P47897"	4.66971818144221e-06	5.92173714758152e-06	2.57310943175548e-06	-0.345705222644172	0.205364892883024	0.49473378350392	0.0261924492797093	0.0331617280264565	1	1
"QDPR.P09417"	"QDPR.P09417"	0.778637472135656	0.00863511275279151	0.233571542868088	0.20178219910161	0.271899483317017	0.604821174455491	1	1	1	1
"QKI.Q96PU8"	"QKI.Q96PU8"	0.13129286236207	0.000450283242668853	0.418824218794514	-0.10667933487441	0.048865924339747	0.0327921845086205	1	1	1	1
"QPCTL.Q9NXS2"	"QPCTL.Q9NXS2"	0.117859705315812	0.54002768663458	0.400283617631742	0.213400430439732	0.583050564821213	0.0190920306544793	1	1	1	1
"QPRT.Q15274"	"QPRT.Q15274"	0.00803693571417313	0.0104054237906887	0.0336823336340116	-0.322388019073329	0.0437919396288946	0.00136093637210111	1	1	1	1
"QRICH1.Q2TAL8"	"QRICH1.Q2TAL8"	4.8859540023591e-05	0.00243410657413645	0.190462111763602	-0.238127907873154	0.0239104015401744	0.0295704854130872	0.264623268767769	1	1	1
"QRSL1.Q9H0R6"	"QRSL1.Q9H0R6"	0.0967157666806029	0.316812806642906	0.129966688877956	-0.315084307444304	0.821525275756194	4.16211992933214e-05	1	1	1	0.231663595266627
"QSER1.Q2KHR3"	"QSER1.Q2KHR3"	0.699807718663013	0.343624961909803	0.0505799070836528	0.282080094713815	0.374840751878608	0.767393980943289	1	1	1	1
"QSOX1.O00391"	"QSOX1.O00391"	1.07866514687325e-05	0.336491517301334	5.21736361041128e-09	-1.63932397221882	0.89856207761947	0.00237083879514056	0.0597688357882466	1	1	1
"QSOX2.Q6ZRP7"	"QSOX2.Q6ZRP7"	0.0311991800962146	0.0622098937726342	6.64280260750311e-07	0.61905348419345	0.327156243892947	0.752970087375012	1	1	1	1
"QTRT1.Q9BXR0"	"QTRT1.Q9BXR0"	0.89737882782985	0.211566075682118	0.209230224516741	0.260860316335099	0.086030624009157	0.133317862250826	1	1	1	1
"QTRT2.Q9H974"	"QTRT2.Q9H974"	0.517712866202565	0.260072014119001	0.280527295298131	0.240564084769719	0.0249742812956665	0.57607371047252	1	1	1	1
"R3HDM4.Q96D70"	"R3HDM4.Q96D70"	0.108854919184076	0.186372942846871	0.00290047548589979	-0.919309824258883	0.46380102309522	0.309679420834697	1	1	1	1
"RAB10.P61026"	"RAB10.P61026"	0.909332654197818	0.0604257751794032	0.56928040385156	-0.0970762469785657	0.527819175833966	0.0772543001027355	1	1	1	1
"RAB11A.P62491"	"RAB11A.P62491"	0.290840464176337	0.778892500382624	0.479928240764047	0.124511785612912	0.0653832312550552	0.163676306467793	1	1	1	1
"RAB11B.Q15907"	"RAB11B.Q15907"	0.390005309332041	0.248562102062844	0.587697999848078	0.091247119670507	0.971933978800853	0.38696290969685	1	1	1	1
"RAB11FIP1.Q6WKZ4"	"RAB11FIP1.Q6WKZ4"	0.237280670276617	0.830592487525407	0.898752588812806	0.0159056616659427	0.141491767255575	0.169980765915483	1	1	1	1
"RAB11FIP5.Q9BXF6"	"RAB11FIP5.Q9BXF6"	0.0460336072338652	0.00739512854448115	0.0562015161123264	-0.184058827265374	0.0701335732072953	0.0210330018282638	1	1	1	1
"RAB12.Q6IQ22"	"RAB12.Q6IQ22"	0.685353854026584	0.47181347029924	0.368816795632309	0.46286625458484	0.845482732640714	0.935913625249297	1	1	1	1
"RAB13.P51153"	"RAB13.P51153"	0.106109608677666	0.0919005295580333	0.884609702668701	0.0269088340370384	0.223984005578487	0.0316219260488328	1	1	1	1
"RAB14.P61106"	"RAB14.P61106"	0.228632193463689	0.109299951089387	0.0349399461560572	0.168673707079519	0.0286416247354404	0.0564539052292672	1	1	1	1
"RAB15.P59190"	"RAB15.P59190"	0.162779140691577	0.437834261163335	0.303584357344651	0.272183350588768	0.862611709114561	0.00382435601111226	1	1	1	1
"RAB18.Q9NP72"	"RAB18.Q9NP72"	0.561499698292204	0.46623407417061	0.348225862384197	-0.272324539973504	0.196804879413457	0.113915677371101	1	1	1	1
"RAB1A.P62820"	"RAB1A.P62820"	0.891816442180473	0.925243474916743	0.0181790079079114	-0.515771951834405	0.0267178633099404	0.0302909524450924	1	1	1	1
"RAB1B.Q9H0U4"	"RAB1B.Q9H0U4"	0.256748555120297	0.842952289850435	0.785055693460927	-0.040727466247333	0.0713904397994016	0.196148087042875	1	1	1	1
"RAB21.Q9UL25"	"RAB21.Q9UL25"	0.250105253328263	0.616513809270539	0.209569375256326	-0.150450525538325	0.0261453399794162	0.00466208321414907	1	1	1	1
"RAB23.Q9ULC3"	"RAB23.Q9ULC3"	0.228142384512031	0.690891799578591	0.651951276529717	-0.0859521327450167	0.390317091785329	0.0515525471885797	1	1	1	1
"RAB25.P57735"	"RAB25.P57735"	0.986061560377634	0.979049735203914	0.362077471075003	-0.715653180193777	0.205806520694223	0.666442015023549	1	1	1	1
"RAB2A.P61019"	"RAB2A.P61019"	0.29146760931798	0.730965572301981	0.364373632471146	-0.0969579061849163	0.228873372401408	6.18216666895334e-05	1	1	1	0.341997460126499
"RAB2B.Q8WUD1"	"RAB2B.Q8WUD1"	0.854556352281749	0.0397946518168508	0.712404790770438	-0.145722606932881	0.589815097637956	0.0332904745137428	1	1	1	1
"RAB31.Q13636"	"RAB31.Q13636"	0.442258374584539	0.0286604624015071	0.0618966140722924	0.356314341894965	0.25293368405379	0.100727616177579	1	1	1	1
"RAB32.Q13637"	"RAB32.Q13637"	0.675980117150323	0.323490396312332	0.000127472460073383	-0.481237549742316	0.0477716443946136	2.99875177371693e-05	1	1	1	0.167990074363623
"RAB33B.Q9H082"	"RAB33B.Q9H082"	0.417466301123711	0.161547952648352	0.267645525777654	-0.22774980089179	0.328851970460663	0.156585641116088	1	1	1	1
"RAB34.P0DI83"	"RAB34.P0DI83"	0.0340483718073269	0.345004559055643	0.0165140899052697	0.364925373192479	0.430357465632507	0.711433304472068	1	1	1	1
"RAB34.Q9BZG1"	"RAB34.Q9BZG1"	0.729215571411241	0.263299381582923	0.872302162409659	-0.0385056457382922	0.014249572556757	0.00508907616470275	1	1	1	1
"RAB35.Q15286"	"RAB35.Q15286"	0.157376330390366	0.0104490824029535	0.0492154049346548	0.235972593734904	0.887872869414563	4.13585513059375e-06	1	1	1	0.023710857463694
"RAB39B.Q96DA2"	"RAB39B.Q96DA2"	0.494785751917033	0.000754015541963106	1.20982074591229e-06	-1.96481230682879	0.204457000639965	0.448824620993247	1	1	1	1
"RAB3B.P20337"	"RAB3B.P20337"	0.0146559458397828	0.309722636826535	0.252590192060199	-0.300986545434289	0.957129296952328	0.0104695046680836	1	1	1	1
"RAB3GAP1.Q15042"	"RAB3GAP1.Q15042"	0.313140787025822	0.446828086714688	0.0340045952065141	-0.225110692205269	0.768587052816917	0.285629633306994	1	1	1	1
"RAB3GAP2.Q9H2M9"	"RAB3GAP2.Q9H2M9"	0.957779923960149	0.114970205631781	0.0962571332687275	-0.209279050704932	0.111727268846956	0.445680699081971	1	1	1	1
"RAB3IL1.Q8TBN0"	"RAB3IL1.Q8TBN0"	0.804787753852171	0.269084181399607	0.619736014181892	0.256704768186519	0.696019842731362	0.803423410845895	1	1	1	1
"RAB43.Q86YS6"	"RAB43.Q86YS6"	0.329032163751633	0.670767579369345	0.156570585459648	-0.613719398849641	0.337978855728859	0.739932164607761	1	1	1	1
"RAB4A.P20338"	"RAB4A.P20338"	0.109403905316169	0.895262810668115	0.0345391114748549	0.721595358645115	0.490257842467158	0.451720699504476	1	1	1	1
"RAB5A.P20339"	"RAB5A.P20339"	0.0259873459389496	0.0604710695412703	0.0013728530563748	-0.832874479910567	0.338272406488089	0.288646202256668	1	1	1	1
"RAB5B.P61020"	"RAB5B.P61020"	0.38129541551418	0.707093015552774	0.748397091820283	-0.0319952453672126	0.0882658994281418	0.155919498596508	1	1	1	1
"RAB5C.P51148"	"RAB5C.P51148"	0.229605519558644	0.606600598206971	0.446560106742759	0.143905118775326	0.118833839113129	0.47078082063883	1	1	1	1
"RAB6A.P20340"	"RAB6A.P20340"	0.03079797066624	0.703951528386681	0.0555078385499619	-0.744328286557192	0.467802529057841	0.158567470623016	1	1	1	1
"RAB7A.P51149"	"RAB7A.P51149"	0.430315519265718	0.98318758518995	0.184008793669241	-0.469239165666327	0.0554672744064072	0.185771037951544	1	1	1	1
"RAB8A.P61006"	"RAB8A.P61006"	0.373404894003563	0.0843283396906854	0.960900820676449	0.00742757656406016	0.0186559584448991	6.43553729520268e-06	1	1	1	0.0367469179556073
"RAB8B.Q92930"	"RAB8B.Q92930"	0.153962841104321	0.993156930194178	0.441543995637268	0.135911371554756	0.716643355599479	0.00806811372509869	1	1	1	1
"RAB9A.P51151"	"RAB9A.P51151"	0.581144541345672	0.448670133390981	0.755273288106874	-0.088046922967288	0.279713360989737	0.53643351266858	1	1	1	1
"RABEP1.Q15276"	"RABEP1.Q15276"	0.650822064604592	0.0182763756163417	0.475037444333477	0.126802129300238	0.0853211032299643	0.307643681138915	1	1	1	1
"RABEP2.Q9H5N1"	"RABEP2.Q9H5N1"	0.562255559392536	0.0746806964452749	0.893647640681933	0.0218021997038	0.99196691579294	0.120288315902073	1	1	1	1
"RABEPK.Q7Z6M1"	"RABEPK.Q7Z6M1"	0.018820091083753	0.000787252757557618	0.0740293180947554	0.277455706969599	0.281010793047842	0.277261973183593	1	1	1	1
"RABGAP1.Q9Y3P9"	"RABGAP1.Q9Y3P9"	0.397349781612012	0.713211027603126	0.720041385333492	-0.052768745380059	0.975275461816874	0.0778627255514184	1	1	1	1
"RABGEF1.Q9UJ41"	"RABGEF1.Q9UJ41"	0.145284731045389	0.0151219206639145	0.739281702662828	0.10518711024692	0.329947935356864	0.0704084116233458	1	1	1	1
"RABGGTA.Q92696"	"RABGGTA.Q92696"	0.0038933947791927	0.00149978318185005	0.0101734426776704	0.411937480315762	0.599985149855508	0.116197205080289	1	1	1	1
"RABGGTB.P53611"	"RABGGTB.P53611"	0.0147062916992477	0.450954421897786	0.211863135085819	-0.258222433202801	0.195479053925662	0.696467048137525	1	1	1	1
"RABL3.Q5HYI8"	"RABL3.Q5HYI8"	0.000840382769248247	0.965605848333557	0.610891675078516	0.394642015233039	0.0122057833959358	0.824314150341343	1	1	1	1
"RABL6.Q3YEC7"	"RABL6.Q3YEC7"	0.00284151448814143	0.0129581173972755	0.0652303137710549	0.325748534657855	0.0777269623959501	0.44821531626586	1	1	1	1
"RAC1.P63000"	"RAC1.P63000"	0.438065215300473	0.663459739239421	0.953992300179887	-0.00963336240102953	0.0138125809622046	0.653552734327525	1	1	1	1
"RAC2.P15153"	"RAC2.P15153"	0.00083685081174694	0.00229516747882168	0.404716062289238	-0.195581240260415	0.624277628688797	0.0721728636486324	1	1	1	1
"RACGAP1.Q9H0H5"	"RACGAP1.Q9H0H5"	0.454977635924095	6.08995188319437e-05	4.63978421001728e-07	0.472880850546252	0.0149914836064876	8.481146940745e-06	1	0.327943908910017	1	0.0483001318275428
"RACK1.P63244"	"RACK1.P63244"	0.870864566203409	0.64268052118653	0.721704902677161	-0.12254001280827	0.432254545988971	0.880032338228663	1	1	1	1
"RAD18.Q9NS91"	"RAD18.Q9NS91"	1.07067895668939e-05	0.000304458996508851	0.0033914767630401	-0.292995240505196	0.394701369186365	0.873131930554303	0.0593370277797258	1	1	1
"RAD1.O60671"	"RAD1.O60671"	0.600386545805036	0.0182895264840898	0.166186659540766	0.310963158053003	0.114581148826954	0.825312640947813	1	1	1	1
"RAD21.O60216"	"RAD21.O60216"	0.296568677154239	0.47128660766882	0.22736912259004	0.114801390131194	0.113667081432241	0.444352439429537	1	1	1	1
"RAD23A.P54725"	"RAD23A.P54725"	0.951908587412476	0.117185381935783	0.519943398572328	0.238256698180203	0.234374425350311	0.138802889530815	1	1	1	1
"RAD23B.P54727"	"RAD23B.P54727"	0.407558613708779	0.00506207208801053	0.341935708355315	0.154546030266536	0.0501048611130837	0.903227534908375	1	1	1	1
"RAD50.Q92878"	"RAD50.Q92878"	0.000297692216392713	2.89831440451218e-06	1.18080567522705e-07	-0.416907521665566	0.0697080200428012	0.0162285459071142	1	0.0163870696431119	1	1
"RAD51AP1.Q96B01"	"RAD51AP1.Q96B01"	0.186244512234191	1.75089989104742e-07	0.0118873942758638	0.511288897853239	0.515241169325483	2.73555230405907e-07	1	0.00100851833724331	1	0.00159947743218334
"RAD51.Q06609"	"RAD51.Q06609"	0.827132435498085	0.246786780252777	0.205598005320172	0.525063566316147	0.465362978405611	0.0674261844064435	1	1	1	1
"RAE1.P78406"	"RAE1.P78406"	0.0216730277630491	0.937819406601681	0.663043475423608	-0.0603479754803491	0.317632996371462	0.357784342808586	1	1	1	1
"RAF1.P04049"	"RAF1.P04049"	0.894615644913675	0.729417812854323	0.946790502257034	0.0106333213538471	0.297428784431116	0.592161603636353	1	1	1	1
"RAI14.Q9P0K7"	"RAI14.Q9P0K7"	0.00914680901072287	0.102463922761915	0.0574547738502209	-0.123955748270946	0.0337755530136447	0.0017940830123074	1	1	1	1
"RALA.P11233"	"RALA.P11233"	0.020905338114222	0.00313440857903968	0.00310801103991931	0.373410201061475	0.0335320641803568	0.346077962295069	1	1	1	1
"RALBP1.Q15311"	"RALBP1.Q15311"	0.481337123661538	0.0424325886701268	0.446785058703171	0.183483273648337	0.262870333588336	0.0190536096724733	1	1	1	1
"RALB.P11234"	"RALB.P11234"	0.186984264826817	0.194556572942799	0.440589031280977	0.221018308311572	0.598452976012425	0.100420033570527	1	1	1	1
"RALY.Q9UKM9"	"RALY.Q9UKM9"	0.936915054653269	0.562438021857407	0.747252942652892	-0.0438561624504803	0.00419833031048697	0.0130497815381493	1	1	1	1
"RAMAC.Q9BTL3"	"RAMAC.Q9BTL3"	0.0214819724596753	0.813349267969101	0.634958511009953	-0.150204702152581	0.559299136360019	0.273059412518377	1	1	1	1
"RANBP10.Q6VN20"	"RANBP10.Q6VN20"	0.61378372199769	0.267744739973466	0.142847750189426	0.299038555775302	0.645866459577895	0.593201035933189	1	1	1	1
"RANBP1.P43487"	"RANBP1.P43487"	0.000118784543862193	0.113649800848275	2.28218510694859e-05	0.563267586535735	0.454737007270491	7.0459232424787e-07	0.632171342434592	1	1	0.00409790895782561
"RANBP2.P49792"	"RANBP2.P49792"	0.000399590431999289	0.000767546689614199	0.000952759343824509	-0.170649837755282	0.0387103020470525	3.22502024625602e-06	1	1	1	0.0185406413957258
"RANBP3.Q9H6Z4"	"RANBP3.Q9H6Z4"	0.00304700932233768	0.527798109146448	0.112577492156086	-0.127475076090644	0.11931404170127	0.0407709555171407	1	1	1	1
"RANBP6.O60518"	"RANBP6.O60518"	0.19254265309097	0.208564426708234	0.958418191959445	0.00509561934096004	0.25441995012291	0.214284117734247	1	1	1	1
"RANBP9.Q96S59"	"RANBP9.Q96S59"	0.0186737122263895	0.457155737863218	0.224715590463804	0.132729488485731	0.578058714860024	0.0971239789798713	1	1	1	1
"RANGAP1.P46060"	"RANGAP1.P46060"	0.733090186896028	0.711813937684536	0.301738160452717	-0.132618685951664	0.0121634841063002	0.320400634948054	1	1	1	1
"RANGRF.Q9HD47"	"RANGRF.Q9HD47"	0.0908027712231418	0.37111752216436	0.00134748737688567	0.929438806848891	0.000883161269526546	0.0277127088138443	1	1	1	1
"RAN.P62826"	"RAN.P62826"	0.000305111602626428	0.0035055850790109	0.266575820328842	0.072650920756661	0.142770125601687	0.372143380235702	1	1	1	1
"RAP1A.P62834"	"RAP1A.P62834"	0.0085811491878406	0.0308970937923541	0.00546303921605696	-0.851501979025689	0.00792566150873533	0.0383245133214848	1	1	1	1
"RAP1B.P61224"	"RAP1B.P61224"	0.126043831880186	0.775269469139056	0.0174751826740147	-0.791663905995584	0.0402507807185839	0.0264570323332674	1	1	1	1
"RAP1GDS1.P52306"	"RAP1GDS1.P52306"	0.00647209819302728	0.00310791069811541	0.00108462896353127	0.605483012833272	0.0130997189530478	0.0177346916185916	1	1	1	1
"RAP2B.P61225"	"RAP2B.P61225"	0.47658304767959	0.5660528954436	0.309797339116219	-0.327703823770749	0.0154710769343477	0.1377195338634	1	1	1	1
"RAP2C.Q9Y3L5"	"RAP2C.Q9Y3L5"	0.76047038905452	0.124745575606156	0.267471248016332	-0.473123473801657	0.0966124188934663	0.626825105677314	1	1	1	1
"RAPGEF6.Q8TEU7"	"RAPGEF6.Q8TEU7"	0.184330466476981	0.00695681705159795	0.0442437920405943	0.435573731343691	0.192366205140662	0.3051232605783	1	1	1	1
"RARS1.P54136"	"RARS1.P54136"	0.463522177735375	0.196128476375091	0.155472470046477	-0.230611939491151	0.00623623529643116	0.527179205432338	1	1	1	1
"RARS2.Q5T160"	"RARS2.Q5T160"	0.0395396589760655	0.00667598346449571	0.252105675073812	-0.263432350234298	0.0146613942073243	2.4843151579233e-05	1	1	1	0.139568825572131
"RASA1.P20936"	"RASA1.P20936"	0.384191658191184	0.157514218598267	0.133015460595155	-0.426224223040423	0.413049577830725	0.143637409756944	1	1	1	1
"RASA4B.C9J798"	"RASA4B.C9J798"	0.0864243637978477	0.261705072860478	0.389673623576214	-0.140656444823168	0.825653313808769	0.00071515544578853	1	1	1	1
"RASAL2.Q9UJF2"	"RASAL2.Q9UJF2"	0.717343558044437	0.0873562029166403	0.466107875139299	0.100345539789445	0.569800290391417	0.830520022164391	1	1	1	1
"RASSF2.P50749"	"RASSF2.P50749"	0.351507479182963	0.141600693450642	0.154299703882726	0.541434396510522	0.0578556270674679	0.0133100153458124	1	1	1	1
"RASSF7.Q02833"	"RASSF7.Q02833"	0.0476394148361351	7.45494953294648e-06	0.518086893042535	0.198498162588126	0.237366919382267	2.61888868226615e-07	1	0.041650803040572	1	0.0015320498791257
"RAVER1.Q8IY67.2"	"RAVER1.Q8IY67.2"	0.325575013695501	0.279780155529858	0.448185452215324	0.0802162627762833	0.718444598147977	0.854114501563238	1	1	1	1
"RB1CC1.Q8TDY2"	"RB1CC1.Q8TDY2"	0.0487431248829433	0.00206143946449799	0.286048304050105	0.527181797770999	0.69092982367052	0.00969444372551242	1	1	1	1
"RB1.P06400"	"RB1.P06400"	1.21032549672899e-05	2.29757997026906e-05	0.00234982841917272	0.263462701923475	0.898747900586753	0.670121117710906	0.0669915162439495	0.126137140367772	1	1
"RBBP4.Q09028"	"RBBP4.Q09028"	0.550046205059994	0.320274329040776	0.0845599582102509	0.383667264841036	0.850749539635124	0.797082945339	1	1	1	1
"RBBP5.Q15291"	"RBBP5.Q15291"	0.697271197148361	0.367262905796776	0.128041125910361	0.24096337954752	0.228900142480816	0.033415752729645	1	1	1	1
"RBBP6.Q7Z6E9"	"RBBP6.Q7Z6E9"	0.235211438747685	0.645608418990904	0.8142966575971	0.0303692559575357	0.353294075448465	0.388706465893008	1	1	1	1
"RBBP7.Q16576"	"RBBP7.Q16576"	0.999970210716183	0.517875903142873	0.675544844579112	0.0549814605061583	0.413589874053656	0.444994918880724	1	1	1	1
"RBFOX2.O43251.6"	"RBFOX2.O43251.6"	0.0134102263956936	0.00067895295229106	0.000120067994371004	-0.362742855166087	0.00655058382945811	0.134937507130754	1	1	1	1
"RBM10.P98175.5"	"RBM10.P98175.5"	0.00346046789035528	0.859889305884087	0.0148147865556761	-0.277957661381809	0.539908468045667	0.116484725392011	1	1	1	1
"RBM12B.Q8IXT5"	"RBM12B.Q8IXT5"	0.818995792115894	0.822373693304872	0.886826612897957	0.0120578179439864	0.615111822645499	0.00663079548445555	1	1	1	1
"RBM12.Q9NTZ6"	"RBM12.Q9NTZ6"	0.599906326525478	0.0884905045670462	0.89940723571787	-0.00859754209348853	0.196684993898021	0.0655442197363897	1	1	1	1
"RBM14.Q96PK6"	"RBM14.Q96PK6"	6.8497745719066e-05	1.33784375595667e-05	0.000321991170692262	-0.333001832679301	0.738523244738967	0.349168006074553	0.368449374222856	0.0740630303297612	1	1
"RBM15B.Q8NDT2"	"RBM15B.Q8NDT2"	0.137370458060399	2.10408709663734e-05	0.458699099937802	-0.16063355986021	0.208192456498338	0.0146403407575982	1	0.115619585960222	1	1
"RBM15.Q96T37"	"RBM15.Q96T37"	0.0186726576221994	0.0783908424408956	0.152986066376332	-0.104779414254367	0.254103178158811	4.24139697509939e-06	1	1	1	0.0243074460642946
"RBM17.Q96I25"	"RBM17.Q96I25"	0.561167400183462	0.485480080205507	0.371852782192436	-0.0793558650077587	0.0361288554080464	0.00976082325216302	1	1	1	1
"RBM19.Q9Y4C8"	"RBM19.Q9Y4C8"	0.000283808385141529	0.0184534224292482	0.514832421964994	-0.0534838085816649	0.966121290091804	6.84162597872967e-06	1	1	1	0.0390520010865889
"RBM22.Q9NW64"	"RBM22.Q9NW64"	0.107746028410897	0.0564900403128682	0.0307378863211473	-0.199979858731218	0.471855384509204	0.00661078708277711	1	1	1	1
"RBM25.P49756"	"RBM25.P49756"	1.34010923993695e-05	0.000337646624683187	0.208529128267626	-0.0520128442698438	0.0151457691682967	0.00202668973283311	0.074094639876114	1	1	1
"RBM26.Q5T8P6"	"RBM26.Q5T8P6"	0.804856829162897	0.302148550309591	0.25001308956214	-0.179679215799459	0.585726600997892	0.734833793198208	1	1	1	1
"RBM27.Q9P2N5"	"RBM27.Q9P2N5"	0.0575024905351294	0.0990682287948079	0.216628887792436	-0.0865780662258552	0.913239915703677	0.0752802245054764	1	1	1	1
"RBM28.Q9NW13"	"RBM28.Q9NW13"	0.274533725603358	0.596011833325584	0.130868645622318	-0.218004074460179	0.000653910823854623	0.000104564132714601	1	1	1	0.572174934214299
"RBM33.Q96EV2"	"RBM33.Q96EV2"	0.715731065840733	0.731918801983237	0.0692965272537646	-0.788606632708462	0.228594640130238	0.365809340428634	1	1	1	1
"RBM34.P42696"	"RBM34.P42696"	0.785899480950762	0.0969722593487106	0.316541118211613	-0.211453070277791	0.20929002432136	2.42919847175508e-05	1	1	1	0.136520954112635
"RBM38.Q9H0Z9"	"RBM38.Q9H0Z9"	0.766315557577041	0.00193130066220696	0.0171009886880299	0.870199424045351	0.200711648097086	0.321742594072096	1	1	1	1
"RBM39.Q14498.2"	"RBM39.Q14498.2"	0.69360603532095	0.956231381201523	0.133878818132732	-0.211428945746229	0.0140676403881658	0.00888407125028415	1	1	1	1
"RBM3.P98179"	"RBM3.P98179"	0.116461388661064	0.593057218011458	0.00821632720231764	0.291509534771662	0.230247737340024	0.0774760247531236	1	1	1	1
"RBM42.Q9BTD8"	"RBM42.Q9BTD8"	0.364760669801733	0.0063164774230245	0.247282320311952	-0.255388661106312	0.441016680441836	0.0546711992648785	1	1	1	1
"RBM45.Q8IUH3"	"RBM45.Q8IUH3"	0.88710361520965	0.768463433283259	0.379643703566139	0.210066681505669	0.636546758630158	0.431521969951522	1	1	1	1
"RBM4B.Q9BQ04"	"RBM4B.Q9BQ04"	0.921997881321699	0.176598226163222	0.0233580173577712	0.410123771847132	0.986176732466442	0.149045887151605	1	1	1	1
"RBM4.Q9BWF3"	"RBM4.Q9BWF3"	0.0967817829569174	0.00424975682355885	0.345739598788559	-0.0761342546898117	0.126364497151646	0.216388047509401	1	1	1	1
"RBM5.P52756"	"RBM5.P52756"	1.54984023542995e-05	0.000104375703018057	1.82508931965764e-05	-0.9354334177839	0.372477152821767	0.266256895586085	0.0855356825933789	0.556635624195299	1	1
"RBM6.P78332"	"RBM6.P78332"	8.77654009555836e-11	1.09289602154887e-09	6.20948355843028e-10	-0.780715259238424	0.223740918229065	0.00014951641801305	5.15709496015009e-07	6.39781331014708e-06	1	0.809182854286629
"RBM7.Q9Y580"	"RBM7.Q9Y580"	0.589870947028388	0.0362092635627208	0.105141260497821	0.286255599517263	0.701016918886393	0.0348930427481201	1	1	1	1
"RBM8A.Q9Y5S9"	"RBM8A.Q9Y5S9"	0.926430214454055	0.238620233307104	0.416507122923748	-0.120512788388788	0.0537043064672305	0.503811101454218	1	1	1	1
"RBMS1.P29558"	"RBMS1.P29558"	0.096004690120698	0.649952886093383	0.866692403518875	-0.0374979045436013	0.806112497466135	0.919762301991169	1	1	1	1
"RBMS2.Q15434"	"RBMS2.Q15434"	0.00452192475472111	0.0257885499372775	0.00227406272821019	-0.795614436471619	0.185179075691955	0.460094141365319	1	1	1	1
"RBMX2.Q9Y388"	"RBMX2.Q9Y388"	0.882105260654858	0.353022274252119	0.477901992798711	-0.532901634923581	0.412717515724113	0.349722874714443	1	1	1	1
"RBMXL1.Q96E39"	"RBMXL1.Q96E39"	1.4654989831487e-05	0.780388964699002	0.000351913654257457	-1.29251329029591	0.542628602937291	0.000293271613900712	0.0809395088393027	1	1	1
"RBMX.P38159"	"RBMX.P38159"	0.0670401985960488	0.0110340588423339	0.109932973335615	-0.121917822802673	0.0718430228727517	0.00196235540215192	1	1	1	1
"RBP1.P09455"	"RBP1.P09455"	0.0915380810111847	0.0153007562365289	0.0528502475058651	0.714194296436746	0.422846333808364	0.531832150201124	1	1	1	1
"RBP1.P09455.2"	"RBP1.P09455.2"	1.30104523042079e-07	0.000583888003400933	3.71155344675646e-07	0.693852223027745	0.00299119811719729	9.39533379908473e-09	0.000751613829614093	1	1	5.532912074281e-05
"RBPJ.Q06330"	"RBPJ.Q06330"	0.245828866435103	0.923359868991852	0.119705249233109	0.292168320158602	0.675327196379457	0.291535191429834	1	1	1	1
"RBPMS2.Q6ZRY4"	"RBPMS2.Q6ZRY4"	0.00194797841351398	0.0262474326519843	4.7827479109638e-06	1.6406323416566	0.589646776195161	0.0271397303259614	1	1	1	1
"RBX1.P62877"	"RBX1.P62877"	0.933440907866995	0.918669843100805	0.150410311305131	-0.613128688288547	0.0438585346308262	0.554829370091939	1	1	1	1
"RCC1L.Q96I51"	"RCC1L.Q96I51"	0.143761768189488	0.613824732811873	0.339804702597948	0.159179690036004	0.519530309803056	0.00582973644025423	1	1	1	1
"RCC1.P18754"	"RCC1.P18754"	0.0102672068305195	0.727987114137642	0.14236365260263	-0.134626956672422	0.140240003959663	4.3006895500208e-05	1	1	1	0.239290366563157
"RCC2.Q9P258"	"RCC2.Q9P258"	0.000432254322929214	4.86157113335478e-05	0.0423973551319505	0.162981586816812	0.68132687808935	0.175294132491795	1	0.26296238260316	1	1
"RCE1.Q9Y256"	"RCE1.Q9Y256"	0.260900256789685	0.377132826080732	0.286677991413104	0.47623171458116	0.18390678051603	0.103917887487242	1	1	1	1
"RCL1.Q9Y2P8"	"RCL1.Q9Y2P8"	0.453865501965294	0.254135436383482	0.00455471122823158	-0.404340024333356	0.134660784807453	0.000579884552067046	1	1	1	1
"RCN1.Q15293"	"RCN1.Q15293"	0.00553562545682409	0.0432425751825164	0.0740953091466914	-0.194727861896312	0.327745307918882	0.726388563165804	1	1	1	1
"RCN2.Q14257"	"RCN2.Q14257"	0.174422141457703	0.633711001797064	0.0434101294036166	0.310893320652995	0.948405081952441	0.416515067090729	1	1	1	1
"RCN3.Q96D15"	"RCN3.Q96D15"	2.1153583066062e-05	0.000303556931834802	9.26245205184742e-06	0.523653606619477	0.292250436675594	0.0177754424000027	0.116365860446407	1	1	1
"RCOR1.Q9UKL0"	"RCOR1.Q9UKL0"	0.569172301135092	0.225458868493317	0.557044439009909	0.114074825754283	0.818940892906004	0.989013107079033	1	1	1	1
"RCOR3.Q9P2K3"	"RCOR3.Q9P2K3"	0.914327803950973	0.0517557872434205	0.000806696246299045	0.434596781429534	0.00344364959777038	0.170846809133029	1	1	1	1
"RDH10.Q8IZV5"	"RDH10.Q8IZV5"	0.307626006213733	5.19994319074949e-05	0.870354384289245	0.041760308317435	0.746260691463144	0.201633407112449	1	0.280900931164287	1	1
"RDH11.Q8TC12"	"RDH11.Q8TC12"	0.0158705039833386	0.000488182606422341	2.52800483012617e-05	-0.574865071529509	0.00398456729425084	1.61696051248781e-06	1	1	1	0.0093492656832045
"RDH14.Q9HBH5"	"RDH14.Q9HBH5"	0.00516442144834335	0.0672255827542299	6.12992629523317e-05	-0.798067440944139	0.524094815257908	0.00091242756358937	1	1	1	1
"RDX.P35241"	"RDX.P35241"	1.06533388488634e-05	0.00125131098784605	7.9414587908508e-05	0.296694960248338	0.810257170437658	5.45599856919157e-05	0.05905145723925	1	1	0.302316880718905
"RECQL4.O94761"	"RECQL4.O94761"	0.212733126384281	0.136667431119909	0.357697271886392	-0.12241681852702	0.45850194600002	0.187899183802156	1	1	1	1
"RECQL.P46063"	"RECQL.P46063"	9.42502057301686e-06	4.09141142648042e-05	0.0682035649545824	0.147526980670143	0.507314860935882	0.366260993530714	0.0522994391596705	0.222081812229357	1	1
"REEP4.Q9H6H4"	"REEP4.Q9H6H4"	0.0451473494326202	0.177828274978381	0.191061803601037	0.233885753735068	0.55641886691108	0.0169018500008061	1	1	1	1
"REEP5.Q00765"	"REEP5.Q00765"	0.101786159223067	0.020760727496547	0.0616242542212663	-0.496585474750236	0.370086575745316	0.751540771459654	1	1	1	1
"REEP6.Q96HR9"	"REEP6.Q96HR9"	0.739187313593031	0.0960437411784433	0.909702416690058	0.0351728796226783	0.493848114970078	0.793643091755584	1	1	1	1
"RELA.Q04206"	"RELA.Q04206"	0.247063975478816	0.0138354075649913	0.123614636744544	-0.19619535973305	0.685761346895821	0.192880263980803	1	1	1	1
"RELB.Q01201"	"RELB.Q01201"	0.209916645939484	0.618243210195288	0.138193537495498	0.22547393718713	0.00014471280308451	0.00524127185590125	1	1	0.844833344407372	1
"RELL1.Q8IUW5"	"RELL1.Q8IUW5"	0.240940522453678	0.122976057532971	0.476844302631273	-0.119888401052888	0.647080334807674	0.162962412198291	1	1	1	1
"REPS1.Q96D71"	"REPS1.Q96D71"	0.0833882352649298	0.000614392192549413	0.11840486830854	0.184926010466393	0.000965666722109605	0.932108445032171	1	1	1	1
"RER1.O15258"	"RER1.O15258"	0.000651433040340199	0.0491700119807025	0.000443746489559378	0.384340620743769	0.1320270742173	0.000394973981457439	1	1	1	1
"RETREG2.Q8NC44"	"RETREG2.Q8NC44"	0.114634523213094	0.678349949619519	0.706922862383921	0.0927194851259199	0.297768630688795	0.00655619793507866	1	1	1	1
"RETREG3.Q86VR2"	"RETREG3.Q86VR2"	0.019021963355391	0.35994846807098	0.755014691625379	-0.0859472097048181	0.848500968362597	0.0189414063530751	1	1	1	1
"RETSAT.Q6NUM9"	"RETSAT.Q6NUM9"	0.0410006300783557	0.00109069771427954	0.11320478795558	-0.36972866965929	0.428413751940974	0.0357555546687143	1	1	1	1
"REXO2.Q9Y3B8"	"REXO2.Q9Y3B8"	4.36997188383491e-07	1.25541680836057e-05	0.0450726609247529	0.177964107117986	0.00153557024086455	0.175659265805184	0.00250617887537932	0.0695877536874261	1	1
"REXO4.Q9GZR2"	"REXO4.Q9GZR2"	0.120383196449309	0.00699408012758285	0.154631769360633	-0.178440684992831	0.0738958136146372	0.0207078853088131	1	1	1	1
"RFC1.P35251"	"RFC1.P35251"	0.452781875678785	0.0303477650303724	0.669981881910056	0.0366773990558503	0.225790452149729	3.38422013649883e-08	1	1	1	0.000198721406415211
"RFC2.P35250"	"RFC2.P35250"	0.00817669078356044	0.33918028209394	0.00152629070359453	-0.424491096509851	0.126711060819752	0.171859839458654	1	1	1	1
"RFC3.P40938"	"RFC3.P40938"	0.998128419476914	0.41583465126455	0.599254901543412	0.0467430746066795	0.207164928604031	0.0526971090881036	1	1	1	1
"RFC4.P35249"	"RFC4.P35249"	0.477542788325804	0.218918350749893	0.00913438265032552	-0.225353346785756	0.0191559516416772	0.104691478653296	1	1	1	1
"RFC5.P40937"	"RFC5.P40937"	0.0294603021334754	0.95203997659323	0.926696719077239	0.00600207556671994	0.0036913333481695	0.00162735826000709	1	1	1	1
"RFK.Q969G6"	"RFK.Q969G6"	0.317535891662557	0.200004405168106	0.336799558090033	0.236722980939728	0.184734771932041	0.259620820559418	1	1	1	1
"RFT1.Q96AA3"	"RFT1.Q96AA3"	0.00487598891281907	3.62531574744813e-06	6.78066900066499e-06	-0.897679408458905	0.232618784198099	0.00602503200159646	1	0.02044315549986	1	1
"RFTN1.Q14699"	"RFTN1.Q14699"	1.95377975385687e-10	3.68325976117077e-10	2.85779342235815e-08	-1.04108443310796	0.63385732114895	0.556184151228091	1.14686871551398e-06	2.15949519797442e-06	1	1
"RGPD1.P0DJD0"	"RGPD1.P0DJD0"	0.953046504835907	0.16867545299778	0.351921962326158	-0.132624523226607	0.072812250986977	0.115934999812586	1	1	1	1
"RGPD6.Q99666"	"RGPD6.Q99666"	0.0281680158122017	0.657428246754846	0.0399526658635056	-0.394705833170781	0.628767228438088	0.000102618783010809	1	1	1	0.561837836984177
"RGS10.O43665"	"RGS10.O43665"	0.250530959852985	0.112278812354427	0.802922141652162	-0.0268759676709834	0.829871390521474	0.427188979068103	1	1	1	1
"RHEB.Q15382"	"RHEB.Q15382"	0.995291001515366	0.0701356276596596	0.71254758283578	0.206425361881157	0.590439856046119	0.715610653219469	1	1	1	1
"RHOA.P61586"	"RHOA.P61586"	0.0896176287329618	0.00130309666881776	0.000232127538833352	-0.392099670864393	0.00208326770043103	0.0744482672622879	1	1	1	1
"RHOBTB3.O94955"	"RHOBTB3.O94955"	0.88405785059173	0.552998795455167	0.307422168542814	0.426752856366308	0.416718582055457	0.121592480120012	1	1	1	1
"RHOB.P62745"	"RHOB.P62745"	0.751104315432992	0.965941156078176	0.290203992974201	0.324519076874423	0.41291708616699	0.180793024418044	1	1	1	1
"RHOC.P08134"	"RHOC.P08134"	0.0066172010592814	0.208906998785129	0.000930188011624891	-0.407018682010433	0.0280621352734767	0.912861115878743	1	1	1	1
"RHOF.Q9HBH0"	"RHOF.Q9HBH0"	0.808824758817805	0.829437635833274	0.451432114428086	-0.273506321828568	0.0589142690345741	0.467475260640781	1	1	1	1
"RHOG.P84095"	"RHOG.P84095"	0.00738916121271507	0.559741159243719	0.037184640459568	-0.316546293153448	0.414610540870213	0.0059900079382575	1	1	1	1
"RHOT1.Q8IXI2"	"RHOT1.Q8IXI2"	0.126915500460197	0.896180857188381	0.127265861549282	0.390243995611045	0.00863563929506717	0.0492923492516446	1	1	1	1
"RHOT2.Q8IXI1"	"RHOT2.Q8IXI1"	0.0719459665236794	0.146703985113157	0.472454991975048	0.0801991490904947	0.844438947862634	0.185744085568178	1	1	1	1
"RIC8A.Q9NPQ8"	"RIC8A.Q9NPQ8"	0.315381131102403	0.298667673416822	0.265162510863653	-0.10936816047959	0.520491864659361	0.0108280364893063	1	1	1	1
"RICTOR.Q6R327"	"RICTOR.Q6R327"	0.499085431532803	0.475382682722367	0.286844416557454	0.233873335082974	0.0544677994582616	0.876484725453146	1	1	1	1
"RIDA.P52758"	"RIDA.P52758"	0.408951818793523	0.889880131558576	0.824101644043347	-0.0773420664527943	0.124095068614297	0.39967057454478	1	1	1	1
"RIF1.Q5UIP0"	"RIF1.Q5UIP0"	0.517317410468424	0.278570317252502	0.722287802334957	0.026531291972039	0.631844225689543	1.21641942292449e-05	1	1	1	0.0690318022509647
"RILPL1.Q5EBL4"	"RILPL1.Q5EBL4"	0.103745046244479	0.00046760409987015	0.264675442167777	0.437374548752161	0.0748208493756029	0.114617167990229	1	1	1	1
"RIMKLB.Q9ULI2"	"RIMKLB.Q9ULI2"	0.0561245939632115	0.243135967963346	0.182416144742286	-0.777604280088282	0.244987099850832	0.411407800113297	1	1	1	1
"RIN1.Q13671"	"RIN1.Q13671"	0.64621663782311	0.0336059149571646	0.0538195408045797	0.331290012386287	0.893223987831135	0.68530537957979	1	1	1	1
"RING1.Q06587"	"RING1.Q06587"	0.340214259278136	0.302631633319464	0.0516968384701997	0.236204790394271	0.357963051252462	0.794123869636393	1	1	1	1
"RINT1.Q6NUQ1"	"RINT1.Q6NUQ1"	0.155191579825962	0.455566256806716	0.851717779922061	-0.0530162532308897	0.148690892022408	0.487200715058017	1	1	1	1
"RIOK1.Q9BRS2"	"RIOK1.Q9BRS2"	0.00723135390251673	0.0020222260355575	0.206636603594597	0.210052695304263	0.110456298556497	0.956238740714714	1	1	1	1
"RIOK2.Q9BVS4"	"RIOK2.Q9BVS4"	0.754367845702697	0.317921000585352	0.0374270684876775	-0.540739944148458	0.171755431756355	0.523167757586738	1	1	1	1
"RIOK3.O14730"	"RIOK3.O14730"	0.542695695075001	0.0403203241877464	0.00287171174490452	-1.04279564751931	0.369447458766811	0.0256212585011765	1	1	1	1
"RIOX1.Q9H6W3"	"RIOX1.Q9H6W3"	2.88555645758883e-08	0.0032505965189766	2.63911963888327e-05	-0.389776658097922	0.0265406158041184	2.23442995343802e-05	0.000167477696798456	1	1	0.12579840637856
"RIOX2.Q8IUF8"	"RIOX2.Q8IUF8"	0.000844934460405979	0.149341802385595	0.258941093359579	0.0791414652705373	0.040283695297702	0.9886703802377	1	1	1	1
"RIPK1.Q13546"	"RIPK1.Q13546"	0.00209109223980728	0.0137822351100574	0.0448930881153967	0.215940421880748	0.995305593359972	0.146753715776827	1	1	1	1
"RIPOR1.Q6ZS17"	"RIPOR1.Q6ZS17"	0.000604022750901079	6.51145822641798e-06	9.47177586468e-07	0.776976031413908	0.59811770454117	0.377927331623096	1	0.0364120744021293	1	1
"RLF.Q13129"	"RLF.Q13129"	0.219186115710607	0.025002233702532	0.512775955342159	0.0800944635021887	0.927111121426237	7.75578393274636e-05	1	1	1	0.426955905497687
"RMDN1.Q96DB5"	"RMDN1.Q96DB5"	0.139273466613221	0.0700740960469934	0.810302809015372	-0.054996061452022	0.851804333874941	0.48296830445454	1	1	1	1
"RMDN3.Q96TC7"	"RMDN3.Q96TC7"	2.55133212977137e-07	0.00464308368984755	0.00511498181932829	-0.417432689116719	0.169457268240649	0.0172826985129621	0.00146829164068342	1	1	1
"RMND5A.Q9H871"	"RMND5A.Q9H871"	0.852467037502332	0.263162671701419	0.482323903194624	0.235627187225085	0.406374381755917	0.974654192400168	1	1	1	1
"RNASEH2A.O75792"	"RNASEH2A.O75792"	2.80981361335391e-05	0.116802452814179	0.306024884199009	0.331132897920894	0.0941252471751173	0.300170040512444	0.153893491603394	1	1	1
"RNASEH2B.Q5TBB1"	"RNASEH2B.Q5TBB1"	0.989015371280178	0.824278073483434	0.440550540916081	0.127503040891912	0.0391620380234656	0.00790822908457266	1	1	1	1
"RNASEH2C.Q8TDP1"	"RNASEH2C.Q8TDP1"	0.548136456062484	0.137665752545325	0.30487984434886	-0.437544442223394	0.617795337487964	0.796661862279087	1	1	1	1
"RND3.P61587"	"RND3.P61587"	0.00118242291399303	0.848723567777587	1.1220912363881e-08	-0.998228087550306	0.0880841705189196	0.426229251070273	1	1	1	1
"RNF114.Q9Y508"	"RNF114.Q9Y508"	4.52822742156383e-06	5.25578388576902e-06	6.8916391172413e-06	0.4678936398828	0.176354564786407	4.20818840547196e-05	0.0254124122898162	0.0294849475991642	1	0.234185684764515
"RNF115.Q9Y4L5"	"RNF115.Q9Y4L5"	0.00480959487053346	0.048850500863474	0.0426262524787433	0.612840264119058	0.12864491357904	0.204263531114107	1	1	1	1
"RNF123.Q5XPI4"	"RNF123.Q5XPI4"	0.917983284676244	0.242706549081876	0.209915647540503	-0.357821458639858	0.914189710295539	0.912117097709283	1	1	1	1
"RNF126.Q9BV68"	"RNF126.Q9BV68"	0.946893796721541	0.0700905712899526	0.0115016197756097	0.403197229029457	0.011784282054689	0.0268876292947761	1	1	1	1
"RNF149.Q8NC42"	"RNF149.Q8NC42"	0.102833378237493	0.333142939861018	0.00230526973066981	0.749682406707189	0.254604019982354	0.345520603985466	1	1	1	1
"RNF170.Q96K19"	"RNF170.Q96K19"	0.00417139467199656	0.0104133871582288	0.066581957228586	0.396330060454802	0.984271272883424	0.00248483275235409	1	1	1	1
"RNF181.Q9P0P0"	"RNF181.Q9P0P0"	0.971525928858208	0.00881156019593706	0.0999590392290587	0.282594649330653	0.181397599734934	0.121678204746569	1	1	1	1
"RNF20.Q5VTR2"	"RNF20.Q5VTR2"	0.904323304892597	0.00484637287798847	0.0787973856943765	0.118170594258281	0.054649745080467	0.0304324207321002	1	1	1	1
"RNF213.Q63HN8"	"RNF213.Q63HN8"	0.49770980205712	0.552966156588407	0.729716862917242	0.0749122111685549	0.0994357435436558	0.324440758060339	1	1	1	1
"RNF214.Q8ND24"	"RNF214.Q8ND24"	0.00908100197081612	0.00137793918735317	0.140836802832073	0.284344664066056	0.971651536837733	0.457656468101504	1	1	1	1
"RNF25.Q96BH1"	"RNF25.Q96BH1"	0.0760948828883295	0.416638306980277	0.283347550742892	0.159510990493877	0.788000333663271	0.0715815327653628	1	1	1	1
"RNF2.Q99496"	"RNF2.Q99496"	0.214905497827415	0.525661582300673	0.000369912699390406	0.424017640632524	0.30892712495104	0.396010616920938	1	1	1	1
"RNF31.Q96EP0"	"RNF31.Q96EP0"	0.224738488875014	0.0319284562354302	0.509282939212382	0.253890421198543	0.10988296833132	0.687683089174183	1	1	1	1
"RNF40.O75150"	"RNF40.O75150"	0.529518587534898	0.92652532607735	0.00137099651887591	0.271734478716373	0.886743905574153	0.204478883296554	1	1	1	1
"RNF4.P78317"	"RNF4.P78317"	0.00525854068503068	0.343258350929851	1.85528771291163e-05	1.55787045717516	0.0934037768196122	0.010375143710798	1	1	1	1
"RNF5.Q99942"	"RNF5.Q99942"	0.772425913091249	0.447889903304229	0.14932903164554	-0.830045186995948	0.0470645755977661	0.993692058909151	1	1	1	1
"RNF7.Q9UBF6"	"RNF7.Q9UBF6"	0.867914237517446	0.309249475715635	0.503607388490286	0.235713982159821	0.341025008285675	0.681608138060824	1	1	1	1
"RNGTT.O60942"	"RNGTT.O60942"	0.00493486076989181	0.00220174207224897	0.0644223604924492	0.294726270387447	0.77568150638703	0.0163833798373923	1	1	1	1
"RNH1.P13489"	"RNH1.P13489"	0.48285853461141	0.240843067612829	0.626788538187103	0.0529083307466773	0.256606806532717	0.000152319261226717	1	1	1	0.823894883975311
"RNMT.O43148"	"RNMT.O43148"	0.106452717456574	0.531274716186695	0.0562272663293415	-0.293090525126979	0.539213806709511	0.0592164965482719	1	1	1	1
"RNPEP.Q9H4A4"	"RNPEP.Q9H4A4"	0.66729812347248	0.101723965724807	0.173727877017976	0.216626884864311	0.418170870428516	0.0471640641794962	1	1	1	1
"RNPS1.Q15287"	"RNPS1.Q15287"	0.0837423910181836	0.603806083463864	0.391057795927727	0.188687510607977	0.619901003459461	0.942879372055858	1	1	1	1
"RO60.P10155"	"RO60.P10155"	0.0998828268377838	0.860109665962869	0.424611306083337	0.249280167082211	0.613084063246672	0.392557693819282	1	1	1	1
"ROBO1.Q9Y6N7"	"ROBO1.Q9Y6N7"	0.000259915407971589	0.147946975207679	0.0583406038638648	-0.390205303024122	0.0323225019062404	0.144227530781009	1	1	1	1
"ROCK1.Q13464"	"ROCK1.Q13464"	0.00890660387506655	1.55067066473631e-05	0.000626973332629806	0.278894159716959	0.018252874718095	0.192448329894241	1	0.0855660072801499	1	1
"ROCK2.O75116"	"ROCK2.O75116"	0.393769552096035	0.883563087120421	0.418266294182999	-0.0472020102440718	0.52293776007556	0.000884828566957099	1	1	1	1
"ROMO1.P60602"	"ROMO1.P60602"	0.631036110400722	0.0882691548691007	0.358886345004151	-0.389962159936916	0.00768162866963846	0.544192384595468	1	1	1	1
"RP2.O75695"	"RP2.O75695"	0.847411950506946	0.846480716869818	0.371634080415028	0.761586031586405	0.366361842107846	0.311441247364893	1	1	1	1
"RP9.Q8TA86"	"RP9.Q8TA86"	0.00165450112482973	0.0837717743567811	0.00291001655143679	-0.605847657742711	0.163826182562489	0.000169115554229118	1	1	1	0.911529164359526
"RPA1.P27694"	"RPA1.P27694"	0.16983719237345	0.089275719388596	0.75152600071409	0.0301217861849866	0.06414034196105	0.477056442594595	1	1	1	1
"RPA2.P15927"	"RPA2.P15927"	0.261084994175783	0.142177919778181	0.0630283716333485	-0.218599724810948	0.164821518482789	0.060488599399199	1	1	1	1
"RPA3.P35244"	"RPA3.P35244"	0.000130856822308339	0.487200042298478	0.188878445156398	-0.128635278994223	0.000437583940620549	0.00888076731853121	0.694718869634971	1	1	1
"RPAP1.Q9BWH6"	"RPAP1.Q9BWH6"	0.827342373389468	0.297162967501452	0.233200917347666	-0.166972211638163	0.110061769792162	0.490603166376887	1	1	1	1
"RPAP2.Q8IXW5"	"RPAP2.Q8IXW5"	0.81224982774664	0.405442359080411	0.6195977562495	0.131211164159484	0.541522449616241	0.623719550899507	1	1	1	1
"RPAP3.Q9H6T3"	"RPAP3.Q9H6T3"	0.194401299215452	0.000739355644627107	0.42198693558687	0.0893232809042164	0.236835529137527	0.817777023236335	1	1	1	1
"RPE.Q96AT9"	"RPE.Q96AT9"	0.0716015881360424	0.775900125072928	0.0164166319566829	-0.37209255358774	0.863428315186067	0.0191848240229359	1	1	1	1
"RPF1.Q9H9Y2"	"RPF1.Q9H9Y2"	0.36504834519773	0.0051500849876667	0.959621855141359	0.00828862944501192	0.941109605104759	0.094631920387913	1	1	1	1
"RPF2.Q9H7B2"	"RPF2.Q9H7B2"	0.253601949575062	0.429347130716849	0.196266972202921	0.198839513942095	0.810608078598596	0.00191433983628104	1	1	1	1
"RPIA.P49247"	"RPIA.P49247"	0.0741268585830392	0.637860989446626	0.00349204574926045	-0.41767929701	0.0716251730348206	0.1214739081387	1	1	1	1
"RPL10A.P62906"	"RPL10A.P62906"	0.527262158632819	0.717392971643373	0.776241153822061	0.0371998688315754	0.428682158900783	0.126217030906155	1	1	1	1
"RPL10.P27635"	"RPL10.P27635"	0.00791719782129434	0.280072380620398	0.982790122934505	0.00308445562306909	0.04636067341395	0.0608479882384949	1	1	1	1
"RPL11.P62913"	"RPL11.P62913"	0.0203662951266433	0.517698568107462	0.198834040755187	-0.160187216645499	0.15806110761503	0.958154167598574	1	1	1	1
"RPL12.P30050"	"RPL12.P30050"	0.0164474986034647	0.977889065607037	0.6279076437349	-0.0422159999816735	0.599669547953371	0.815881387696033	1	1	1	1
"RPL13A.P40429"	"RPL13A.P40429"	0.681644014455766	0.338660175655125	0.356581315185139	-0.369615492351226	0.033523763048373	0.0774405017622504	1	1	1	1
"RPL13.P26373"	"RPL13.P26373"	0.120029240544967	0.685933030088618	0.483070822316498	-0.172113213993022	0.0162998916423556	0.107317107324977	1	1	1	1
"RPL14.P50914"	"RPL14.P50914"	0.136343345293662	0.206536657545482	0.404092751663939	-0.171225302506845	0.0247881802664326	0.00353206556181103	1	1	1	1
"RPL15.P61313"	"RPL15.P61313"	0.916729959431335	0.0352975207006756	0.995469026130833	0.00100430673104923	0.350606897421616	0.0121558575508921	1	1	1	1
"RPL17.P18621"	"RPL17.P18621"	0.341203549272483	0.900917422070336	0.257197477791616	0.160501992575446	0.0718188713001241	0.981829188780119	1	1	1	1
"RPL18A.Q02543"	"RPL18A.Q02543"	0.138413758198695	0.167220106065688	0.420635183780204	0.147488661302276	0.248828105057314	0.0774721570226068	1	1	1	1
"RPL18.Q07020"	"RPL18.Q07020"	0.687697360634123	0.0998186406746238	0.283972020053262	-0.393952349557244	0.0761127956677706	0.00981264614348557	1	1	1	1
"RPL19.P84098"	"RPL19.P84098"	0.00945858577207362	0.553519489429948	0.0438659454870448	0.298192679284826	0.843420653828801	0.202599736619397	1	1	1	1
"RPL21.P46778"	"RPL21.P46778"	0.0019592746384818	0.186264987620407	0.366225198199764	0.091624808885245	0.234364201175291	0.051072905873421	1	1	1	1
"RPL22L1.Q6P5R6"	"RPL22L1.Q6P5R6"	2.62924911772124e-07	6.7443169259995e-10	3.70539349042504e-11	-1.55870293162888	0.0595335280272744	0.0237964614942335	0.00151208116760149	3.95082085525051e-06	1	1
"RPL22.P35268"	"RPL22.P35268"	0.577963616348379	0.772740208449741	0.280580330018817	-0.45083780981338	0.173168834328116	0.880275402114468	1	1	1	1
"RPL23A.P62750"	"RPL23A.P62750"	0.0126599424084991	0.0464351594913807	0.246324498237023	0.166940647057902	0.0626679059712994	0.0293606666186408	1	1	1	1
"RPL23.P62829"	"RPL23.P62829"	0.07425964511359	0.753517558290402	0.0547355919346554	-0.305742806571148	0.00604305225217794	0.0042488224163168	1	1	1	1
"RPL24.P83731"	"RPL24.P83731"	0.384574618754703	0.312689349367595	0.667718603536377	-0.163004490419677	0.0727320824104998	0.187302052411301	1	1	1	1
"RPL26L1.Q9UNX3"	"RPL26L1.Q9UNX3"	0.137819858042121	0.47088226694883	0.758072861258678	0.0468346793270971	0.623557129385317	0.796684022310783	1	1	1	1
"RPL26.P61254"	"RPL26.P61254"	0.210752041328527	0.108523172763554	0.0874306716485738	0.331477107596476	0.0427761581509279	0.314437718380667	1	1	1	1
"RPL27A.P46776"	"RPL27A.P46776"	0.769990548856025	0.467657688470671	0.495792251350514	-0.384439689406331	0.125035647344873	0.261853015441379	1	1	1	1
"RPL27.P61353"	"RPL27.P61353"	0.0328141049167059	0.471385832168261	0.260670092784196	0.175130428600717	0.804386271308714	0.863842530576446	1	1	1	1
"RPL28.P46779"	"RPL28.P46779"	0.0919514172580717	0.168458327551839	0.92014215850119	-0.017519937957636	0.0841589669965046	0.0100239031086291	1	1	1	1
"RPL29.P47914"	"RPL29.P47914"	0.331084582933487	0.00273066114280729	0.0686657000922881	0.476601501954408	0.657094473263926	0.0353571935626175	1	1	1	1
"RPL30.P62888"	"RPL30.P62888"	0.0703929675881144	0.344091732279905	0.161989399244483	0.207702351077679	0.50365343631499	0.602169915946461	1	1	1	1
"RPL31.P62899"	"RPL31.P62899"	0.642014904975648	0.0663105765136956	0.334824219974715	-0.363347470824519	0.0165701767189325	0.213327698137833	1	1	1	1
"RPL32.P62910"	"RPL32.P62910"	0.011190391246756	0.841936986755592	0.255209841979619	0.178005638857555	0.241062916867163	0.986570628092362	1	1	1	1
"RPL34.P49207"	"RPL34.P49207"	0.363090467103959	0.00728986231239866	0.523408615656563	0.17958802487509	0.284540931447932	0.0329667188437942	1	1	1	1
"RPL35A.P18077"	"RPL35A.P18077"	0.542405440747757	0.171824350608615	0.951296230391015	-0.016012838252931	0.0128831492485569	0.179827833319651	1	1	1	1
"RPL35.P42766"	"RPL35.P42766"	0.543356429984862	0.0512615362233329	0.879686643843119	-0.0854253833551904	0.155963657144162	0.0939012472226699	1	1	1	1
"RPL36A.P83881"	"RPL36A.P83881"	0.0297487774128467	0.429242284509951	0.459885569003626	0.0870066071961743	0.34810365995874	0.078523941000642	1	1	1	1
"RPL36.Q9Y3U8"	"RPL36.Q9Y3U8"	0.612277451941634	0.49740896850634	0.133450397495678	-0.768577891392287	0.0473636081975799	0.76928190386095	1	1	1	1
"RPL37A.P61513"	"RPL37A.P61513"	0.0204247450287855	0.123326848626428	0.0871288969858552	0.392390091290591	0.678539566539782	0.131796286510316	1	1	1	1
"RPL38.P63173"	"RPL38.P63173"	0.891296757111258	0.651130433592191	0.00521623631735734	-1.81699181043322	0.000317863868382059	0.0111287522148349	1	1	1	1
"RPL3L.Q92901"	"RPL3L.Q92901"	0.622975175864376	0.00125198500395237	0.0437324324701135	-0.878498967451695	0.624044521198766	0.0329027562034792	1	1	1	1
"RPL3.P39023"	"RPL3.P39023"	0.0515652113781416	0.0835971678575558	0.19222901517786	0.175377843956146	0.737507756819751	0.0111931691863786	1	1	1	1
"RPL4.P36578"	"RPL4.P36578"	0.0222858200325731	0.176600046386002	0.543299895517232	0.109296050939669	0.0277759274978163	0.0295580836124802	1	1	1	1
"RPL5.P46777"	"RPL5.P46777"	0.135534272593929	0.846430712059173	0.292151203385749	-0.121722924706996	0.271997085450248	0.0184916459120083	1	1	1	1
"RPL6.Q02878"	"RPL6.Q02878"	0.119617177695353	0.372284978289063	0.208907357245695	-0.247254467648618	0.00074828094281439	0.00647580947693717	1	1	1	1
"RPL7A.P62424"	"RPL7A.P62424"	0.0104773850712273	0.0501674844065151	0.879505493155313	0.0236673990856768	0.0111439395245574	0.000585204674751565	1	1	1	1
"RPL7L1.Q6DKI1"	"RPL7L1.Q6DKI1"	0.53010143927181	0.530367425028645	0.0719828880315116	0.269038739146565	0.251684190078179	0.00684946899511995	1	1	1	1
"RPL7.P18124"	"RPL7.P18124"	0.0585007689888182	0.327835517232373	0.344592417721655	0.143162788680512	0.566654707428191	0.252337447120743	1	1	1	1
"RPL8.P62917"	"RPL8.P62917"	0.0140652903479717	0.284557227678677	0.574048012520926	-0.0783907947905676	0.096822720115057	0.00786992612382808	1	1	1	1
"RPL9P9.P32969"	"RPL9P9.P32969"	0.0598602945204057	0.278771782118045	0.0648360746752188	0.248629301475095	0.312356008138288	0.56330039992837	1	1	1	1
"RPLP0.P05388"	"RPLP0.P05388"	0.367157839112759	0.232577180043484	0.337647774165163	-0.212370246810412	0.391187776575295	0.581299259072511	1	1	1	1
"RPLP1.P05386"	"RPLP1.P05386"	0.884254246943173	0.0616569053516402	0.782675320578351	0.0894737311549725	0.151727961096438	0.277035475861551	1	1	1	1
"RPLP2.P05387"	"RPLP2.P05387"	0.908502859927492	0.403577673177071	0.0250005237585125	-0.343857866339583	0.00156576297120632	0.916065026951935	1	1	1	1
"RPN1.P04843"	"RPN1.P04843"	0.347859009596118	0.00894149449572259	0.344185331371602	-0.0954606199843944	0.16276787592157	0.136338655761142	1	1	1	1
"RPN2.P04844"	"RPN2.P04844"	0.189222014913004	0.439636430522497	0.418617184170103	0.1186682735406	0.00326897371991823	0.00132804867846515	1	1	1	1
"RPP25L.Q8N5L8"	"RPP25L.Q8N5L8"	0.945877884170263	0.308881599783871	0.563652341309613	0.202793793394262	0.85679367222659	0.558498092326147	1	1	1	1
"RPP30.P78346"	"RPP30.P78346"	0.485157150056512	0.804281152342098	0.504619569492367	-0.0976371681828391	0.822067997384033	0.0229906291695429	1	1	1	1
"RPP40.O75818"	"RPP40.O75818"	0.0767681142795589	0.908688705537408	0.00820870053954878	0.318491303920014	0.0156718592088357	0.953307904380647	1	1	1	1
"RPRD1A.Q96P16"	"RPRD1A.Q96P16"	0.0393590242751984	0.000711082729071276	0.143377175347558	0.193532059488585	0.0451701621606853	0.00125271551752817	1	1	1	1
"RPRD1B.Q9NQG5"	"RPRD1B.Q9NQG5"	0.575655759806211	0.742650071907817	0.103706393556069	-0.458876511180038	0.0201059183170535	0.28680834557493	1	1	1	1
"RPRD2.Q5VT52"	"RPRD2.Q5VT52"	0.0890788854069352	0.651637955946208	0.738855814669758	-0.0300876740897189	0.998683705507998	0.187300182413069	1	1	1	1
"RPS10.P46783"	"RPS10.P46783"	0.125397309942389	0.919093948143646	0.592108011104056	-0.071223011120199	0.0696870892501724	0.177848158073291	1	1	1	1
"RPS11.P62280"	"RPS11.P62280"	0.069354258854471	0.953068877025418	0.161332565869935	0.219468734956882	0.578071187774533	0.657778017236607	1	1	1	1
"RPS12.P25398"	"RPS12.P25398"	0.742387767335114	0.354971384607562	0.643502953407684	0.0557920919575329	0.868031742356578	0.00505661576096055	1	1	1	1
"RPS13.P62277"	"RPS13.P62277"	0.908160608016199	0.34309310086863	0.650168487538349	-0.152872100620173	0.479648677505849	0.537134930163604	1	1	1	1
"RPS14.P62263"	"RPS14.P62263"	0.21902112555976	0.0235646124411205	0.308029372219076	-0.0804021261329433	0.189342618255104	0.0169450557215783	1	1	1	1
"RPS15A.P62244"	"RPS15A.P62244"	0.248205956451171	0.952773517204736	0.736406567331275	0.0375448286079143	0.725622606020516	0.534367191401295	1	1	1	1
"RPS15.P62841"	"RPS15.P62841"	0.396934770988256	0.918235962112454	0.190817770689739	-0.171817082738965	0.915224908976852	0.622384469910906	1	1	1	1
"RPS16.P62249"	"RPS16.P62249"	0.00322627636638203	0.521222165719179	0.53318809659245	0.116399523490571	0.0446800155458203	0.710572802807584	1	1	1	1
"RPS17.P08708"	"RPS17.P08708"	0.957642050827673	0.132642793835415	0.834797420411068	-0.0245724705600251	0.432073865575124	0.0524049744855783	1	1	1	1
"RPS18.P62269"	"RPS18.P62269"	0.877654729975073	0.157930026549337	0.306747856820151	-0.220523752310495	0.164588837093548	0.0478179668906993	1	1	1	1
"RPS19BP1.Q86WX3"	"RPS19BP1.Q86WX3"	0.000374961445699694	0.312297343370719	0.000191088359957223	-0.841780984934715	0.709764846163641	0.0259944641250663	1	1	1	1
"RPS19.P39019"	"RPS19.P39019"	0.745267536264123	0.607592469599162	0.298765590542728	-0.232191101146103	0.0506242099764906	0.24426223283576	1	1	1	1
"RPS20.P60866"	"RPS20.P60866"	0.282814978401485	0.0174749625370316	0.456552080404654	0.0564552148167027	0.00738786620741531	1.93407085531179e-06	1	1	1	0.0111615229060043
"RPS21.P63220"	"RPS21.P63220"	0.205138533284452	0.911063998810165	0.494747226529033	-0.160029203804258	0.889839239978191	0.357427331940003	1	1	1	1
"RPS23.P62266"	"RPS23.P62266"	0.153807027142354	0.0278156107027775	0.521791694654324	0.180605213742043	0.081781294259805	0.0362220435808252	1	1	1	1
"RPS24.P62847"	"RPS24.P62847"	0.209304300668046	0.192420208158148	0.26342711302261	0.174185525768654	0.678668980218385	0.63284636392854	1	1	1	1
"RPS25.P62851"	"RPS25.P62851"	0.477432007580419	0.138350640923607	0.991551362988188	-0.00413828745105402	0.0386062880295261	0.579887189121863	1	1	1	1
"RPS26.P62854"	"RPS26.P62854"	0.00446216127568963	0.0396274157017817	0.435236438838219	0.14864311674382	0.0340207479376305	0.0268705271113306	1	1	1	1
"RPS27A.P62979"	"RPS27A.P62979"	0.00322250782661063	0.207664790297634	0.703552195814146	0.0540486108169314	0.0103972773207664	0.100156487240402	1	1	1	1
"RPS27L.Q71UM5"	"RPS27L.Q71UM5"	0.727792138595085	0.820909058355757	0.19622158208997	-0.242325033048283	0.163144478520436	0.512903886723707	1	1	1	1
"RPS27.P42677"	"RPS27.P42677"	0.0214824279076454	0.129620361947862	0.859211607122229	-0.0639592820632672	0.202487530032263	0.0591752111210502	1	1	1	1
"RPS28.P62857"	"RPS28.P62857"	0.0481045286241325	0.977998625487831	0.421838915394098	-0.219537588628072	0.571113879576229	0.85054077760333	1	1	1	1
"RPS29.P62273"	"RPS29.P62273"	0.361755264380614	0.294705559409918	0.329488599083937	-0.189909529739997	0.0588841006653862	0.482005596954375	1	1	1	1
"RPS2.P15880"	"RPS2.P15880"	0.528860498532556	0.00549853649933991	0.114152916406863	-0.200430155779109	0.0216041120244427	2.87034520570906e-05	1	1	1	0.160968959136164
"RPS3A.P61247"	"RPS3A.P61247"	0.247914911140381	0.169814635609528	0.797662766796631	0.015687079368391	0.0309891569376935	0.0902263119501888	1	1	1	1
"RPS3.P23396"	"RPS3.P23396"	0.266257296283141	0.41942081005661	0.783725618454779	-0.0425479146390898	0.0830015790010005	0.41252871289746	1	1	1	1
"RPS4X.P62701"	"RPS4X.P62701"	0.160923107475566	0.835793829319702	0.737077272741346	-0.0492975475734895	0.041632570221723	0.105267917238178	1	1	1	1
"RPS5.P46782"	"RPS5.P46782"	0.210451582281674	0.79795817095146	0.214136776269702	0.17889103840465	0.808386929996845	0.241462957207101	1	1	1	1
"RPS6KA1.Q15418"	"RPS6KA1.Q15418"	0.762567133691487	0.983612365042777	0.175972756693909	0.216531508659593	0.0609853914839907	0.050770710479471	1	1	1	1
"RPS6KA3.P51812"	"RPS6KA3.P51812"	0.131808038068653	0.917758902458268	0.18672199020413	0.19886237976739	0.020125452384372	0.0481359732095634	1	1	1	1
"RPS6KA4.O75676"	"RPS6KA4.O75676"	0.0137040899287266	0.0220139829860452	6.0638689927528e-05	1.65788172410334	0.463950261819824	0.716102023324925	1	1	1	1
"RPS6KB1.P23443"	"RPS6KB1.P23443"	0.171000668932607	0.469962069554395	0.513810894357556	0.115666310895244	0.0011452365268267	0.162600504696651	1	1	1	1
"RPS6.P62753"	"RPS6.P62753"	0.0605613630175961	0.753972225307844	0.152552395124259	-0.297678336591907	0.000530352148137239	0.0164832845562612	1	1	1	1
"RPS7.P62081"	"RPS7.P62081"	0.0245993702114672	0.519261694565181	0.379861220160518	0.205750141508108	0.072944109323218	0.726302712310866	1	1	1	1
"RPS8.P62241"	"RPS8.P62241"	0.290496851650203	0.416300944336182	0.206568026844113	0.239352743091885	0.852090519114624	0.181350856486674	1	1	1	1
"RPS9.P46781"	"RPS9.P46781"	0.0513548102402469	0.480366677904594	0.686703675204014	-0.088004048075211	0.0169753531344723	0.131162465545875	1	1	1	1
"RPSA.P08865"	"RPSA.P08865"	0.224453047984365	0.567790856710843	0.580316012139076	-0.113156776087197	0.89544052310989	0.282926613924631	1	1	1	1
"RPTOR.Q8N122"	"RPTOR.Q8N122"	0.47999796161439	0.225620909218965	0.194114582637296	-0.167363746262131	0.61655564875723	0.772247067996961	1	1	1	1
"RPUSD2.Q8IZ73"	"RPUSD2.Q8IZ73"	0.00555718289453575	0.117365715389105	0.0312727904764801	-0.356916837397163	0.0385615676306952	0.408395718009595	1	1	1	1
"RPUSD3.Q6P087"	"RPUSD3.Q6P087"	0.00067682574169304	0.0130894668457156	6.53271412733542e-05	-1.21978009977071	0.308111703827802	0.0152734696584953	1	1	1	1
"RPUSD4.Q96CM3"	"RPUSD4.Q96CM3"	0.132215499907552	0.352336421242337	0.271803024918847	0.22163569315928	0.177880101924609	0.035866435041824	1	1	1	1
"RRAGA.Q7L523"	"RRAGA.Q7L523"	0.214777319745454	0.826159676619456	0.10552836580266	0.356527798914606	0.14688282997899	0.173357492048299	1	1	1	1
"RRAGC.Q9HB90"	"RRAGC.Q9HB90"	0.00555583235631909	0.507311119093806	0.420119671290761	-0.0975059546823489	0.231520215176125	0.164232650002791	1	1	1	1
"RRAS2.P62070"	"RRAS2.P62070"	1.28849361280405e-06	0.680524580992461	2.55009235017766e-06	-0.659916689606147	0.92641297181164	1.98717927685125e-06	0.00732637468240384	1	1	0.0114580757103243
"RRAS.P10301"	"RRAS.P10301"	0.251715811180346	0.476716304366607	0.361728894751825	-0.0777584640399998	0.748491527887128	0.129867858161494	1	1	1	1
"RRBP1.Q9P2E9"	"RRBP1.Q9P2E9"	0.0156285529242032	0.201096371875872	0.215809166982141	0.145098343735678	0.421988747931875	0.301335590075497	1	1	1	1
"RREB1.Q92766"	"RREB1.Q92766"	0.825677704789298	0.0358819171490996	0.706972936304448	-0.106714043066003	0.0978762292648563	0.000203206210018697	1	1	1	1
"RRM1.P23921"	"RRM1.P23921"	1.33125067976153e-05	3.87999159467267e-06	1.46579807775031e-07	0.779029202394856	0.755396913668476	0.744004287262004	0.07363147509761	0.0218482326696018	1	1
"RRM2B.Q7LG56"	"RRM2B.Q7LG56"	0.0271278726125136	0.0338755919043502	0.698084499305531	-0.0470522544103978	0.00293178264244039	0.557917278926138	1	1	1	1
"RRM2.P31350"	"RRM2.P31350"	0.0976392206795986	0.0228267501898152	0.00348153555991611	0.613522934711199	0.537385421076657	0.376262787985741	1	1	1	1
"RRP12.Q5JTH9"	"RRP12.Q5JTH9"	0.0788783447869874	0.00526813011505358	0.000221760618638835	-0.396095526998316	0.0128546804990394	1.55743826100373e-07	1	1	1	0.000912035845643783
"RRP15.Q9Y3B9"	"RRP15.Q9Y3B9"	0.024376734603636	0.729800819051575	0.121821397296814	-0.211673716042113	0.192205156135643	0.089158675771144	1	1	1	1
"RRP1B.Q14684"	"RRP1B.Q14684"	0.0432400618107508	0.00995144801757538	0.777156180287409	-0.0305046272328947	0.200794661135013	1.55539462490015e-07	1	1	1	0.000910994631804017
"RRP1.P56182"	"RRP1.P56182"	0.0531439733047662	0.175476635349925	0.301756655957605	-0.185725859161654	0.591394168857823	0.0135303392075943	1	1	1	1
"RRP36.Q96EU6"	"RRP36.Q96EU6"	0.0035901481377606	0.928217753016432	0.183035744746817	-0.341094345193185	0.134793529633388	0.0069187402835722	1	1	1	1
"RRP7A.Q9Y3A4"	"RRP7A.Q9Y3A4"	8.97655988461322e-05	5.251691989249e-10	0.00150438718808465	-0.320610671239998	0.190953576072776	0.784531711670815	0.479886891431423	3.07801667489884e-06	1	1
"RRP8.O43159"	"RRP8.O43159"	6.35017762096647e-06	4.28497243716223e-06	1.44325698742014e-06	-0.661415174381584	0.523558393262813	0.00541793490338723	0.03541494059213	0.0241201098487862	1	1
"RRP9.O43818"	"RRP9.O43818"	2.22838831291664e-08	1.37976875370911e-06	4.77650865347293e-09	-0.849431341633861	0.00835015302273623	6.10667664267879e-06	0.000129513928746715	0.00784122582732887	1	0.0348874436596239
"RRS1.Q15050"	"RRS1.Q15050"	0.113567670835682	0.0199896320574371	0.000376454938118256	1.20684793005125	0.389088601519263	0.179148439853133	1	1	1	1
"RSAD1.Q9HA92"	"RSAD1.Q9HA92"	0.0187003263262444	0.021777547999374	0.000732238247497424	-1.4681876952965	0.160733731395216	0.00450090655007008	1	1	1	1
"RSBN1L.Q6PCB5"	"RSBN1L.Q6PCB5"	0.959291133246232	0.660968515871117	0.873159878890808	0.0348118892362694	0.906006449940972	0.520291975190703	1	1	1	1
"RSBN1.Q5VWQ0"	"RSBN1.Q5VWQ0"	0.000237074756363696	0.398762946384245	0.00109109835010045	-0.464115469530519	0.0216079514015242	2.96036811771068e-06	1	1	1	0.0170309977811895
"RSF1.Q96T23"	"RSF1.Q96T23"	3.32081506994678e-07	1.05856241932624e-05	9.59359340113176e-06	-0.544457453694054	0.155174104096415	0.21489176920697	0.00190780825768443	0.0588772417629252	1	1
"RSL1D1.O76021"	"RSL1D1.O76021"	0.499762748359258	0.528727492787918	0.541583246156246	-0.15849005482622	0.0336549795483301	0.0141646300216442	1	1	1	1
"RSL24D1.Q9UHA3"	"RSL24D1.Q9UHA3"	0.0159505972628037	0.268988284796874	0.91749922115612	-0.0193064256507731	0.851081926165816	0.00252808590151814	1	1	1	1
"RSPRY1.Q96DX4"	"RSPRY1.Q96DX4"	0.13005035607998	0.010716925615812	0.466829115746711	0.155826515592729	0.0841429949004091	0.000701297044627094	1	1	1	1
"RSRC2.Q7L4I2"	"RSRC2.Q7L4I2"	0.393924705491971	0.11068924730227	0.847184714865848	0.0538469443119009	0.217238155357744	0.118113415963271	1	1	1	1
"RSU1.Q15404"	"RSU1.Q15404"	0.954368778876533	0.609879732959203	0.624269055655183	-0.136201181540574	0.626895503375355	0.651505381397604	1	1	1	1
"RTCA.O00442"	"RTCA.O00442"	0.0786763522215887	0.151536797140141	0.220657811121724	-0.628236017849859	0.575208773347968	0.504811106003245	1	1	1	1
"RTCB.Q9Y3I0"	"RTCB.Q9Y3I0"	0.248711130767713	0.448809959005008	0.0504931607620625	-0.316046988958957	0.114991613351168	0.539777464501866	1	1	1	1
"RTF1.Q92541"	"RTF1.Q92541"	0.514208567567105	0.854713194164309	0.00094524796474288	-0.420724790663746	0.072830720886626	0.794059826850776	1	1	1	1
"RTF2.Q9BY42"	"RTF2.Q9BY42"	0.15954161399162	0.808177554975768	0.00110404100000403	0.281343674724539	0.94631175930172	0.000148569245873946	1	1	1	0.804205327915671
"RTN1.Q16799"	"RTN1.Q16799"	0.663220895333697	0.0236917170742888	0.846436976106336	0.0279400516087596	0.413109350450471	0.0016993448325592	1	1	1	1
"RTN3.O95197.3"	"RTN3.O95197.3"	0.406009409439291	0.474946111536167	0.806951789545101	0.0328618626547345	0.355491992240985	0.00434105965631101	1	1	1	1
"RTN4RL2.Q86UN3"	"RTN4RL2.Q86UN3"	0.347770333694977	0.0234083712672461	0.000221465256830337	0.984828430070265	0.277900377293511	0.0533824799421081	1	1	1	1
"RTN4R.Q9BZR6"	"RTN4R.Q9BZR6"	0.199132153549359	0.58434838222932	0.0488626171390153	1.19920282175596	0.179140256777532	0.665744878822697	1	1	1	1
"RTN4.Q9NQC3"	"RTN4.Q9NQC3"	1.74172197092592e-10	6.12596285814863e-11	6.34781299099107e-12	-0.623658556268283	1.06435538804581e-05	1.22212761065584e-05	1.0227391413277e-06	3.59961577544813e-07	0.0626373145864961	0.0693435206286123
"RTN4.Q9NQC3.2"	"RTN4.Q9NQC3.2"	0.425909070379824	0.804636168898738	0.0712248172635205	-1.03651094663453	0.0600151691149512	0.0124156857254424	1	1	1	1
"RTRAF.Q9Y224"	"RTRAF.Q9Y224"	0.00195729369002518	0.0814071381902417	0.00155719662363688	-0.261917077696382	0.82456510947548	0.552488467518317	1	1	1	1
"RUFY1.Q96T51"	"RUFY1.Q96T51"	0.013327058360652	0.113876712486975	0.0109351154608878	-0.291908945367448	0.860441334274268	0.624156180774961	1	1	1	1
"RUNX1.Q01196"	"RUNX1.Q01196"	0.255457480304691	0.804502576574763	0.00046015030958058	0.832929305282873	0.757647878622951	0.719352033277431	1	1	1	1
"RUNX2.Q13950"	"RUNX2.Q13950"	0.0472956000594225	0.103893425402769	0.00540986857908126	1.14672888301632	0.0631837463667872	0.866417182190478	1	1	1	1
"RUSF1.Q96GQ5"	"RUSF1.Q96GQ5"	0.70320227853911	0.51380382535493	0.456100896848208	-0.226246257679716	0.556650368601445	0.0426205656188194	1	1	1	1
"RUVBL1.Q9Y265"	"RUVBL1.Q9Y265"	0.494535039473495	0.0132856288435206	0.839064381566128	-0.0190188614435458	0.985870191245561	0.997327207225842	1	1	1	1
"RUVBL2.Q9Y230"	"RUVBL2.Q9Y230"	0.710235837833694	0.0170160861804058	0.40702172403982	-0.156068609706404	0.391124480324403	0.0739415279033063	1	1	1	1
"RWDD1.Q9H446"	"RWDD1.Q9H446"	0.535927589158627	0.916954577604883	0.593269625703693	0.363732941639392	0.657173846919936	0.874860068113415	1	1	1	1
"RYBP.Q8N488"	"RYBP.Q8N488"	0.0441642502247258	0.0201898008419314	0.862967670788233	-0.0362593736539653	0.0427497694929148	0.857789521403553	1	1	1	1
"S100A10.P60903"	"S100A10.P60903"	0.00234155231972528	0.197511728854877	0.000129858082364738	0.928701648743635	0.128343110287885	0.372091184010376	1	1	1	1
"S100A11.P31949"	"S100A11.P31949"	0.07216604215555	0.12233315865418	0.0213871127006048	0.451192273440364	0.149841322198868	0.930511562295356	1	1	1	1
"S100A12.P80511"	"S100A12.P80511"	0.411685322827462	0.00796252732710428	0.0167061871374757	-0.600676866871751	0.249154221136546	0.0613116870670069	1	1	1	1
"S100A13.Q99584"	"S100A13.Q99584"	0.446837102322721	7.97544911476633e-05	0.22641772226112	0.258078927256529	0.388883039318013	0.0652196200231829	1	0.427723336024918	1	1
"S100A16.Q96FQ6"	"S100A16.Q96FQ6"	0.0314857765961186	0.0309857793593394	0.904825285422523	0.0111413475558519	0.362585991564926	0.000503462943046683	1	1	1	1
"S100A1.P23297"	"S100A1.P23297"	0.00188115585694975	0.02933897766875	0.0577257467985093	-0.757702302270837	0.129986007375315	0.0466724204187685	1	1	1	1
"S100A2.P29034"	"S100A2.P29034"	0.9898473907207	0.000298278502686006	0.00485870977250892	0.931618602981233	0.106862141231027	0.62733989807236	1	1	1	1
"S100A4.P26447"	"S100A4.P26447"	7.26123827214985e-08	1.26713571938097e-10	3.35420901036479e-09	1.34029392917255	0.00949898228164506	0.171734612866094	0.000420207858809312	7.43935380848569e-07	1	1
"S100A6.P06703"	"S100A6.P06703"	0.661654147217374	0.00170308268055489	0.0501832332199614	1.30465349718379	0.826800843201346	0.266677298865046	1	1	1	1
"SAA1.P0DJI8"	"SAA1.P0DJI8"	0.775272383877441	9.74220620077912e-06	0.275051523601114	-0.363926337444383	0.876275731122206	0.000627760694998327	1	0.0542348619197374	1	1
"SAAL1.Q96ER3"	"SAAL1.Q96ER3"	0.0361051042596884	0.0773280671722096	0.0257913374001068	-0.341685829134548	0.217576609586072	0.142747849292034	1	1	1	1
"SAC3D1.A6NKF1"	"SAC3D1.A6NKF1"	0.159495294595906	0.00353140524528853	0.00504390612315603	0.66399858052402	0.109732948174596	0.254943613549368	1	1	1	1
"SACM1L.Q9NTJ5"	"SACM1L.Q9NTJ5"	1.42626543402066e-05	1.27197925156123e-05	6.62855446473515e-05	-0.54676826029922	0.958772182673533	0.000287468156159809	0.0788011652296414	0.0704676505364922	1	1
"SACS.Q9NZJ4"	"SACS.Q9NZJ4"	0.0118109901052839	0.0752131116142729	0.0392482833999632	0.407246526603337	0.36672954831087	0.811254031608255	1	1	1	1
"SAE1.Q9UBE0"	"SAE1.Q9UBE0"	0.312542793207643	0.217307586237089	0.872367649804324	-0.0275710270825635	0.138377514874551	0.209464318001252	1	1	1	1
"SAFB2.Q14151"	"SAFB2.Q14151"	0.0069746709374247	0.00576042440534323	0.294557215751351	-0.0836298061118829	0.143130979550115	0.26396017932152	1	1	1	1
"SAFB.Q15424"	"SAFB.Q15424"	0.0335116276053433	0.159118632325101	0.150889537028566	-0.149775479932137	0.0270448606407205	0.0258848179063323	1	1	1	1
"SAGE1.Q9NXZ1"	"SAGE1.Q9NXZ1"	0.00320738822886531	0.133122930028479	0.0128984391176651	-0.741783063193171	0.0699842522871599	0.0351514071432003	1	1	1	1
"SAMD1.Q6SPF0"	"SAMD1.Q6SPF0"	0.727121773863708	0.56101885180027	0.0689778775638425	0.611405812222437	0.6246606870571	0.961501751927961	1	1	1	1
"SAMD4A.Q9UPU9"	"SAMD4A.Q9UPU9"	0.000100293214488502	6.21882227166677e-05	0.243939953972075	-0.159258284933796	0.012747467925627	0.0048709959133575	0.53496400608167	0.334821391106539	1	1
"SAMD4B.Q5PRF9"	"SAMD4B.Q5PRF9"	0.50437342782174	0.774135132103939	0.0299548952136515	0.468541213314966	0.800740860203003	0.0364277658257588	1	1	1	1
"SAMD9.Q5K651"	"SAMD9.Q5K651"	0.919941401575842	0.626197185794536	0.272514903625623	0.600270417326122	0.607515970620324	0.0260689966802223	1	1	1	1
"SAMHD1.Q9Y3Z3"	"SAMHD1.Q9Y3Z3"	0.0406802104625195	0.027193534555812	0.00223774015597416	-0.694347839062819	0.151776470317358	0.856831722382605	1	1	1	1
"SAMM50.Q9Y512"	"SAMM50.Q9Y512"	0.213355953963386	0.769133977010776	0.181748832037703	-0.251065182722336	0.132965034485002	0.0017517462146951	1	1	1	1
"SAP130.Q9H0E3"	"SAP130.Q9H0E3"	0.495749386060234	0.109400583149345	0.656820100149158	0.0653865869042912	0.336010121225055	0.733140717409355	1	1	1	1
"SAP18.O00422"	"SAP18.O00422"	0.00160175354948578	0.723813109836567	0.251973211538838	-0.228840691747717	0.0870357506449357	0.0954722178972591	1	1	1	1
"SAP30BP.Q9UHR5"	"SAP30BP.Q9UHR5"	0.00749751338994639	0.055123043420998	0.608791352497366	-0.127666972393762	0.0418358317613976	0.816296743451448	1	1	1	1
"SAP30.O75446"	"SAP30.O75446"	0.211919165725102	0.339039277568596	0.992174302771765	-0.00183034030933717	0.585425120468529	0.044615034896703	1	1	1	1
"SAR1A.Q9NR31"	"SAR1A.Q9NR31"	0.747848554923881	0.823249425740693	0.264586352663178	-0.118599872894434	0.42240601496727	0.427019398376542	1	1	1	1
"SAR1B.Q9Y6B6"	"SAR1B.Q9Y6B6"	0.00199312907054507	0.0211220260361682	0.000838140664959086	-0.42624181923959	0.439450627478212	0.0366975493967598	1	1	1	1
"SARAF.Q96BY9"	"SARAF.Q96BY9"	5.38374639405655e-05	0.00250751826684998	1.74219743657759e-06	0.940297539898356	0.579959033649689	0.000973841370099413	0.291153004990578	1	1	1
"SARNP.P82979"	"SARNP.P82979"	0.713439044059507	0.0667267747812583	0.531870094810682	-0.0778684035256803	0.0304850046354718	0.0973681100810801	1	1	1	1
"SARS1.P49591"	"SARS1.P49591"	0.0224050275252916	0.00758088752760855	1.99518425543412e-13	-0.9406642286966	0.0728793266520404	0.0101479178111141	1	1	1	1
"SARS2.Q9NP81"	"SARS2.Q9NP81"	0.0904168542106811	0.00151032628901038	0.0653721984518042	0.138086651707055	0.53248064541511	0.000117881927403135	1	1	1	0.642338622419685
"SART1.O43290"	"SART1.O43290"	0.465998859798707	0.975692690805833	0.590575539613197	-0.0737676423616164	0.0351881029002305	0.424895485229904	1	1	1	1
"SART3.Q15020"	"SART3.Q15020"	0.0889516924775368	0.0969147747426306	0.000142610367034591	-0.316262970239653	0.00600207336757558	0.128459495522234	1	1	1	1
"SATB2.Q9UPW6"	"SATB2.Q9UPW6"	0.0716988000029684	0.348742635874062	0.0052790266927985	0.53351168362339	0.341762400245729	0.0136586357796923	1	1	1	1
"SAV1.Q9H4B6"	"SAV1.Q9H4B6"	0.0369287345604221	0.178671088342895	0.213160211527228	0.354455720820725	0.312999183965874	0.00537441133844609	1	1	1	1
"SBDS.Q9Y3A5"	"SBDS.Q9Y3A5"	0.0108887779320323	0.125349036674889	0.114506382992413	-0.204042570254089	0.00869416345013837	0.909917440331717	1	1	1	1
"SBF1.O95248"	"SBF1.O95248"	0.278189451185845	0.121260201018297	0.0457340688525681	0.492209989677191	0.816405770628375	0.872640073136792	1	1	1	1
"SBNO1.A3KN83"	"SBNO1.A3KN83"	0.577796791217927	4.52474310152479e-05	5.30138125338005e-06	0.702320804873649	0.870154048404784	0.025739699160295	1	0.245105333809598	1	1
"SBSN.Q6UWP8"	"SBSN.Q6UWP8"	0.00131080636634109	3.278435555779e-05	2.28149644627401e-06	1.63532234561493	0.5477502151712	0.105624828480706	1	0.178838659567744	1	1
"SCAF11.Q99590"	"SCAF11.Q99590"	0.276171154986325	0.665349585696297	0.309672489704049	0.165619374818724	0.184686501823026	0.136482583514408	1	1	1	1
"SCAF1.Q9H7N4"	"SCAF1.Q9H7N4"	0.298995948609744	0.0176205257225185	0.959564017621915	0.0138675156405871	0.0289895266879379	0.078862061022653	1	1	1	1
"SCAF4.O95104"	"SCAF4.O95104"	0.0145907455882102	0.0130841546420452	0.482616590303115	0.0606447552222953	0.246826545442191	0.0092750043942051	1	1	1	1
"SCAF8.Q9UPN6"	"SCAF8.Q9UPN6"	0.435857941876168	0.103169351626897	0.48940231276398	0.0506159898618636	0.0432734174802837	0.139585349368131	1	1	1	1
"SCAI.Q8N9R8"	"SCAI.Q8N9R8"	0.0361357752854605	0.469565870338686	0.123967951932677	-0.984534970914209	0.856462189993195	0.993365520478013	1	1	1	1
"SCAMP1.O15126"	"SCAMP1.O15126"	0.00422040013044943	0.00152908462072905	0.709385561278244	-0.0393834088426055	0.241180406231748	0.79483286645905	1	1	1	1
"SCAMP2.O15127"	"SCAMP2.O15127"	0.14343990791308	0.718078413390189	0.0822643860049506	0.213584983934634	0.0185989109366108	0.714462665918302	1	1	1	1
"SCAMP3.O14828"	"SCAMP3.O14828"	0.235979399581711	0.20016205945046	0.00843906235480027	-0.225059093920135	0.000377888373170436	0.00124807931399554	1	1	1	1
"SCARB1.Q8WTV0"	"SCARB1.Q8WTV0"	0.0221216341916262	0.821348020336958	0.119819230859531	0.386915593058589	0.707703096446867	0.0835751032508015	1	1	1	1
"SCARB2.Q14108"	"SCARB2.Q14108"	0.00179935480676911	0.133183030271632	0.0043844548713917	0.38790181737156	0.246150906506461	0.67723022790655	1	1	1	1
"SCARF2.Q96GP6"	"SCARF2.Q96GP6"	0.198417163153602	0.835901640642571	3.63762207493977e-06	1.01616533208948	0.179339928814338	1.4182501933575e-05	1	1	1	0.0803155084498351
"SCCPDH.Q8NBX0"	"SCCPDH.Q8NBX0"	0.865019017966655	0.584111762787336	0.618054029639581	-0.0773849180850449	0.66338737172265	0.000949965891719593	1	1	1	1
"SCD.O00767"	"SCD.O00767"	0.03351302637069	0.000995484732296337	0.00105281347513384	0.664787747035729	0.00995427393968615	0.850362658355856	1	1	1	1
"SCFD1.Q8WVM8"	"SCFD1.Q8WVM8"	0.0142593086279421	0.00170872408082671	0.133319628386794	-0.114867543953701	0.133160535837235	0.00134533711740163	1	1	1	1
"SCFD2.Q8WU76"	"SCFD2.Q8WU76"	3.19495084553297e-06	0.00219548880152305	0.00232027668247116	-0.545533449014107	0.0375637593773827	0.0226497229931631	0.0180195227688059	1	1	1
"SCLY.Q96I15"	"SCLY.Q96I15"	0.0535718565280347	0.142417007123105	0.0373403166821617	-0.3070475918724	0.135430196192229	0.530456391464918	1	1	1	1
"SCML2.Q9UQR0"	"SCML2.Q9UQR0"	0.514332788533524	0.300097472782916	0.368355358902867	0.245281052712628	0.579934625096595	0.823902853358581	1	1	1	1
"SCO1.O75880"	"SCO1.O75880"	0.257341481696736	0.0913858409071736	0.401845244604364	0.11716597781779	0.546273587987671	0.46007215428857	1	1	1	1
"SCO2.O43819"	"SCO2.O43819"	0.09614729394378	0.0105657674541428	0.315254963666392	0.0955127886593076	0.377552718609601	0.192316728248734	1	1	1	1
"SCOC.Q9UIL1"	"SCOC.Q9UIL1"	0.106705779131004	0.769253719433796	0.944725557625022	-0.0184014720493048	0.00434608578697065	0.176531167944818	1	1	1	1
"SCP2.P22307"	"SCP2.P22307"	0.629448778530617	0.379472664397881	0.133594204966211	-0.288769951301645	0.0300888646263713	0.0195898297729501	1	1	1	1
"SCPEP1.Q9HB40"	"SCPEP1.Q9HB40"	0.171955822631574	0.0452074595315939	0.00546228225823712	0.397948752309527	0.057745228684819	0.000417716261692261	1	1	1	1
"SCRIB.Q14160.3"	"SCRIB.Q14160.3"	4.72458631082465e-07	9.55465828356028e-06	0.00104788607901443	-0.381287750598914	0.583329491119271	0.927480961139333	0.00270907779062685	0.0532134702390396	1	1
"SCRN1.Q12765"	"SCRN1.Q12765"	0.000521998609728418	0.0405671041478853	0.000442469739809007	-0.375315993319447	0.0448296810558251	0.00421702336136864	1	1	1	1
"SCRN2.Q96FV2"	"SCRN2.Q96FV2"	0.962423865595306	0.0352763866767023	0.307158874708684	0.106835552578496	0.00569749015405638	0.0024950217376908	1	1	1	1
"SCYL1.Q96KG9"	"SCYL1.Q96KG9"	0.0227240488157141	4.70172939523541e-05	0.00727948372516723	0.346252445666534	0.794475950867347	0.477610359424958	1	0.254457594870141	1	1
"SCYL2.Q6P3W7"	"SCYL2.Q6P3W7"	0.64340624449228	0.84406519984595	0.00658755970321272	-0.293937374193985	0.0438612587510917	0.239547457052218	1	1	1	1
"SDAD1.Q9NVU7"	"SDAD1.Q9NVU7"	0.905925584950876	0.8057394296809	0.0313882219087475	0.362197508314731	0.263858190839466	0.253563772253132	1	1	1	1
"SDC1.P18827"	"SDC1.P18827"	0.277361079032141	0.379661249459425	0.887005480963048	0.044651819016962	0.908114730686469	0.993908693128071	1	1	1	1
"SDC2.P34741"	"SDC2.P34741"	0.0289007081308447	0.0122113016135012	0.618343612839751	-0.100167157098093	0.335563693801235	0.700202095969788	1	1	1	1
"SDC4.P31431"	"SDC4.P31431"	0.897542275533823	0.000483337255168508	0.000261497103811067	0.641100351380961	0.536430388100269	0.94653176146005	1	1	1	1
"SDCBP.O00560"	"SDCBP.O00560"	0.339699672834945	1.22895403236488e-05	0.723659645844076	-0.0979824147706932	0.265724565187864	0.0016152340767183	1	0.0681577906349561	1	1
"SDCBP.O00560.2"	"SDCBP.O00560.2"	0.0049364267156726	0.590585789696005	0.0381268875208453	0.357982717163461	0.0137315959619538	0.00221580668423246	1	1	1	1
"SDE2.Q6IQ49"	"SDE2.Q6IQ49"	0.239315598043009	0.00534454517590407	0.0132553633881645	0.286638172190399	0.17412337700003	0.538237742860887	1	1	1	1
"SDF2L1.Q9HCN8"	"SDF2L1.Q9HCN8"	0.784360007175819	0.00862677833078069	5.21580960346184e-08	-0.842772881920273	0.0426228322803251	0.563537509748536	1	1	1	1
"SDF2.Q99470"	"SDF2.Q99470"	0.00241317578657751	0.212438486417182	0.0586049957745234	-0.310314738203196	0.321728302114293	0.00753944709128306	1	1	1	1
"SDF4.Q9BRK5"	"SDF4.Q9BRK5"	0.00501675474596191	0.00749607545448332	0.00303778188269889	-0.353846679157169	0.31304845454222	0.00849880008033705	1	1	1	1
"SDHAF2.Q9NX18"	"SDHAF2.Q9NX18"	0.847961008599244	0.231836654144981	0.550073577065828	0.152641410709574	0.650360129854111	0.184881843566549	1	1	1	1
"SDHA.P31040"	"SDHA.P31040"	0.425881394057483	0.9429851384896	0.0837933988351775	0.270872938192333	0.972113312283517	0.1922432083263	1	1	1	1
"SDHB.P21912"	"SDHB.P21912"	0.50668478049766	0.91031299557632	0.0752976974433075	0.300642486219283	0.831035013413573	0.999268101369088	1	1	1	1
"SDHC.Q99643"	"SDHC.Q99643"	0.471177921235907	0.0461916487343349	0.308390712243407	0.318702902300633	0.624400894481892	0.00401043137993854	1	1	1	1
"SDHD.O14521"	"SDHD.O14521"	0.857133657899739	0.639265915416683	0.374564334415129	-0.369987751254417	0.136112783708439	0.0522732404252109	1	1	1	1
"SDK2.Q58EX2"	"SDK2.Q58EX2"	1.30674989497782e-06	6.64283871735557e-05	8.50154988684199e-05	-0.857846732076549	0.848223058115276	0.0058615945742881	0.00742756640305394	0.357251866219383	1	1
"SEC11A.P67812"	"SEC11A.P67812"	0.466850575813561	0.431153963945169	0.0258245890777961	-0.598898933956015	0.0308092515276575	0.000258562545616886	1	1	1	1
"SEC11C.Q9BY50"	"SEC11C.Q9BY50"	0.020603784640957	0.000200080678425149	0.00964564796710204	-1.13543662857118	0.968852104219933	0.255258451945702	1	1	1	1
"SEC13.P55735"	"SEC13.P55735"	0.8273510772129	0.971522076073734	0.374476691766719	-0.283528103435856	0.727040454524568	0.804475603109116	1	1	1	1
"SEC14L5.O43304"	"SEC14L5.O43304"	0.843904987795197	0.97380240298045	0.911857599663419	0.0668018645599107	0.60228443625243	0.0661996440882684	1	1	1	1
"SEC16A.O15027"	"SEC16A.O15027"	0.0970002094694819	0.0140928745634814	0.697541637379651	-0.0319645622014208	0.786708560839891	0.00318503990732128	1	1	1	1
"SEC22B.O75396"	"SEC22B.O75396"	0.0664365542510277	0.00408312980250346	0.000546412883438407	-1.12949187882073	0.0156476285389653	0.109347704937552	1	1	1	1
"SEC23A.Q15436"	"SEC23A.Q15436"	0.488555789631827	0.4494423336468	0.193524665835787	-0.114030935070644	0.93326181149511	0.517150111594022	1	1	1	1
"SEC23B.Q15437"	"SEC23B.Q15437"	9.01811915383195e-06	0.00289528113011735	2.25176569448109e-05	-0.328745714337677	0.0584671843816887	0.0707968490702215	0.050068597542075	1	1	1
"SEC23IP.Q9Y6Y8"	"SEC23IP.Q9Y6Y8"	0.35883313263242	0.1772576700339	0.159327773178814	-0.0986937721914846	0.0531992344976146	3.92169094022946e-06	1	1	1	0.022490897542216
"SEC24A.O95486"	"SEC24A.O95486"	0.00750522909151987	0.0024347902101217	0.807662247894152	-0.0378825272988889	0.0486777158972017	0.91307381240083	1	1	1	1
"SEC24B.O95487"	"SEC24B.O95487"	0.636515256070699	0.743565639932477	0.0811036910432554	-0.173912467005327	0.0438339192435876	0.514316391166648	1	1	1	1
"SEC24C.P53992"	"SEC24C.P53992"	0.00284949339570663	0.00143513516637318	0.512420934350019	-0.066155449806814	0.0277143988996879	0.715116997798418	1	1	1	1
"SEC24D.O94855"	"SEC24D.O94855"	0.0114651920887531	2.15976342500644e-05	2.71713552440235e-11	-1.02787141066804	0.910662810154401	0.0224920503864094	1	0.118657402569854	1	1
"SEC31A.O94979"	"SEC31A.O94979"	0.0026037411927289	0.000762020506326713	5.37974800963857e-06	-0.31814770979793	0.00349782881818671	2.21123145450939e-05	1	1	1	0.124536555517969
"SEC61A1.P61619"	"SEC61A1.P61619"	0.299891392759907	0.263028863540914	0.0020925347777545	-0.682942458472791	0.929893012042737	0.0201815567056209	1	1	1	1
"SEC61A2.Q9H9S3"	"SEC61A2.Q9H9S3"	0.31571994510797	0.567991506779314	0.0375798539847802	-1.54756651889544	0.0599962149503327	0.00255875456152004	1	1	1	1
"SEC61B.P60468"	"SEC61B.P60468"	0.119824856824831	0.912069015379363	0.0397885747599542	-0.693789521234906	0.676354944767079	0.0772957249350824	1	1	1	1
"SEC61G.P60059"	"SEC61G.P60059"	0.186828728900024	0.134274339494111	0.000645167170040989	-1.13353544055336	0.258023811377429	0.0154082155979263	1	1	1	1
"SEC62.Q99442"	"SEC62.Q99442"	0.142292239540944	0.33188045988853	0.413507786047752	0.136454103817458	0.143954571383817	0.0253459716781117	1	1	1	1
"SEC63.Q9UGP8"	"SEC63.Q9UGP8"	0.00357132617346995	0.186138424791294	0.00610890172697032	-0.300689164644982	0.0359379986867813	0.000497552489829618	1	1	1	1
"SEH1L.Q96EE3"	"SEH1L.Q96EE3"	0.0049413532575017	0.610427356167015	0.617790556856804	-0.0358946272384392	0.583018753890391	0.00961342053526837	1	1	1	1
"SEL1L3.Q68CR1"	"SEL1L3.Q68CR1"	0.982422097757137	0.0444911810261983	0.694884822183981	0.138554547095959	0.944463588076214	0.00037418831560572	1	1	1	1
"SEL1L.Q9UBV2"	"SEL1L.Q9UBV2"	0.0746925319170781	0.042732788471091	2.26509802042406e-10	-1.00650108709967	0.0146662669655855	0.000522599187404319	1	1	1	1
"SELENOF.O60613"	"SELENOF.O60613"	0.00178208262778792	0.00714826479441524	0.00170219770383913	-0.527447751651351	0.787401871724251	0.00753588817886197	1	1	1	1
"SELENOI.Q9C0D9"	"SELENOI.Q9C0D9"	0.509239392109855	0.951577692124252	0.133134255451883	-0.782664724584588	0.146431214747808	0.0219060694001351	1	1	1	1
"SELENOK.Q9Y6D0"	"SELENOK.Q9Y6D0"	0.484890314162409	0.278358413011983	0.000117391424678164	-1.89874583087036	0.0427816641348039	0.270932055774908	1	1	1	1
"SELENOM.Q8WWX9"	"SELENOM.Q8WWX9"	0.105105613109535	0.445494414784599	0.816297270319513	0.0508371113562017	0.0827068247952241	0.768637965939978	1	1	1	1
"SELENOO.Q9BVL4"	"SELENOO.Q9BVL4"	0.52247429537363	0.0114043277562726	0.416264424375643	0.284572161133611	0.00869952574025967	0.0468242274063979	1	1	1	1
"SELENOS.Q9BQE4"	"SELENOS.Q9BQE4"	0.0116807545506915	0.212569908058371	1.81794204628797e-08	-1.47247476301318	0.282881692526804	0.224197748025377	1	1	1	1
"SELENOT.P62341"	"SELENOT.P62341"	0.826236326672542	0.0399417060660415	0.294901944502198	-0.264470595024593	0.0596252614461192	0.76679561070602	1	1	1	1
"SEMA7A.O75326"	"SEMA7A.O75326"	1.24906636838491e-09	0.135158243824491	3.32288032236315e-15	1.30029676189722	1.43748566583228e-05	0.0392581189698844	7.30703825505174e-06	1	0.0845241571509383	1
"SENP1.Q9P0U3"	"SENP1.Q9P0U3"	0.38217254911109	0.551259872692758	0.314862029798255	-0.262151880342655	0.514228810864739	0.507351303207632	1	1	1	1
"SENP3.Q9H4L4"	"SENP3.Q9H4L4"	0.555095810861632	0.588643694647597	0.473830361816971	0.101220959943737	0.549026269345833	0.00148446087743872	1	1	1	1
"SEPHS1.P49903"	"SEPHS1.P49903"	0.19189469493928	0.319527307539605	0.166901488019041	0.202856995265895	0.899701844027085	0.178047422129884	1	1	1	1
"SEPTIN10.Q9P0V9"	"SEPTIN10.Q9P0V9"	6.93594990104207e-10	1.09302375366517e-07	1.04009711850225e-10	-0.880482860479581	0.25395750800198	0.098169536987948	4.06516023700076e-06	0.000630784008240171	1	1
"SEPTIN11.Q9NVA2"	"SEPTIN11.Q9NVA2"	0.0007004896365125	0.000981118660510499	0.00197409872953701	-0.220912895641935	0.00260910232035397	1.95114401802174e-05	1	1	1	0.110025011176246
"SEPTIN1.Q8WYJ6"	"SEPTIN1.Q8WYJ6"	0.421666373826953	0.570462361873281	1.6710953154027e-06	-3.85409584513616	0.0481683181905964	0.0110114647528237	1	1	1	1
"SEPTIN2.Q15019"	"SEPTIN2.Q15019"	3.28254646445375e-07	8.96280999983341e-08	0.000979128594243024	-0.208349331611186	0.00253264059670674	2.10095778206779e-09	0.00188615119847512	0.000517781533690376	1	1.23956509141999e-05
"SEPTIN4.O43236"	"SEPTIN4.O43236"	0.0932760086128156	0.566909331760266	0.231800265378464	0.370111345623397	0.175481948265724	0.0208791376111419	1	1	1	1
"SEPTIN5.Q99719"	"SEPTIN5.Q99719"	0.0172616186397123	0.248942284576117	0.18348550501908	0.178080754586681	0.00385447564064375	0.00312787198622308	1	1	1	1
"SEPTIN6.Q14141"	"SEPTIN6.Q14141"	0.0481168892054102	0.946984685771523	0.0100572505110599	-0.669159497182829	0.994480967922745	0.922296166936579	1	1	1	1
"SEPTIN7.Q16181"	"SEPTIN7.Q16181"	4.07615809865234e-09	3.84467174238009e-05	1.90075320133699e-10	-0.548457756036565	0.0411020359593533	0.640334232412442	2.37843825056364e-05	0.20888101576351	1	1
"SEPTIN7.Q16181.2"	"SEPTIN7.Q16181.2"	0.00164177127621338	0.00567060451585369	9.92104962854332e-06	-1.33173608059903	0.397893609467994	0.105871393086456	1	1	1	1
"SEPTIN8.Q92599"	"SEPTIN8.Q92599"	0.000318227022331805	0.114164263242618	0.00644807581760852	-0.235233102956577	0.00471387160063981	0.923096519760469	1	1	1	1
"SEPTIN9.Q9UHD8"	"SEPTIN9.Q9UHD8"	4.33864802123244e-09	5.63792436450501e-05	3.04813157722255e-09	-0.665226055174076	0.922322053486998	0.779637508730169	2.531167255587e-05	0.30399688173411	1	1
"SERBP1.Q8NC51"	"SERBP1.Q8NC51"	0.184582791718937	0.729902322866663	0.0747545993453898	0.136522725417125	0.888979184948619	1.1101569875103e-06	1	1	1	0.00643780037057221
"SERBP1.Q8NC51.3"	"SERBP1.Q8NC51.3"	0.976795114103414	0.124078129312516	2.0034062882107e-05	-1.31449833830691	6.25841025822735e-06	0.000107329557936611	1	1	0.0368682948312173	0.586663363681518
"SERF2.P84101"	"SERF2.P84101"	0.0293269207315133	0.268396847713109	0.0363033885947495	-1.40670766357147	0.362288763645235	0.00925974290530858	1	1	1	1
"SERINC1.Q9NRX5"	"SERINC1.Q9NRX5"	0.593414915907912	0.350914901372611	0.190057197078549	-0.2947619193588	0.696435316318991	0.274549825213632	1	1	1	1
"SERPINA1.P01009"	"SERPINA1.P01009"	0.0312302156883272	0.715669808438369	0.0037087340953549	-1.90579033169672	0.519418234643879	0.54268771017403	1	1	1	1
"SERPINB1.P30740"	"SERPINB1.P30740"	0.0152429419366925	8.21170699596018e-05	0.118385920434247	0.167963585261004	0.00183608199324463	0.0429160482631121	1	0.440229612053425	1	1
"SERPINB5.P36952"	"SERPINB5.P36952"	0.2391914485933	0.00193700299335943	0.0508896784927006	0.211854039919286	0.0232536938487069	0.000120834463595066	1	1	1	0.657701985347944
"SERPINB6.P35237"	"SERPINB6.P35237"	6.48409797730211e-06	0.000370589468645474	0.168366785392944	0.132235348838799	0.592641318046521	0.000181985527042329	0.0361423621254819	1	1	0.978718164433644
"SERPINB7.O75635"	"SERPINB7.O75635"	0.169371482485547	0.021981302890405	0.026485878312137	-0.877074091973972	0.533107268206571	0.779305310575306	1	1	1	1
"SERPINB8.P50452"	"SERPINB8.P50452"	0.608546768881469	0.206124109375597	0.0888883768810046	-0.833764122444916	0.52883022294118	0.0545116665874346	1	1	1	1
"SERPINC1.P01008"	"SERPINC1.P01008"	0.00149176803673611	0.000148450423731634	0.00093417920590216	-0.867696202542478	0.111638547965572	0.00226950869368414	1	0.78663879535393	1	1
"SERPINE1.P05121"	"SERPINE1.P05121"	2.37827000572413e-12	0.0327081643240859	0.105518512573071	0.222637445375862	1.04898450982031e-05	1.01425690522704e-07	1.40080103337151e-08	1	0.0617432282480234	0.00059455739784409
"SERPINE2.P07093"	"SERPINE2.P07093"	0.0647310318526388	0.191388151407898	0.0715144948334677	-0.641856234608314	0.542169319225094	0.0778636271042725	1	1	1	1
"SERPINF2.P08697"	"SERPINF2.P08697"	0.0028545436335019	0.297341994155961	0.075594748981131	-0.921964800597262	0.12538466796244	0.183917204968118	1	1	1	1
"SERPINH1.P50454"	"SERPINH1.P50454"	0.00393565435399523	5.4807314488411e-09	1.7128932978212e-05	-0.338645187139657	0.267614963960671	0.227106962402826	1	3.19855487354367e-05	1	1
"SESN2.P58004"	"SESN2.P58004"	0.183871812020733	0.784276105176121	0.980053453234275	0.0244131630618163	0.857225833630279	0.971511300021866	1	1	1	1
"SETD1A.O15047"	"SETD1A.O15047"	0.154812694678983	0.0526258036832813	0.0690135650802545	0.333777874919506	0.0614547201411798	0.064200687995467	1	1	1	1
"SETD2.Q9BYW2"	"SETD2.Q9BYW2"	0.0910882118775385	0.851802571821513	0.34948824492851	0.205445666749764	0.00263410206326615	0.00508783016776641	1	1	1	1
"SETD3.Q86TU7"	"SETD3.Q86TU7"	0.00274958267573339	0.00112324568418234	0.0297536677177358	0.238684889715981	0.212083540752118	0.186591179368155	1	1	1	1
"SETD7.Q8WTS6"	"SETD7.Q8WTS6"	0.0721838521586002	0.0761328996090856	0.107310050894917	0.397313885596065	0.75091875244153	0.0191134068128334	1	1	1	1
"SETD9.Q8NE22"	"SETD9.Q8NE22"	0.39128503711917	0.0209908646876522	0.670425733894096	0.162822256210146	0.209304829911777	0.000310585963924426	1	1	1	1
"SETX.Q7Z333"	"SETX.Q7Z333"	0.479991495148623	0.120360411229541	0.112906089099267	-0.954678688945547	0.609816752012977	0.0528468489093783	1	1	1	1
"SET.Q01105.2"	"SET.Q01105.2"	0.585249512535419	0.236494990301995	0.239256580448227	0.123858955411568	0.794253387821876	0.000472422541005569	1	1	1	1
"SEZ6L2.Q6UXD5"	"SEZ6L2.Q6UXD5"	0.02939255997382	0.929250684696563	0.00300539186610544	-0.630716468350261	0.361632485866806	0.05303667750292	1	1	1	1
"SF1.Q15637.5"	"SF1.Q15637.5"	0.0985179998029225	0.0219715195699484	0.313182648369007	0.147828378314204	0.00806081366586688	0.581130301357613	1	1	1	1
"SF1.Q15637.6"	"SF1.Q15637.6"	0.39527908904069	0.346954273019686	0.452834817909109	0.0763359564024431	0.484703054139317	0.181286424504179	1	1	1	1
"SF3A1.Q15459"	"SF3A1.Q15459"	0.147024891280739	0.48295053110758	0.128313320789311	-0.179722112310646	0.0672397086707406	0.0121879150842604	1	1	1	1
"SF3A2.Q15428"	"SF3A2.Q15428"	0.0522426769307047	1.01297155886821e-06	4.11534016362978e-05	-0.259407049787322	3.08175965362317e-05	0.359004078750369	1	0.0057769768002254	0.180930109264217	1
"SF3A3.Q12874"	"SF3A3.Q12874"	0.011401883248518	0.879430314101306	0.433128521451999	-0.0660693010619172	0.360727669136248	0.0106123232051898	1	1	1	1
"SF3B1.O75533"	"SF3B1.O75533"	0.20996106305015	0.702111977994588	0.880150353713359	-0.00861977944767259	0.00095571479891264	1.9667868935587e-08	1	1	1	0.000115686405079123
"SF3B2.Q13435"	"SF3B2.Q13435"	0.136011590778629	0.410298193990127	0.331030788520119	-0.106218835079577	0.178908159068344	0.214414235290662	1	1	1	1
"SF3B3.Q15393"	"SF3B3.Q15393"	0.494981119420781	0.715475716012423	0.235763755231448	-0.113057278497868	0.0724866937948117	0.000543018950073306	1	1	1	1
"SF3B4.Q15427"	"SF3B4.Q15427"	0.161239012777413	0.572652517851796	0.0129846336091047	-0.407811827075193	0.00414795674185687	0.0142083225784872	1	1	1	1
"SF3B5.Q9BWJ5"	"SF3B5.Q9BWJ5"	0.318957353707575	0.0266818691489294	0.631029344506425	-0.0467035097747348	0.988326531790083	0.668145088898868	1	1	1	1
"SF3B6.Q9Y3B4"	"SF3B6.Q9Y3B4"	0.174053287180061	0.0156181246576622	0.0390722332944178	-0.520467760740681	0.0420292940343218	0.041567210383048	1	1	1	1
"SFN.P31947"	"SFN.P31947"	0.376799549603778	0.208639453804351	0.485206375899792	-0.0828500613842328	0.659631522553545	0.129513192219428	1	1	1	1
"SFPQ.P23246"	"SFPQ.P23246"	1.1657628558678e-06	7.04901683780139e-07	0.000346233373757233	-0.201667429835591	0.974023396073015	0.0763024104999697	0.00663435641274363	0.0040320376312224	1	1
"SFSWAP.Q12872"	"SFSWAP.Q12872"	0.00673556413392429	1.04093516273492e-06	2.38995913848073e-10	0.97570107953606	0.25343410720576	0.000937407794987371	1	0.00593437136275175	1	1
"SFT2D2.O95562"	"SFT2D2.O95562"	0.408647426403743	0.781076579156478	0.441499535055795	0.683752179983518	0.433897881433423	0.768665343692542	1	1	1	1
"SFT2D3.Q587I9"	"SFT2D3.Q587I9"	0.286662231012995	0.254298293885375	0.893045239715191	-0.0667374097183434	0.118220123836195	0.0101807266506271	1	1	1	1
"SFXN1.Q9H9B4"	"SFXN1.Q9H9B4"	0.823934997742207	0.487191639167341	0.0700447938590242	-0.335129887215748	0.00726579124836464	0.000829154910420318	1	1	1	1
"SFXN2.Q96NB2"	"SFXN2.Q96NB2"	0.329804885543866	0.228966496620581	0.349982102402085	-0.460270506986003	0.525692621544131	0.511551706919373	1	1	1	1
"SFXN3.Q9BWM7"	"SFXN3.Q9BWM7"	7.35964212446757e-08	3.47059922731115e-08	1.32274469270845e-08	-1.12804770019573	0.126468150044789	0.00021612419058288	0.000425828893321693	0.000201260049191773	1	1
"SFXN4.Q6P4A7"	"SFXN4.Q6P4A7"	0.144811255674153	0.20748326938382	0.0327356445714372	-0.390325162511841	0.220712772180217	0.00138614407833058	1	1	1	1
"SFXN4.Q6P4A7.2"	"SFXN4.Q6P4A7.2"	0.42945665837693	0.482900595711115	0.352957606145957	-0.346061087394435	0.390177379621237	0.0414084692291685	1	1	1	1
"SGF29.Q96ES7"	"SGF29.Q96ES7"	0.763689491485264	0.407639525234148	0.50987506355237	-0.281522828300009	0.633664079762821	0.480062780151702	1	1	1	1
"SGPL1.O95470"	"SGPL1.O95470"	0.0162107064149511	0.231530713301034	0.519800381776143	-0.0661652412013716	0.0380059846362228	4.40934890693052e-07	1	1	1	0.00257417789186604
"SGSH.P51688"	"SGSH.P51688"	0.000246074157605093	0.00245239419307623	0.016728797676047	-0.907881762962384	0.975941452002717	0.117056448661897	1	1	1	1
"SGTA.O43765"	"SGTA.O43765"	0.000545642780362209	0.0177964642010931	0.0847857635110085	0.139310324892911	0.993519938348793	0.000909247359724752	1	1	1	1
"SGTB.Q96EQ0"	"SGTB.Q96EQ0"	0.0612235304378748	0.430829241769913	0.397760919227643	0.168622375301716	0.47891910648433	0.00378592973524285	1	1	1	1
"SH3BGRL3.Q9H299"	"SH3BGRL3.Q9H299"	0.0863993879372248	1.39984783336809e-07	0.00898021655251453	0.392026015275345	0.295102379559436	0.351935020331706	1	0.000807012275936703	1	1
"SH3BGRL.O75368"	"SH3BGRL.O75368"	0.206658477304484	0.026562304021555	0.102465234668637	0.447233132153583	0.20636011904116	0.00353307283551897	1	1	1	1
"SH3BP4.Q9P0V3"	"SH3BP4.Q9P0V3"	0.00116412600097306	4.40693862514666e-06	4.68665005802964e-08	1.14810938005069	0.209452202603483	0.00653290273957206	1	0.0247802158891997	1	1
"SH3GL1.Q99961"	"SH3GL1.Q99961"	0.0646988371694222	0.0764304277834506	0.18256452030999	-0.436491535064151	0.925428641107757	0.0766755195057382	1	1	1	1
"SH3GLB1.Q9Y371"	"SH3GLB1.Q9Y371"	4.39208274988048e-06	0.00113922872303814	3.44591164408358e-07	-0.690818613501235	0.51376962413081	0.595138309808313	0.024657152557829	1	1	1
"SH3GLB2.Q9NR46"	"SH3GLB2.Q9NR46"	0.395691771869489	0.621011503786291	0.805811378315311	-0.0249615233527573	0.17867814685897	0.0166540674274205	1	1	1	1
"SH3KBP1.Q96B97"	"SH3KBP1.Q96B97"	0.043975470346294	4.63938373530503e-05	0.837924456064503	0.0229562420132223	0.377543409303544	0.209560918622601	1	0.251176235429414	1	1
"SH3PXD2A.Q5TCZ1"	"SH3PXD2A.Q5TCZ1"	4.61497453285592e-06	0.360725023953453	0.848941531462665	-0.0247294163777941	0.0269673648119828	0.201553591280695	0.0258900071293217	1	1	1
"SH3PXD2B.A1X283"	"SH3PXD2B.A1X283"	0.744368779482306	0.202733558837984	0.964100099584393	0.00461172801070846	0.228254027855879	0.0303485926469493	1	1	1	1
"SHARPIN.Q9H0F6"	"SHARPIN.Q9H0F6"	0.133351674274713	0.533920282491502	0.0770628288503737	0.427724584625483	0.0550527990680048	0.902650226706524	1	1	1	1
"SHB.Q15464"	"SHB.Q15464"	0.0101910681002393	0.879583145386231	4.6655464925615e-06	0.950048898706017	2.00287450439447e-06	0.210248171269245	1	1	0.011814956701423	1
"SHC1.P29353"	"SHC1.P29353"	0.000603171878618131	0.575389432365743	0.0931566750127441	-0.237349691518397	0.243175503735642	0.388886983322729	1	1	1	1
"SHCBP1.Q8NEM2"	"SHCBP1.Q8NEM2"	0.0433987054142283	0.0260719058902984	0.0510348009976666	-0.121104335055246	0.00845745838811002	0.155740771663555	1	1	1	1
"SHKBP1.Q8TBC3"	"SHKBP1.Q8TBC3"	0.993730969891639	0.0516419421304457	0.011164343032359	1.46657909650838	0.0131154176087185	0.783921145544409	1	1	1	1
"SHMT1.P34896"	"SHMT1.P34896"	0.225227099998065	0.0891279117911795	0.477709971199856	0.142146717829215	0.974612979279009	0.275933939142941	1	1	1	1
"SHMT2.P34897"	"SHMT2.P34897"	0.00913739798731815	5.05354581535272e-06	1.09359310013373e-06	-0.50768497829024	0.0780604136965528	0.0256068541494577	1	0.0283655526615748	1	1
"SHOC2.Q9UQ13"	"SHOC2.Q9UQ13"	0.22599729757249	0.00048854193233096	0.163758614818444	0.200217697205094	0.794392097764775	0.210493010333051	1	1	1	1
"SHPK.Q9UHJ6"	"SHPK.Q9UHJ6"	0.0290367783154671	0.876136412288844	0.613472013834048	-0.185950846083631	0.0559479500589613	0.656821586602742	1	1	1	1
"SHROOM1.Q2M3G4"	"SHROOM1.Q2M3G4"	0.000210292100584781	0.984991771472379	0.0185597677428899	-0.423202604553761	0.0902748012231337	0.820079939074944	1	1	1	1
"SHTN1.A0MZ66"	"SHTN1.A0MZ66"	0.943548006529566	0.0159033082926278	0.248732512392462	0.127196146722846	0.216165942655105	0.224854250944529	1	1	1	1
"SIAE.Q9HAT2"	"SIAE.Q9HAT2"	2.61872815393375e-07	2.14425588591493e-07	2.99597177353613e-06	1.44575473086376	0.0345758591422545	0.0442743931569856	0.00150629243414269	0.00123487696469841	1	1
"SIGMAR1.Q99720"	"SIGMAR1.Q99720"	0.895428743002216	0.755016240745009	0.416268868572952	0.152903869657298	0.715363028684723	0.0543306751109915	1	1	1	1
"SIL1.Q9H173"	"SIL1.Q9H173"	0.0263744699659381	0.593753724159178	0.885460919941649	0.0550558245571057	0.110696498137262	0.80416651587594	1	1	1	1
"SIN3A.Q96ST3"	"SIN3A.Q96ST3"	0.365670058421201	0.418119471415374	0.499649636000201	0.0315716343262083	0.477896113361981	5.37147467607906e-05	1	1	1	0.297794556041823
"SIN3B.O75182"	"SIN3B.O75182"	0.102449826915459	0.104268810989258	0.113706377881273	0.503629675068977	0.553853457536935	0.0457215962866756	1	1	1	1
"SINHCAF.Q9NP50"	"SINHCAF.Q9NP50"	0.0340780128481977	0.0816988698826611	0.242068789787381	0.227820927022704	0.137472110413548	0.0341488585794232	1	1	1	1
"SIPA1L1.O43166"	"SIPA1L1.O43166"	3.18978283470291e-05	9.2530870411923e-07	7.08908375043731e-07	-0.740212670013161	0.695932047570395	0.174091711056511	0.174130244946432	0.0052835127005208	1	1
"SIPA1.Q96FS4"	"SIPA1.Q96FS4"	0.0667062251323944	0.127263472574705	0.617285607854962	0.0660452096460284	0.356956747033793	0.0202013669153212	1	1	1	1
"SIRPA.P78324"	"SIRPA.P78324"	0.0192950289166326	0.0445073674677038	0.344559514349996	-0.109287881529114	0.113553220603205	0.0951004977904098	1	1	1	1
"SIRT1.Q96EB6"	"SIRT1.Q96EB6"	0.00745471412944513	0.0049288760260569	0.0649843025959887	0.250560637663893	0.541534435476268	0.617579712023311	1	1	1	1
"SIRT5.Q9NXA8"	"SIRT5.Q9NXA8"	0.644660420599157	0.0252793439635293	0.0530217389362251	0.63544875780362	0.0403259802057892	0.665166869897772	1	1	1	1
"SKA1.Q96BD8"	"SKA1.Q96BD8"	0.0761810878683221	0.0236227234914298	0.264178712035292	0.151160089146284	0.691040937008117	0.033651351828073	1	1	1	1
"SKA3.Q8IX90"	"SKA3.Q8IX90"	0.371684641051202	0.019103072990312	0.0898539055050273	-0.235383424476623	0.434813340754647	0.190913052206807	1	1	1	1
"SKIV2L.Q15477"	"SKIV2L.Q15477"	0.00134110876145607	0.00162235383772689	0.00839264993548548	0.347654527268516	0.257490892906972	0.25437012613105	1	1	1	1
"SKOR2.Q2VWA4"	"SKOR2.Q2VWA4"	0.577442535586501	0.219421164166034	0.37937309479289	-0.839123199552513	0.583802465999181	0.588130709029598	1	1	1	1
"SKP1.P63208"	"SKP1.P63208"	0.194031600477051	0.0701916256193076	0.0773758562656188	0.389583455667633	0.612311555977408	0.488950926341736	1	1	1	1
"SLAIN2.Q9P270"	"SLAIN2.Q9P270"	0.0353927502828105	0.332316675292858	0.0442903552989632	0.285952985457926	0.156651164819607	0.000728913021081746	1	1	1	1
"SLC11A2.P49281"	"SLC11A2.P49281"	0.225660746122262	0.000127982629567265	0.0210779099391211	-0.43502053989165	0.00144562621520273	0.372042626058448	1	0.680483641409148	1	1
"SLC12A2.P55011"	"SLC12A2.P55011"	0.440218939568989	0.00102647702006321	0.0962733846475641	0.163660544227885	0.125099736364198	0.000102127665455466	1	1	1	0.559251096034131
"SLC12A4.Q9UP95"	"SLC12A4.Q9UP95"	5.91270551019876e-05	0.00262850589942743	0.0769433214187033	-0.219965310855778	0.398493564141528	0.019654808247818	0.319108716385427	1	1	1
"SLC13A4.Q9UKG4"	"SLC13A4.Q9UKG4"	0.561216579990335	0.759996512775099	0.850673606561833	-0.12919568782151	0.228633600944279	0.657214301421827	1	1	1	1
"SLC16A1.P53985"	"SLC16A1.P53985"	6.28935950631133e-05	1.62225209186945e-05	4.59208253107612e-06	-0.674454689067814	0.416533855629052	0.0309452573115228	0.338933583795118	0.0894509803456815	1	1
"SLC1A4.P43007"	"SLC1A4.P43007"	0.70565378953452	0.00213954822965024	9.52456551459854e-07	-0.765326381165483	0.0697690637254604	0.0828616523366447	1	1	1	1
"SLC1A5.Q15758"	"SLC1A5.Q15758"	0.707805654902176	0.938427024377514	2.66093332006467e-05	-1.07440351246267	0.00491201205859724	0.00028441713551276	1	1	1	1
"SLC20A1.Q8WUM9"	"SLC20A1.Q8WUM9"	0.000623668147168592	0.00946540493725742	0.91768777197639	0.0285227893584855	0.146727895322054	0.568342015925967	1	1	1	1
"SLC25A10.Q9UBX3"	"SLC25A10.Q9UBX3"	0.124880404994514	0.00504896166546369	0.0151583031469803	-0.582481508637201	0.250143941699785	0.00963236082850805	1	1	1	1
"SLC25A11.Q02978"	"SLC25A11.Q02978"	0.603085387501609	0.963109766648103	0.0638604694629252	-0.337236766495487	0.0104144953928906	5.5946253015177e-06	1	1	1	0.0320012567246813
"SLC25A12.O75746"	"SLC25A12.O75746"	0.0285379588465596	0.0656382760956728	0.000232732815377952	-1.00662917845537	0.00410946299537206	0.000310879667198883	1	1	1	1
"SLC25A13.Q9UJS0"	"SLC25A13.Q9UJS0"	0.00035970056863628	4.58770773729474e-05	3.67564216347972e-06	-1.20886961296444	0.00879985264697864	0.00165490679673298	1	0.248470251051883	1	1
"SLC25A15.Q9Y619"	"SLC25A15.Q9Y619"	0.289455640091191	0.687301860113942	0.982631298382686	0.00673027980502498	0.796819008838256	0.44071829138629	1	1	1	1
"SLC25A17.O43808"	"SLC25A17.O43808"	0.988964425224708	0.130982409753483	0.0218918649504212	-0.403060417443414	0.0448239163633303	0.000430518931712762	1	1	1	1
"SLC25A1.P53007"	"SLC25A1.P53007"	0.309899349872174	0.999226136465965	0.999756062167131	-7.3484022804382e-05	0.286228251243949	0.00195424975480475	1	1	1	1
"SLC25A22.Q9H936"	"SLC25A22.Q9H936"	0.0745780028946477	0.731830065506848	0.0654987882888309	-0.391251838288525	0.472181952997194	0.00256760473765425	1	1	1	1
"SLC25A24.Q6NUK1"	"SLC25A24.Q6NUK1"	0.00104830598663035	0.00515193768296688	3.03007298512796e-05	-0.853058956824578	0.0461203997075875	0.0004575513743915	1	1	1	1
"SLC25A29.Q8N8R3"	"SLC25A29.Q8N8R3"	0.764314622480124	0.424842632293491	0.359882139551858	0.299672066097079	0.512312983392768	0.0190143791744011	1	1	1	1
"SLC25A32.Q9H2D1"	"SLC25A32.Q9H2D1"	0.704917778932094	0.569779751976598	0.407955454834592	-0.169487086635345	0.148551441829402	0.000521132468965364	1	1	1	1
"SLC25A3.Q00325.2"	"SLC25A3.Q00325.2"	0.659833860814842	0.0325530155140861	0.0658453468698369	-0.322688558315804	0.000634993326947931	0.00276177515743274	1	1	1	1
"SLC25A4.P12235"	"SLC25A4.P12235"	0.581227692876633	0.80668711782942	0.969794321711196	0.0116394938671411	0.458987484844473	0.0146548764750854	1	1	1	1
"SLC25A51.Q9H1U9"	"SLC25A51.Q9H1U9"	0.981727243981277	0.045098424012808	0.360144948478927	0.315730067033417	0.838648459349595	0.000791228837079556	1	1	1	1
"SLC25A5.P05141"	"SLC25A5.P05141"	0.831979993170714	0.32162300703677	0.873202132463218	-0.0311101197057722	0.0451781116953962	0.000158398912459437	1	1	1	0.855670925105876
"SLC25A6.P12236"	"SLC25A6.P12236"	0.312994051725606	0.0778940604932791	0.323053180531014	0.449423993329695	0.0204510917694396	0.000112758173252642	1	1	1	0.615659625959424
"SLC26A2.P50443"	"SLC26A2.P50443"	0.0662879660015857	0.299223108963657	0.795637103465258	-0.139285172847521	0.978343407984767	0.0183317611303925	1	1	1	1
"SLC26A6.Q9BXS9"	"SLC26A6.Q9BXS9"	0.0448765883911121	0.0607635095757712	0.00297431573376712	-1.72161814923085	0.8805578605638	0.104414224812636	1	1	1	1
"SLC27A4.Q6P1M0"	"SLC27A4.Q6P1M0"	0.301924055807339	0.47311247327737	0.280800545944626	0.147117957356471	0.0106580647568587	0.000332232490872793	1	1	1	1
"SLC29A1.Q99808"	"SLC29A1.Q99808"	0.132688818529206	0.00654123432583509	0.458040102057345	-0.0815714850960839	0.00230225538756835	5.66996365366064e-06	1	1	1	0.0324265221352852
"SLC29A2.Q14542"	"SLC29A2.Q14542"	0.15136499060847	0.782095967364234	0.0578216421577526	0.395623248785048	0.927922707927374	0.290595425385895	1	1	1	1
"SLC2A1.P11166"	"SLC2A1.P11166"	0.327428200583943	0.0394787138441497	9.16095896628579e-05	-0.473763866830297	0.0152641392674407	0.503373986220711	1	1	1	1
"SLC2A3.P11169"	"SLC2A3.P11169"	0.158896671863798	0.716480535401071	0.521744309636066	0.14957288466402	0.226436672776693	0.197779609713823	1	1	1	1
"SLC30A1.Q9Y6M5"	"SLC30A1.Q9Y6M5"	0.24750372975527	0.318292204315256	0.0135579790653722	-0.498086590156168	0.0478864530226261	0.015807689962013	1	1	1	1
"SLC30A6.Q6NXT4"	"SLC30A6.Q6NXT4"	0.0775338499212626	0.0846079750467525	0.502501571514457	-0.130401172140412	0.806289623344543	0.0275630835300274	1	1	1	1
"SLC30A7.Q8NEW0"	"SLC30A7.Q8NEW0"	0.00344037670520092	0.250820682390677	0.0456916732647981	-0.515948567630142	0.598438509400303	0.286425127936832	1	1	1	1
"SLC33A1.O00400"	"SLC33A1.O00400"	0.0354649360072812	0.791411080397082	0.0317414865217176	-1.20039472929267	0.173530898402652	0.113176224298919	1	1	1	1
"SLC35A4.L0R6Q1"	"SLC35A4.L0R6Q1"	0.00149394087656436	0.945036977700248	0.799479964653452	-0.0751989611965525	0.841513135666847	0.101707193606507	1	1	1	1
"SLC35B2.Q8TB61"	"SLC35B2.Q8TB61"	0.801882548453262	0.467154677243263	0.0512924883617368	-0.655109715998196	0.0548983279812535	0.00349014730989274	1	1	1	1
"SLC35B4.Q969S0"	"SLC35B4.Q969S0"	0.955017550642206	0.632326267632673	0.462203897372126	0.625656777751437	0.446136991132012	0.420838184686973	1	1	1	1
"SLC35E1.Q96K37"	"SLC35E1.Q96K37"	0.300622341090979	0.757972909213359	0.830067021831945	-0.0520426025723544	0.536635395140835	0.0464420464660855	1	1	1	1
"SLC35F2.Q8IXU6"	"SLC35F2.Q8IXU6"	0.812495234167807	0.821335380468436	0.0264836907328381	-1.1937695516682	0.0825601753448339	0.0773860901906673	1	1	1	1
"SLC35F6.Q8N357"	"SLC35F6.Q8N357"	0.0768517973146458	0.893933466745081	0.28228170064829	-0.394101682971639	0.156318563752221	0.0567219540061092	1	1	1	1
"SLC36A4.Q6YBV0"	"SLC36A4.Q6YBV0"	0.878300714593672	0.312616279789974	0.340614233414568	-0.413992238452286	0.101588357469444	0.0995659590757872	1	1	1	1
"SLC37A4.O43826"	"SLC37A4.O43826"	0.00329243957448261	0.00740099600602488	0.256972159663714	0.277653540578706	0.0371259598484143	0.00612650906304878	1	1	1	1
"SLC38A2.Q96QD8"	"SLC38A2.Q96QD8"	0.191727070838797	0.0727657204342926	0.0551064769694102	-0.41992598840445	0.369293170962343	0.993237231597432	1	1	1	1
"SLC39A10.Q9ULF5"	"SLC39A10.Q9ULF5"	0.000706053392818462	0.0616857638934128	0.00428577287837528	0.429248642054518	0.0111915792333945	0.866853951591812	1	1	1	1
"SLC39A11.Q8N1S5"	"SLC39A11.Q8N1S5"	0.770225284282889	0.882113495359505	0.24162613021197	-0.252402679293118	0.373538096135052	0.238577832606019	1	1	1	1
"SLC39A14.Q15043"	"SLC39A14.Q15043"	0.0724100051483927	0.11100458005207	0.0208736222790651	-0.346647221085103	0.230293522677491	0.00638160259635704	1	1	1	1
"SLC39A1.Q9NY26"	"SLC39A1.Q9NY26"	0.039434186512143	0.265921539425782	0.170590116911675	-0.646216636579041	0.236159038178668	0.00908647668528505	1	1	1	1
"SLC39A6.Q13433"	"SLC39A6.Q13433"	0.0842281964716908	0.815747649433097	0.0126366930783838	0.493279327193844	0.597265226982315	0.174915441351514	1	1	1	1
"SLC39A7.Q92504"	"SLC39A7.Q92504"	0.479574810464294	0.298638687757743	0.512165788698805	-0.285480931409854	0.368515951051662	0.0295053766486929	1	1	1	1
"SLC39A9.Q9NUM3"	"SLC39A9.Q9NUM3"	0.00740433050704564	0.193061498690923	0.69248244133114	0.143099963674999	0.0182891306780438	0.225017866451508	1	1	1	1
"SLC3A2.P08195"	"SLC3A2.P08195"	0.0814682418213347	0.259174840214158	0.000343857204642872	-0.603885142540767	0.0503900127248219	0.015744263157609	1	1	1	1
"SLC41A3.Q96GZ6"	"SLC41A3.Q96GZ6"	0.0986360784845061	0.406507673849295	0.00857127819261521	-0.985246019662499	0.00886344146302417	0.0017626509919871	1	1	1	1
"SLC43A3.Q8NBI5"	"SLC43A3.Q8NBI5"	0.000770046680459744	0.663083417233601	1.56153374987458e-05	-1.62280555936071	0.278295574484848	0.120050348806682	1	1	1	1
"SLC44A1.Q8WWI5"	"SLC44A1.Q8WWI5"	0.0417123261973143	0.197302571265044	0.0658982119398206	0.363897531480496	0.0631783025258756	0.0063947399664117	1	1	1	1
"SLC4A1AP.Q9BWU0"	"SLC4A1AP.Q9BWU0"	4.15036535982777e-06	4.12096481219482e-05	0.000114021712243672	-0.340198512661237	0.0340012830606518	0.111895032027856	0.0233167525915124	0.223603550709691	1	1
"SLC4A2.P04920"	"SLC4A2.P04920"	0.160443339879142	0.797523721378453	0.00249729292983606	-0.429239517612722	0.241414999060961	0.00108622281119715	1	1	1	1
"SLC4A7.Q9Y6M7"	"SLC4A7.Q9Y6M7"	6.54388838036301e-05	0.000130246306313491	9.0328154542825e-07	-0.772055678591533	0.0355306479325757	0.000108751133453877	0.352388389282548	0.691998625443576	1	0.594216193191986
"SLC5A6.Q9Y289"	"SLC5A6.Q9Y289"	0.000284501942046105	0.000698871837348988	0.619180487098179	0.0738836064435439	0.687762356404606	0.0423358088093907	1	1	1	1
"SLC7A11.Q9UPY5"	"SLC7A11.Q9UPY5"	0.0489890709594304	1.12419055460958e-06	3.55126187034068e-10	-2.20214689790496	0.0021146794364935	0.0890216384175376	1	0.00640338939905615	1	1
"SLC7A1.P30825"	"SLC7A1.P30825"	0.143597406482871	0.201782074114761	0.0199069562386496	-0.446122222535978	0.888899444780552	0.0134608333069961	1	1	1	1
"SLC7A5.Q01650"	"SLC7A5.Q01650"	0.158781931318709	0.986818587181728	0.0444508558384386	-0.42429738575094	0.0330012044415399	0.00112009777403608	1	1	1	1
"SLC7A6.Q92536"	"SLC7A6.Q92536"	0.00282738058911293	0.301288670579521	0.308661994803944	-0.416624825488495	0.121555995384635	0.331768470870497	1	1	1	1
"SLC9A1.P19634"	"SLC9A1.P19634"	0.409978807470767	0.957843368751659	0.000681093522306334	-0.872036279945917	0.0608438056027822	0.00342258439051763	1	1	1	1
"SLC9A3R1.O14745"	"SLC9A3R1.O14745"	3.18183630886208e-08	3.80309058138078e-08	4.58167996976913e-08	-0.828032318711664	0.869846369288739	0.0358926619562689	0.000184578324277089	0.000220389099191016	1	1
"SLC9A3R2.Q15599"	"SLC9A3R2.Q15599"	0.105398140639533	0.0637696322023126	0.966275196002317	-0.00463446265924383	0.221489200632109	0.738446989745689	1	1	1	1
"SLC9A6.Q92581"	"SLC9A6.Q92581"	0.281923919865863	0.206450640544253	0.408491048454213	0.323415269479082	0.882450837122804	0.632215673850236	1	1	1	1
"SLFN5.Q08AF3"	"SLFN5.Q08AF3"	0.377610763080124	0.48233942710433	5.54012648236939e-11	-1.60182066287497	0.369275550289655	0.700892424632905	1	1	1	1
"SLIRP.Q9GZT3"	"SLIRP.Q9GZT3"	0.029626289890714	0.001692883940654	0.193810378806476	-0.155277282522096	0.307120291691134	0.70767381091103	1	1	1	1
"SLK.Q9H2G2"	"SLK.Q9H2G2"	3.09649909771428e-05	0.197194205124413	1.44288963612503e-05	-0.320633563894226	0.129573495463268	0.00221266444001365	0.169130780717154	1	1	1
"SLMAP.Q14BN4"	"SLMAP.Q14BN4"	1.67749013112665e-07	0.000142350804112208	0.00368843437072348	-0.434144732474795	0.00103749362996094	0.195302113031175	0.000967911805660076	0.755313366619373	1	1
"SLTM.Q9NWH9"	"SLTM.Q9NWH9"	0.000306917337177534	0.00171217890332248	0.00248961692480985	0.243686409076249	0.791407986016902	9.87771708134053e-05	1	1	1	0.541397673228274
"SLU7.O95391"	"SLU7.O95391"	0.114635294966087	0.60012269656269	0.0486358090381498	-0.498777702283429	0.749402913276808	0.482789389793989	1	1	1	1
"SLX9.Q9NSI2"	"SLX9.Q9NSI2"	1.77356316414602e-06	0.118294432271968	0.0640402199855097	-0.291956121215608	0.000149553717675612	0.16673389994052	0.0100596502670362	1	0.87279549635487	1
"SMAD1.Q15797"	"SMAD1.Q15797"	0.134669288367703	0.576311250292383	0.00143726176481853	0.669819379478279	0.0866437955055757	0.454400505476911	1	1	1	1
"SMAD3.P84022"	"SMAD3.P84022"	0.011531600652129	0.198960628655654	2.55110557436438e-05	0.957107223454475	0.520724709877229	0.144947600530317	1	1	1	1
"SMAD4.Q13485"	"SMAD4.Q13485"	0.70691596101482	0.238875934462607	0.992562588280587	-0.00104390443677723	0.758584155352685	0.0981464567651685	1	1	1	1
"SMAP1.Q8IYB5"	"SMAP1.Q8IYB5"	0.895733353318947	0.492683748336186	0.317432682191498	-0.149132855524445	0.646073135306236	0.514752617806861	1	1	1	1
"SMAP2.Q8WU79"	"SMAP2.Q8WU79"	0.0343241564949611	0.648778148197852	0.0099415077382974	-0.303385892591167	0.930623268630203	0.0180082551450496	1	1	1	1
"SMAP.O00193"	"SMAP.O00193"	0.386286763672141	0.00114871380246021	0.420367789560427	-0.159513836360266	0.49822888363822	0.191998883689213	1	1	1	1
"SMARCA1.P28370"	"SMARCA1.P28370"	0.746762657269554	0.48205433584235	0.306242679650263	0.160663926543895	0.226793139725754	0.049761867680452	1	1	1	1
"SMARCA2.P51531"	"SMARCA2.P51531"	0.138973763877507	0.661450069224935	0.153648804412579	0.264209220947594	0.491581961559294	0.0940217106242405	1	1	1	1
"SMARCA4.P51532"	"SMARCA4.P51532"	3.41471838531871e-05	0.00186835107583694	3.09030531014803e-05	0.316353491405028	0.0737475755213488	2.64432036175245e-08	0.186272887919136	1	1	0.000155380264456574
"SMARCA5.O60264"	"SMARCA5.O60264"	0.558805989564563	0.295662181728373	0.474086231959278	-0.0804678760917588	0.00942576699079151	7.53942986428313e-05	1	1	1	0.415422585522
"SMARCAD1.Q9H4L7"	"SMARCAD1.Q9H4L7"	0.466944914584343	0.00048728598059696	0.35042907829039	0.125438061809954	0.704114735595371	0.0048396540733168	1	1	1	1
"SMARCB1.Q12824"	"SMARCB1.Q12824"	0.0130182285519025	0.0202844124693559	0.219282406954699	-0.191791048997099	0.451095366173997	0.275550274816015	1	1	1	1
"SMARCB1.Q12824.2"	"SMARCB1.Q12824.2"	0.534098946663415	0.439380228955699	0.0295874557693427	-0.884748291912752	0.105631714782518	0.26275422021607	1	1	1	1
"SMARCC1.Q92922"	"SMARCC1.Q92922"	5.09187820880868e-10	1.30751049826778e-12	6.95220950995026e-12	-0.563022579454669	0.000756375175377908	0.972300335873926	2.98587738164541e-06	7.69731430330241e-09	1	1
"SMARCC2.Q8TAQ2"	"SMARCC2.Q8TAQ2"	0.00618382814230582	0.576760051276656	0.0200772074388993	-0.146002206058208	0.55876728540645	0.000169213387552443	1	1	1	0.911721732132564
"SMARCD1.Q96GM5"	"SMARCD1.Q96GM5"	0.0963626089112817	0.205754099745327	5.72845827534465e-06	0.52313873664351	0.245634908338624	0.698676261871978	1	1	1	1
"SMARCD2.Q92925"	"SMARCD2.Q92925"	6.15094518364047e-06	8.43685826412927e-09	8.0272906897802e-06	-0.375788373256801	0.718242772110778	0.522730409690465	0.0343284250698975	4.91615731050812e-05	1	1
"SMARCE1.Q969G3"	"SMARCE1.Q969G3"	0.0191457894110778	0.00206872965392687	0.000382012698277219	-0.372177517081369	0.00812304288150237	0.117164699644486	1	1	1	1
"SMC1A.Q14683"	"SMC1A.Q14683"	0.591257309441289	0.240866112312754	0.941553975816411	-0.00939880166826933	0.174178092930546	0.0877543508244227	1	1	1	1
"SMC2.O95347"	"SMC2.O95347"	0.00262787579708071	3.68867806000844e-06	0.0999779710070853	0.0889671736693905	0.129269911487493	0.303073124470178	1	0.0207930782242676	1	1
"SMC3.Q9UQE7"	"SMC3.Q9UQE7"	0.762421600007214	0.251043110956716	0.000136722648281109	0.19314384790282	0.817884363957924	0.0626368038094461	1	1	1	1
"SMC4.Q9NTJ3"	"SMC4.Q9NTJ3"	6.81647230683781e-05	0.0025743470075743	0.0330116425507139	0.219560138487005	0.369197346680718	0.190555085803833	0.366815359993162	1	1	1
"SMC5.Q8IY18"	"SMC5.Q8IY18"	8.88871377841797e-05	0.000510740733766027	0.210776753697944	-0.143046925818202	0.021660544998377	0.750652303929719	0.475279525732009	1	1	1
"SMC6.Q96SB8"	"SMC6.Q96SB8"	0.0364424501206022	0.016701642034876	0.0223360104080259	-0.259080312301994	0.0795266314201696	0.175517089004052	1	1	1	1
"SMCHD1.A6NHR9"	"SMCHD1.A6NHR9"	0.163738087500385	0.60587124377028	0.998020043640095	0.000118202098015163	0.00443441764017126	0.00445070221522624	1	1	1	1
"SMCR8.Q8TEV9"	"SMCR8.Q8TEV9"	0.420543604083856	0.715028166341979	0.367423041863456	0.217781669463831	0.122893653979725	0.774802266458847	1	1	1	1
"SMDT1.Q9H4I9"	"SMDT1.Q9H4I9"	0.0382308606031393	0.776809367394396	0.428349549685958	-0.522158884148243	0.590458343811041	0.353876668649888	1	1	1	1
"SMG1.Q96Q15"	"SMG1.Q96Q15"	0.0473679181119071	0.000834187862151975	0.163580382359617	0.163368806958425	0.497819648587362	0.2930698304927	1	1	1	1
"SMG8.Q8ND04"	"SMG8.Q8ND04"	0.0198923308299534	0.00032392637070518	0.0161056979638308	0.21191036449128	0.207420401334699	0.347055275360254	1	1	1	1
"SMG9.Q9H0W8"	"SMG9.Q9H0W8"	3.63528285125009e-07	1.50525787384059e-08	1.43996717345155e-05	0.494021900840346	0.268279697455766	0.00891513836419166	0.0020873794131878	8.75307453638304e-05	1	1
"SMIM11.P58511"	"SMIM11.P58511"	0.884485013308902	0.012338684380911	0.732128721390435	0.150241984869217	0.484880919663926	0.0072701977117953	1	1	1	1
"SMIM12.Q96EX1"	"SMIM12.Q96EX1"	0.0435346979356732	0.560288923188456	0.195383257722782	0.129885654212712	0.00259965452101985	0.000378420757236352	1	1	1	1
"SMIM20.Q8N5G0"	"SMIM20.Q8N5G0"	0.152490203271687	0.944590491156622	0.490980905139463	-0.250126435165626	0.314520776934026	0.253344027764	1	1	1	1
"SMIM26.A0A096LP01"	"SMIM26.A0A096LP01"	0.0467195125619981	0.0228496251031037	0.00646076443829829	0.617985311592321	0.567738464032887	0.0984436746263406	1	1	1	1
"SMIM7.Q9BQ49"	"SMIM7.Q9BQ49"	0.868961047611343	0.0459943626123385	0.491778222335223	-0.341555643442487	0.290717481217145	0.000701634196949492	1	1	1	1
"SMIM8.Q96KF7"	"SMIM8.Q96KF7"	0.148577117026438	0.0025496834754632	0.00858809825370517	-0.765441087824668	0.934449063506618	0.13834193599739	1	1	1	1
"SMN2.Q16637"	"SMN2.Q16637"	0.0599309277752588	0.0409530084443136	0.941673867330998	-0.0147284827745251	0.981718004409475	0.0377249136843686	1	1	1	1
"SMNDC1.O75940"	"SMNDC1.O75940"	0.225993484277298	0.634040973330448	0.438438420864102	0.220129423331728	0.628660254253689	0.682232608295189	1	1	1	1
"SMPD4.Q9NXE4"	"SMPD4.Q9NXE4"	0.691099611786058	0.0606084589465015	0.430323729812369	0.115941535169654	0.277412014097346	0.108154497625206	1	1	1	1
"SMPDL3B.Q92485"	"SMPDL3B.Q92485"	0.0731632519272424	0.52576025511761	0.52549929389725	-0.442282011225318	0.079040041921137	0.999576270777259	1	1	1	1
"SMS.P52788"	"SMS.P52788"	0.140377315474675	0.0964819314957242	0.334684993437803	0.210887237401945	0.151492806375718	0.0992689441909195	1	1	1	1
"SMTN.P53814"	"SMTN.P53814"	0.000826497448453886	0.300939735040334	0.947319314161521	-0.0136543980198827	0.0836206849376959	0.395114427486471	1	1	1	1
"SMU1.Q2TAY7"	"SMU1.Q2TAY7"	0.435762577946257	0.00883905183037358	0.125400425789459	0.186708728081673	0.0661410496596045	0.000217727354428849	1	1	1	1
"SMURF2.Q9HAU4"	"SMURF2.Q9HAU4"	0.122157924488104	0.00792856501136155	0.702455725258151	-0.0781338622915404	0.161107624214018	0.175233284438295	1	1	1	1
"SMYD2.Q9NRG4"	"SMYD2.Q9NRG4"	0.00170252891030117	8.33271513724433e-05	6.40593413111982e-05	0.675226916539698	0.138740069173425	0.482638521853338	1	0.446550204204924	1	1
"SMYD5.Q6GMV2"	"SMYD5.Q6GMV2"	0.000679862523232394	1.28349141884821e-05	2.77309306167087e-07	-0.355287101303772	0.456431216909903	1.46372163961662e-06	1	0.0710797547758141	1	0.00846909340682177
"SNAP23.O00161"	"SNAP23.O00161"	0.0010810377135578	0.203573246490608	0.00306382874435327	-0.777366817010343	0.634459644973454	0.275898509367372	1	1	1	1
"SNAP29.O95721"	"SNAP29.O95721"	0.826665073006521	0.038845155726913	0.868212131566529	0.0269220476316908	0.698413897854884	0.981535556122822	1	1	1	1
"SNAPC1.Q16533"	"SNAPC1.Q16533"	3.29169637635926e-06	0.00204045847623056	8.42598996565952e-05	-1.51504981364778	0.0604305776450789	0.0457572395270019	0.0185552924735371	1	1	1
"SNAPIN.O95295"	"SNAPIN.O95295"	0.999950561697437	0.98131883557708	0.511161074496433	0.111301283017988	0.791229452380977	0.0531378575805686	1	1	1	1
"SNCA.P37840"	"SNCA.P37840"	0.821780195571292	0.128387564477377	0.311176340502767	-0.252810170529265	0.00163397437762119	0.00132422855849483	1	1	1	1
"SND1.Q7KZF4"	"SND1.Q7KZF4"	0.00237908473323129	0.000537709800852556	0.79370672375938	-0.0294552723999877	0.0606802525671813	0.27212923026797	1	1	1	1
"SNF8.Q96H20"	"SNF8.Q96H20"	0.521202163418297	0.324671232852562	0.775500778291464	0.0359188645556567	0.202646237354848	0.0166759264032205	1	1	1	1
"SNIP1.Q8TAD8"	"SNIP1.Q8TAD8"	0.472509647734689	0.636396554458688	0.41987832573581	0.144664050792203	0.0226460497847646	0.442036676733966	1	1	1	1
"SNRNP200.O75643"	"SNRNP200.O75643"	0.0226874592979044	0.781551389770001	0.10554177310826	0.106691091601279	0.000231712880373569	5.30669114067895e-05	1	1	1	0.294362157573461
"SNRNP27.Q8WVK2"	"SNRNP27.Q8WVK2"	0.532712258880135	0.793099090915447	0.131311431115877	0.478005620604261	0.122722093447188	0.101030335515993	1	1	1	1
"SNRNP40.Q96DI7"	"SNRNP40.Q96DI7"	0.0374838110416967	0.00259545227873684	0.721158401951996	-0.0242287723923634	0.000206621735086063	0.468081883716574	1	1	1	1
"SNRNP70.P08621"	"SNRNP70.P08621"	0.123665936180264	0.908595110278725	0.00019777162807441	0.417211232326656	0.737856038283869	0.823772095404966	1	1	1	1
"SNRPA1.P09661"	"SNRPA1.P09661"	0.197312982303374	0.688020238315394	0.427436209631814	-0.246669813237901	0.129794048696693	0.835035523417927	1	1	1	1
"SNRPA.P09012"	"SNRPA.P09012"	0.517263788912444	0.172302100015072	0.303177716188267	-0.22285544116838	0.152174737603344	0.0740285748315808	1	1	1	1
"SNRPB2.P08579"	"SNRPB2.P08579"	0.00080945426531921	0.818741701970671	0.00641436849255718	-0.411333725422271	0.0156690321164397	0.0603939517268893	1	1	1	1
"SNRPB.P14678"	"SNRPB.P14678"	0.0415473105124318	0.0406170343910324	0.142813434500684	0.204277195776405	0.170752162497563	0.00528763357924171	1	1	1	1
"SNRPC.P09234"	"SNRPC.P09234"	0.128884396354218	0.323180599363746	0.0630472147536079	0.418618069968692	0.152595011957514	0.198189104283531	1	1	1	1
"SNRPD1.P62314"	"SNRPD1.P62314"	0.000114066249048335	0.00979799719736626	0.0898049789819784	0.171866353230632	0.000138284291139268	5.22821159443023e-05	0.607288709933335	1	0.807718544544466	0.290113461374934
"SNRPD2.P62316"	"SNRPD2.P62316"	0.633755828885858	0.169219814656661	0.666146220989813	0.0840847745417465	0.12294704236316	0.38059813412186	1	1	1	1
"SNRPD3.P62318"	"SNRPD3.P62318"	0.0458897561009041	0.66125420962218	0.147127080880432	-0.426218470605702	0.537020288667122	0.128047486919496	1	1	1	1
"SNRPE.P62304"	"SNRPE.P62304"	0.500049686220377	0.000488590552050899	0.711138717128091	-0.0668952658715929	0.227636554272971	3.1128440905027e-05	1	1	1	0.174319269068151
"SNRPF.P62306"	"SNRPF.P62306"	0.856692925285852	0.873190644441187	0.0667343272338804	-0.430577884191002	0.106115760595172	0.135486295129062	1	1	1	1
"SNRPGP15.A8MWD9"	"SNRPGP15.A8MWD9"	0.581968101901296	0.205442518515695	0.979967899594893	0.0068436666403443	0.230240960963285	0.0576773576068774	1	1	1	1
"SNTB2.Q13425"	"SNTB2.Q13425"	0.783268196846468	0.175297956972924	0.22647001847993	-0.562742124515417	0.179501072065432	0.0164099210647752	1	1	1	1
"SNU13.P55769"	"SNU13.P55769"	0.451526945821462	0.858016472146762	0.838071252336841	-0.0616539256792402	0.15886066046411	0.515903023105895	1	1	1	1
"SNUPN.O95149"	"SNUPN.O95149"	0.424655811800794	0.0841392325036903	0.739658885893293	0.104777561166306	0.824073620708895	0.72908166164463	1	1	1	1
"SNW1.Q13573"	"SNW1.Q13573"	0.0254492023851894	0.192680067956767	0.216807181021136	-0.121526281810159	0.265934427352659	0.436343308256135	1	1	1	1
"SNX11.Q9Y5W9"	"SNX11.Q9Y5W9"	0.759925152823798	0.493860236217836	0.344003119895887	0.145973223573643	0.0092956841311487	0.0139458685980319	1	1	1	1
"SNX12.Q9UMY4"	"SNX12.Q9UMY4"	0.71054878838326	0.674096761476599	0.60444962908838	0.0760260372569399	0.750192142089809	8.41357541431184e-05	1	1	1	0.462410104770579
"SNX17.Q15036"	"SNX17.Q15036"	0.37622803446563	0.000140949209490132	0.0121253400066541	0.971754700925866	0.29325646018026	0.000426971530646998	1	0.748017454764133	1	1
"SNX18.Q96RF0.2"	"SNX18.Q96RF0.2"	0.222594627527884	0.428846656786138	0.657444218338973	-0.0798100913640973	0.218136527055448	0.104657931266842	1	1	1	1
"SNX1.Q13596"	"SNX1.Q13596"	0.000139035202639988	0.000426091586344446	0.00147215862277349	0.309600047485406	0.771679475315336	0.000110009918666357	0.736886573991937	1	1	0.600874175755643
"SNX24.Q9Y343"	"SNX24.Q9Y343"	0.666267706371975	0.813868778400614	0.341494932257211	-0.539255728583389	0.968991623266731	0.79237871680851	1	1	1	1
"SNX27.Q96L92"	"SNX27.Q96L92"	0.471915452286116	0.984875154445371	0.673991649111856	0.0574517303864485	0.450079795438449	0.77708503362861	1	1	1	1
"SNX2.O60749"	"SNX2.O60749"	0.0259701900299202	0.0173663682141976	0.386622538566162	-0.0852417175363767	0.543081066648049	0.111088147830318	1	1	1	1
"SNX3.O60493"	"SNX3.O60493"	0.729324516280791	0.665346982647316	0.236524765223613	0.270081988239692	0.0804866319164495	0.310516595894531	1	1	1	1
"SNX4.O95219"	"SNX4.O95219"	0.000787595207339589	0.185712530329446	0.00330177684897986	-0.361194732433702	0.052015783256994	0.136894590297177	1	1	1	1
"SNX5.Q9Y5X3"	"SNX5.Q9Y5X3"	0.385559128163438	0.000200299766335505	0.921890752673821	0.0149021378975836	0.545237158439319	0.956338571473122	1	1	1	1
"SNX6.Q9UNH7"	"SNX6.Q9UNH7"	0.00445417046022467	0.437214875466501	0.105994833250253	0.106783900778298	0.0268204167269201	5.12013632002851e-07	1	1	1	0.00298503947457662
"SNX8.Q9Y5X2"	"SNX8.Q9Y5X2"	5.24158329778097e-05	9.29877046414322e-05	0.00535606756054458	0.29610085378004	0.0211807047187112	0.87930010330329	0.283569656409951	0.497019281308455	1	1
"SNX9.Q9Y5X1"	"SNX9.Q9Y5X1"	0.319462317466788	0.0488233131601033	0.0400002102977822	-0.222782948204902	0.401238578249709	0.00131997420006915	1	1	1	1
"SOAT1.P35610"	"SOAT1.P35610"	0.171028425216542	0.330668634818862	0.0437787367703212	0.432224155993728	0.921541294521437	0.00511986737882885	1	1	1	1
"SOD1.P00441"	"SOD1.P00441"	0.00258847593810633	0.00494732588426464	0.00102075306997567	0.399333990778578	0.562465270834306	2.85782831237962e-05	1	1	1	0.160324168324497
"SOD2.P04179"	"SOD2.P04179"	7.69040977395512e-05	5.88889995557718e-07	2.83702959324366e-05	-0.406994741882444	0.0036711968992861	0.15676378118352	0.412821196665911	0.00337375078455016	1	1
"SON.P18583.5"	"SON.P18583.5"	0.540436932794406	0.652456845888149	0.682638224850804	0.0470222595687106	0.0621588956143414	0.0604686813903552	1	1	1	1
"SORBS3.O60504"	"SORBS3.O60504"	0.248752087604436	0.209190623338024	0.674588660080556	0.0484327148944859	0.297210973621007	0.108952022374347	1	1	1	1
"SORD.Q00796"	"SORD.Q00796"	0.0074437627581144	0.0185103781414215	0.00110857092882629	-0.471968887038446	0.677795788922674	0.157699327580127	1	1	1	1
"SORT1.Q99523"	"SORT1.Q99523"	0.34617463764522	0.000183952024666792	0.181304717790763	0.491585466638313	0.168349870395745	0.380578516772186	1	0.969427169993992	1	1
"SOWAHC.Q53LP3"	"SOWAHC.Q53LP3"	0.430957549628749	0.904463400238096	0.198758191201287	0.127275014100939	0.260647912438067	0.006016392856243	1	1	1	1
"SP100.P23497"	"SP100.P23497"	0.0167023643737747	0.437044218640677	0.0110172034320528	-0.22613460270178	0.220714171476667	0.0106129739071137	1	1	1	1
"SP110.Q9HB58"	"SP110.Q9HB58"	0.340655918251373	0.278846345556873	0.497626308156074	-0.19438946513176	0.844711796773057	2.19258899417187e-05	1	1	1	0.123508538041702
"SP1.P08047"	"SP1.P08047"	0.670505146311032	0.531530833856243	0.11699046980957	-0.292592364795143	0.0675542200405149	0.279896901612171	1	1	1	1
"SP2.Q02086"	"SP2.Q02086"	0.023080540316941	0.00941643111291307	0.29173927112119	0.196725456218422	0.210972979935501	0.207193788731053	1	1	1	1
"SP3.Q02447"	"SP3.Q02447"	0.963335157203447	0.295176388501502	0.220417857979702	0.176410479167911	0.455535531760457	0.467045016619475	1	1	1	1
"SPA17.Q15506"	"SPA17.Q15506"	0.0306621254042534	0.00169061053060628	0.00263834336869821	1.35942223068704	0.493726638584476	0.806523452568435	1	1	1	1
"SPAG1.Q07617"	"SPAG1.Q07617"	7.73514961682589e-07	0.000565086144313219	1.80348572711808e-08	-1.70321140017728	0.0080825917597472	0.00501795957468501	0.00441754394616926	1	1	1
"SPAG5.Q96R06"	"SPAG5.Q96R06"	2.49556765363109e-08	4.48569590179685e-12	1.69519288423642e-13	1.01582974702057	0.435520624363199	0.465256243369345	0.00014496752499943	2.63983203820744e-08	1	1
"SPAG7.O75391"	"SPAG7.O75391"	0.00293709837435833	0.015536967641691	0.023469140300949	-0.422138289813031	0.267298080260952	0.55870261876069	1	1	1	1
"SPAG9.O60271"	"SPAG9.O60271"	3.11794001188212e-08	2.31706998139945e-08	0.00039713505392388	0.185898276731385	0.971866579714343	3.00532569373435e-05	0.0001809028794894	0.000134529083120052	1	0.168328292106061
"SPAG9.O60271.2"	"SPAG9.O60271.2"	0.272433916849755	0.708911988222839	0.978128450082273	-0.01786650997357	0.157617147484471	0.186876037328777	1	1	1	1
"SPANXD.Q9BXN6"	"SPANXD.Q9BXN6"	0.0928526148399184	0.0109661917008965	0.0217898802274332	1.12171389080588	0.412133102460353	0.775926746560047	1	1	1	1
"SPARC.P09486"	"SPARC.P09486"	0.000318278881824588	0.61497091596737	0.779045741621563	-0.0236909937530557	0.366526760907471	0.1947296843457	1	1	1	1
"SPART.Q8N0X7"	"SPART.Q8N0X7"	0.00363828178761665	4.81143788170903e-06	1.79668940972735e-05	0.556273619659438	0.189575088674856	0.591721208240821	1	0.0270258465815596	1	1
"SPAST.Q9UBP0"	"SPAST.Q9UBP0"	9.51951661537933e-05	0.0536730113814332	0.586266771074666	-0.152032220485383	0.0131027645989519	0.32271474598974	0.508342187261256	1	1	1
"SPATA20.Q8TB22"	"SPATA20.Q8TB22"	0.746947834027981	0.503401486616185	0.598465977050707	0.0726422774500926	0.513311287621782	0.00516370129243756	1	1	1	1
"SPATA5.Q8NB90"	"SPATA5.Q8NB90"	0.257831143888068	0.152142541542556	0.164322484228249	-0.186113390100072	0.911966600079697	0.0355209076322717	1	1	1	1
"SPATS2L.Q9NUQ6"	"SPATS2L.Q9NUQ6"	0.645566191590606	0.216340484046352	0.12730354475014	0.194928091248802	0.591469848248326	0.492626682293018	1	1	1	1
"SPATS2.Q86XZ4"	"SPATS2.Q86XZ4"	0.844717104441243	0.0272178775854414	0.0957897517807905	0.179881122252456	0.320072966316241	0.916578676217169	1	1	1	1
"SPC24.Q8NBT2"	"SPC24.Q8NBT2"	4.21125363740631e-05	4.80451319837965e-06	4.8190330165059e-05	0.665673785292806	0.941984627292187	0.770919495943858	0.228797410120285	0.0269917551484969	1	1
"SPC25.Q9HBM1"	"SPC25.Q9HBM1"	8.38797862231786e-07	1.98585785598169e-09	9.90763960257375e-11	0.86564032141671	0.0095674305937412	0.00178107631339846	0.00478869699548126	1.16132967417809e-05	1	1
"SPCS1.Q9Y6A9"	"SPCS1.Q9Y6A9"	0.340925448354856	0.254886511433108	0.543913488010859	0.565270766040511	0.908997525543657	0.269639781282307	1	1	1	1
"SPCS2.Q15005"	"SPCS2.Q15005"	0.000633500303211108	0.00173978196608434	0.000157218775265099	-0.390726033008298	0.0735202342286568	0.00206349796293315	1	1	1	1
"SPCS3.P61009"	"SPCS3.P61009"	0.101473181761147	0.952295383872994	0.40852597468611	-0.334950519376834	0.685683635844083	0.787556383640518	1	1	1	1
"SPDL1.Q96EA4"	"SPDL1.Q96EA4"	0.0357567858470744	0.89954747583375	0.432785442982963	0.333156446026017	0.466997135715374	0.743416131980376	1	1	1	1
"SPECC1L.Q69YQ0"	"SPECC1L.Q69YQ0"	0.00516213330784634	0.0156173369851762	0.0260610220290871	-0.187900627183412	0.701522787528716	0.431204156846059	1	1	1	1
"SPECC1.Q5M775"	"SPECC1.Q5M775"	0.00589573738880035	0.903922252734014	0.666508634081203	0.0509484639976142	0.383426471393566	0.49686021130317	1	1	1	1
"SPEN.Q96T58"	"SPEN.Q96T58"	0.12564622065631	0.191225383213128	0.0393974532792032	0.309667574918855	0.712384722781401	0.0210412981663332	1	1	1	1
"SPG11.Q96JI7"	"SPG11.Q96JI7"	0.165551617785624	0.00115905982524104	0.0150812279321484	-0.774401839491777	0.853190502551297	0.0423871234219715	1	1	1	1
"SPG21.Q9NZD8"	"SPG21.Q9NZD8"	0.608570936646315	0.160644856558588	0.00520419991863184	0.676011571470213	0.525447230080923	0.0733544623200365	1	1	1	1
"SPIN1.Q9Y657"	"SPIN1.Q9Y657"	0.591053823197463	0.537935329671734	0.115720956655218	0.246355025313102	0.0556856385857645	0.17526141286417	1	1	1	1
"SPINDOC.Q9BUA3"	"SPINDOC.Q9BUA3"	0.780867791360659	0.0953854310247493	0.0652774373377756	0.450575573077559	0.253900722354682	0.119085338388309	1	1	1	1
"SPNS1.Q9H2V7"	"SPNS1.Q9H2V7"	0.00668478413319575	0.378243477103895	0.393146818845961	-0.300415972685018	0.1037021853088	0.0391641455927557	1	1	1	1
"SPOUT1.Q5T280"	"SPOUT1.Q5T280"	0.0469265894169864	2.699723042784e-05	0.000134904005266296	-0.621137865662947	2.05449053898158e-05	0.910179266505072	1	0.147890828283708	0.120762953881337	1
"SPPL2A.Q8TCT8"	"SPPL2A.Q8TCT8"	0.788768565377049	0.154994693431714	0.0153212460703654	0.867261305289276	0.406981737435236	0.29811047726994	1	1	1	1
"SPRR2E.P22531"	"SPRR2E.P22531"	7.60362137895607e-05	0.778921171473476	0.000935014247863823	-1.43999997596314	0.447473742364311	0.590161614630248	0.408238431836151	1	1	1
"SPRYD4.Q8WW59"	"SPRYD4.Q8WW59"	0.0996642931564904	0.0207294419442721	0.0717466170475753	-0.410719923891306	0.629824791667934	0.117606079146673	1	1	1	1
"SPRYD7.Q5W111"	"SPRYD7.Q5W111"	3.06824878687188e-05	0.00177332106430764	1.35355871849723e-05	-0.408449276085084	0.690256750362696	0.000754750639751734	0.167618431226811	1	1	1
"SPR.P35270"	"SPR.P35270"	8.13884522735446e-09	8.83701631534411e-08	7.71380797732497e-09	-1.47525796270891	0.934139632586477	0.312171266675341	4.74006346041124e-05	0.000510602802700582	1	1
"SPTAN1.Q13813"	"SPTAN1.Q13813"	0.000111799999615253	0.0169703144991813	0.00482584929634474	-0.197914866637603	0.506596055058928	0.034371217147047	0.595446797950837	1	1	1
"SPTAN1.Q13813.3"	"SPTAN1.Q13813.3"	0.300169268559434	0.0618700246048469	0.393807173505535	-0.282869695504199	0.927299677129487	0.623771323809137	1	1	1	1
"SPTBN1.Q01082"	"SPTBN1.Q01082"	1.79607773864967e-10	2.33079729528183e-07	6.29592295187864e-08	-0.32237747321101	0.477781466535324	1.71217956561165e-05	1.05447724036122e-06	0.00134207308262328	1	0.0966696582744338
"SPTBN1.Q01082.3"	"SPTBN1.Q01082.3"	5.63269791141282e-05	0.00627427482703656	0.0279834068254032	-0.556107352879769	0.875840480067715	0.586923450943439	0.304334668153635	1	1	1
"SPTBN2.O15020"	"SPTBN2.O15020"	0.628759273465442	0.334220419194466	0.000102760128398673	0.446834625480853	0.0703701838665611	0.886132834584471	1	1	1	1
"SPTBN4.Q9H254"	"SPTBN4.Q9H254"	0.481242101359769	0.00343130877687609	0.0283934794264734	-1.77922418510696	0.168809773591518	0.000246413393546833	1	1	1	1
"SPTLC1.O15269"	"SPTLC1.O15269"	0.895847854627087	0.116362444123107	0.00440176464341887	0.287754847671458	0.62456630512342	0.00117426294005732	1	1	1	1
"SPTLC2.O15270"	"SPTLC2.O15270"	0.334637325370041	0.93122744330245	0.419580274751318	0.116954072384454	0.647555994906778	0.00519184388926841	1	1	1	1
"SQLE.Q14534"	"SQLE.Q14534"	0.755548715622622	4.24786432624756e-05	0.0230135559904245	0.22536039812833	0.0173692588954858	0.205068510884504	1	0.230361682412405	1	1
"SQSTM1.Q13501"	"SQSTM1.Q13501"	5.05095759177696e-05	0.746583730514716	0.00116023408510673	-0.428767650828497	0.0640577155012308	0.102030976047152	0.273458844018805	1	1	1
"SRA1.Q9HD15"	"SRA1.Q9HD15"	0.158418339773793	0.0100807522821968	0.276034812207393	-0.14925388192753	0.0951723761331469	5.35404728739047e-06	1	1	1	0.030646566673023
"SRBD1.Q8N5C6"	"SRBD1.Q8N5C6"	0.401240506670779	0.125077123041946	0.491152151092284	-0.11498587377555	0.181924095899889	0.113257817913273	1	1	1	1
"SRC.P12931"	"SRC.P12931"	0.125321066392716	0.00178828102625335	0.0479141560411284	0.727154397750702	0.365437963349948	0.522756941844134	1	1	1	1
"SREBF1.P36956"	"SREBF1.P36956"	0.0336503533907417	0.976828540124216	0.784303759351108	-0.0708132672675613	0.621688660935439	0.0235939122921844	1	1	1	1
"SREK1.Q8WXA9.2"	"SREK1.Q8WXA9.2"	0.0443531932097219	0.195838353783403	0.225219544952883	-0.145705716627254	0.936052700802613	0.0014054979010094	1	1	1	1
"SRFBP1.Q8NEF9"	"SRFBP1.Q8NEF9"	0.01966261243905	0.281902077014486	0.404477929752479	0.0830165389070902	0.617278671455253	0.251728331715398	1	1	1	1
"SRF.P11831"	"SRF.P11831"	0.0841305369525063	0.356243325408359	0.907513684033683	-0.049036889914614	0.0194402875849879	0.609137093493567	1	1	1	1
"SRGAP2B.P0DMP2"	"SRGAP2B.P0DMP2"	0.10173731043526	0.305615061512844	0.320305046798441	0.318998710386096	0.00967840739619432	0.75685540159821	1	1	1	1
"SRGAP2.O75044"	"SRGAP2.O75044"	0.966906437542651	0.000978229720176195	0.410812682254577	0.068036524603845	0.501586571668347	0.0130438515452758	1	1	1	1
"SRI.P30626"	"SRI.P30626"	0.91477584514051	0.273373800175569	0.754024699629641	-0.0707953862166558	0.917179285003564	0.532729489873564	1	1	1	1
"SRM.P19623"	"SRM.P19623"	0.0474381719639537	0.000233963976494354	0.0278787315705574	0.227127850396241	0.533166898342681	0.0132373237650712	1	1	1	1
"SRP14.P37108"	"SRP14.P37108"	0.528233369355288	0.546405421017668	0.0293765037061434	-0.531845964123837	0.0671942834974475	0.0668968274931671	1	1	1	1
"SRP19.P09132"	"SRP19.P09132"	0.0291709048797384	0.00224620862705255	0.000245595196672653	-0.612416022964663	0.022817354774193	0.000610361678863915	1	1	1	1
"SRP54.P61011"	"SRP54.P61011"	0.179055631954681	6.57221132126841e-05	0.0310154685507234	-0.270243880864753	0.0747035370958756	0.050512664208743	1	0.353584969084241	1	1
"SRP68.Q9UHB9"	"SRP68.Q9UHB9"	1.10902599380455e-09	3.16937448200871e-06	3.08314981514169e-12	-0.906891132105169	0.854171652731483	0.398941943200183	6.49223816773184e-06	0.0179069658233492	1	1
"SRP72.O76094"	"SRP72.O76094"	0.00504391056482394	0.0412719084497976	1.94092163822216e-09	-0.726708630166423	0.0250563929559292	0.000396139728416917	1	1	1	1
"SRP9.P49458"	"SRP9.P49458"	0.231214361668447	0.12119634222787	0.148536050553847	-0.226774397628591	0.0880854395097569	0.436206324378236	1	1	1	1
"SRPK1.Q96SB4"	"SRPK1.Q96SB4"	0.117021137703978	0.619838213023909	0.9279277809084	-0.00741884143848624	0.00143361946151749	0.270639557674245	1	1	1	1
"SRPK2.P78362"	"SRPK2.P78362"	0.392606166024033	0.481850014043653	0.186711576684421	0.290606016827787	0.0956535918207303	0.163511094031452	1	1	1	1
"SRPRA.P08240"	"SRPRA.P08240"	0.0246861465568953	0.425799597481701	0.0776604976080883	-0.230572314284345	0.0609746728223196	0.000992537624655956	1	1	1	1
"SRPRB.Q9Y5M8"	"SRPRB.Q9Y5M8"	0.0356143259813922	0.321879663821359	0.000170423163769117	-1.21675424600048	0.0632561872614799	0.0359619403215233	1	1	1	1
"SRRM1.Q8IYB3"	"SRRM1.Q8IYB3"	0.0583858103620223	0.76259012892642	0.725279001959592	0.0558304521850971	0.152541395969588	0.360419812994056	1	1	1	1
"SRRM2.Q9UQ35"	"SRRM2.Q9UQ35"	0.61904664047276	0.430024249851096	0.101220195586359	-0.193246803542294	0.00120700427468005	0.00489954341651279	1	1	1	1
"SRRT.Q9BXP5"	"SRRT.Q9BXP5"	0.664374360920862	0.152579230392608	0.0481816008227507	0.198794833321294	0.738618810935656	0.655588958984805	1	1	1	1
"SRSF10.O75494"	"SRSF10.O75494"	0.922729434046464	2.64480093694729e-05	0.138355696091351	0.155873243240167	0.0568308890562654	0.00898895176458621	1	0.144961539354081	1	1
"SRSF11.Q05519"	"SRSF11.Q05519"	0.310961092172253	0.947412559255423	0.810598572057757	0.0352780261635119	0.00722309539059723	0.477243673922434	1	1	1	1
"SRSF1.Q07955"	"SRSF1.Q07955"	0.262235912840274	0.202796443453589	0.308595173515034	-0.207915895025306	0.445080292777567	0.991649728520787	1	1	1	1
"SRSF2.Q01130"	"SRSF2.Q01130"	0.922976873452739	0.534055956068162	0.0332862150052495	-1.63073373038754	0.00446069926239442	0.423154412676626	1	1	1	1
"SRSF3.P84103"	"SRSF3.P84103"	0.686177420859571	0.253590835672587	0.234746648109568	0.241777757306298	0.236242230675988	0.907271232805905	1	1	1	1
"SRSF4.Q08170"	"SRSF4.Q08170"	0.0211139480834315	0.0914616870100668	0.144622429162413	-0.213014561816289	0.818611894286642	0.796946120575497	1	1	1	1
"SRSF5.Q13243"	"SRSF5.Q13243"	0.991937474186349	0.531156924045448	0.164487913432295	0.226758876830549	0.511529433918015	0.643092090393883	1	1	1	1
"SRSF6.Q13247"	"SRSF6.Q13247"	0.0709537547559816	0.495690073778632	0.238235658757243	-0.196582760509942	0.140260639766574	0.0145529741641572	1	1	1	1
"SRSF7.Q16629"	"SRSF7.Q16629"	0.345074179599128	0.722538430583856	0.229736636030084	-0.385551836258669	0.465578308781191	0.344708746075925	1	1	1	1
"SRSF9.Q13242"	"SRSF9.Q13242"	0.0815612347148743	0.0728641663806742	0.423453350509713	0.0926407073177486	0.432481602747149	0.0115070197989599	1	1	1	1
"SRXN1.Q9BYN0"	"SRXN1.Q9BYN0"	0.14588145110769	1.88089724575986e-06	0.457609607432516	0.106597545247763	0.0186017769413187	0.0320303461915025	1	0.0106628064862127	1	1
"SS18L1.O75177"	"SS18L1.O75177"	0.585300575949916	0.192540913026415	0.0713900755288227	0.521679644610047	0.124606664022227	0.995902729988022	1	1	1	1
"SS18.Q15532"	"SS18.Q15532"	0.970055029084733	0.326482317743842	0.182885558427743	0.489195264818715	0.333763296821561	0.219251210095628	1	1	1	1
"SSBP1.Q04837"	"SSBP1.Q04837"	0.296153751392329	0.209374056300532	0.0454792143832851	-0.8130508927684	0.047708855976485	0.267379896777703	1	1	1	1
"SSBP2.P81877"	"SSBP2.P81877"	0.0476172925511917	0.0567285205980259	0.001797600534698	1.39517484636189	0.421089980202967	0.885114805064107	1	1	1	1
"SSB.P05455"	"SSB.P05455"	0.894072825764998	0.469672664746913	0.0558513382726729	-0.234147493396764	0.214032622021396	0.71937504539523	1	1	1	1
"SSR1.P43307"	"SSR1.P43307"	0.0570674043882016	0.749780376684045	0.0545756967782234	-0.6887027249362	0.29140371422935	0.366420884489102	1	1	1	1
"SSR2.P43308"	"SSR2.P43308"	0.4988252406143	0.11065078593593	0.31850502921805	-0.923861594711735	0.639386692426629	0.732844060596598	1	1	1	1
"SSR3.Q9UNL2"	"SSR3.Q9UNL2"	0.722872966054177	0.0720706769357624	0.0671317900127595	-0.767297680449067	0.0164505526772085	0.97518301482074	1	1	1	1
"SSR4.P51571"	"SSR4.P51571"	0.00137475395320118	0.464548802269247	0.0128060706009316	-0.293031342805029	0.39539507252079	0.00394717098823806	1	1	1	1
"SSRP1.Q08945"	"SSRP1.Q08945"	0.127646569853016	0.632515170953461	0.0826412051176844	-0.173486327039334	0.042713950069745	0.774332267808475	1	1	1	1
"SSU72.Q9NP77"	"SSU72.Q9NP77"	6.67463585422275e-07	2.16125100220867e-10	3.97995399761872e-09	0.745682778097027	0.952736305827958	0.4530453905658	0.00381722424502999	1.26800596299583e-06	1	1
"ST13.P50502"	"ST13.P50502"	0.722753029634016	0.486285051939759	0.405809978203282	-0.151373305783275	0.273483449959011	0.268516987762806	1	1	1	1
"ST3GAL1.Q11201"	"ST3GAL1.Q11201"	1.39007696820249e-09	2.71554941049857e-06	2.57441190770554e-05	-0.741651145543538	0.982665770598144	0.0236669286951259	8.13056018701636e-06	0.0153618630151904	1	1
"STAG1.Q8WVM7"	"STAG1.Q8WVM7"	0.866421063099217	0.183083220961167	0.358650234784573	0.11974813962866	0.36892481021854	0.00747504272615094	1	1	1	1
"STAG2.Q8N3U4"	"STAG2.Q8N3U4"	0.690470361292522	0.714072570753629	0.948758140913684	-0.0111662340307568	0.710871126831243	0.0863658008632911	1	1	1	1
"STAM2.O75886"	"STAM2.O75886"	0.225401481128022	0.995028281406632	0.0769089055294436	-0.245473972907898	0.163763808261705	0.778029108275384	1	1	1	1
"STAMBP.O95630"	"STAMBP.O95630"	0.00153700931407554	0.238657529676457	0.00342970126929867	-0.397847957580484	0.0223994784214948	0.108670065733796	1	1	1	1
"STAM.Q92783"	"STAM.Q92783"	0.678842287278923	0.1103680650274	0.0732423504539605	0.154161217753704	0.0224165904289986	0.000107445613907085	1	1	1	0.587190280002218
"STARD3NL.O95772.2"	"STARD3NL.O95772.2"	0.0238247037105807	0.643703468589308	0.994315754897267	0.00297544793102966	0.0743729570190555	0.0564111169044668	1	1	1	1
"STARD4.Q96DR4"	"STARD4.Q96DR4"	0.840236697092454	0.572819843690616	0.892079098695428	-0.053113880104	0.0290690942088838	0.193112195437127	1	1	1	1
"STARD7.Q9NQZ5"	"STARD7.Q9NQZ5"	0.358959318579514	0.0470826963754146	0.0887960654533037	0.372343255718087	0.575705121166121	0.00395091666453193	1	1	1	1
"STAT1.P42224"	"STAT1.P42224"	0.132736442825626	0.282094121469916	0.764057410272835	-0.0185881993652949	0.339435478584261	0.00198108606714336	1	1	1	1
"STAT3.P40763.2"	"STAT3.P40763.2"	3.03334934047214e-06	6.52328482219183e-07	6.13879802719953e-07	0.521508950491994	0.654975893825918	0.672350940071281	0.0171323570749866	0.00373327590374038	1	1
"STAT5B.P51692"	"STAT5B.P51692"	0.41611683474705	0.0151895003486152	0.00259978733943733	1.23154888020254	0.00639720246593984	0.975361431207766	1	1	1	1
"STAT6.P42226"	"STAT6.P42226"	0.891901001390776	0.432290808616849	0.944506797727009	0.0118085954465745	0.0244005222739123	0.24396724773509	1	1	1	1
"STAU1.O95793"	"STAU1.O95793"	0.441026694981409	0.837958245953447	0.292009729335442	0.152316550647754	0.0588374443202951	0.237027199745242	1	1	1	1
"STAU2.Q9NUL3"	"STAU2.Q9NUL3"	0.476576260742435	0.0148762311512681	0.00159378562776588	0.23596059688501	0.827082103233718	0.273242012242213	1	1	1	1
"STEAP3.Q658P3"	"STEAP3.Q658P3"	0.0843283140589793	0.000603665117438615	0.000576529663065247	-0.342178115802337	0.675369675361928	0.00295014023209628	1	1	1	1
"STEEP1.Q9H5V9"	"STEEP1.Q9H5V9"	0.471353902574064	0.816310345531055	0.814519394761682	-0.0857975271775521	0.0675354800768165	0.753350565082853	1	1	1	1
"STIM1.Q13586"	"STIM1.Q13586"	0.00177920309441689	0.00648236619890903	0.144795477965087	-0.122425059496661	0.690998139416071	3.37834362175949e-09	1	1	1	1.99220923375157e-05
"STIM2.Q9P246"	"STIM2.Q9P246"	0.23038906403171	0.38511164130025	0.0786789904229107	1.19110916789178	0.877932348815609	0.282861682980755	1	1	1	1
"STIP1.P31948"	"STIP1.P31948"	0.267958135330846	0.246892896775045	0.900913992833034	0.0193452976683019	0.275941351070046	0.0412072564213995	1	1	1	1
"STK10.O94804"	"STK10.O94804"	0.220904395385734	0.323497985611168	0.231953142728364	-0.16958358775849	0.0739336270439949	0.157523734987141	1	1	1	1
"STK11IP.Q8N1F8"	"STK11IP.Q8N1F8"	0.0107186174405472	0.641803349920615	0.659655040963696	0.205096754669972	0.0239985122339816	0.120016631235765	1	1	1	1
"STK19.P49842"	"STK19.P49842"	0.00160618284416734	0.00268602042786695	0.0319864028833517	-1.29136387778109	0.133124900687528	0.0620453421073843	1	1	1	1
"STK24.Q9Y6E0.2"	"STK24.Q9Y6E0.2"	0.329547076915307	0.0649277063887857	0.246604340799151	-0.185467112653896	0.0554914142676722	0.990248075002869	1	1	1	1
"STK25.O00506"	"STK25.O00506"	0.478856302449987	0.436409210687963	0.0421466342040303	0.435223918973944	0.112006524596123	0.40708518042369	1	1	1	1
"STK26.Q9P289"	"STK26.Q9P289"	0.658513422908119	0.205573997365778	0.115966093145527	-0.42026460618112	0.0147695085832929	0.294653388210913	1	1	1	1
"STK38.Q15208"	"STK38.Q15208"	0.922775495248779	0.183606599022728	0.00118018254017499	0.569411273857572	0.218111082776869	0.126660859871305	1	1	1	1
"STK39.Q9UEW8"	"STK39.Q9UEW8"	0.619118313797638	0.00805009537713869	0.58106602143697	-0.09646495686622	0.681997205467819	0.525504801655667	1	1	1	1
"STK4.Q13043"	"STK4.Q13043"	0.107325080220228	0.644542893067908	0.0569822400155108	-0.221379671066857	0.0601818591041989	0.231793726356629	1	1	1	1
"STMN1.P16949"	"STMN1.P16949"	0.0167065445451187	0.0425084069261167	0.435055595058145	0.134699055874202	0.022805136829325	0.11282163598471	1	1	1	1
"STOML2.Q9UJZ1"	"STOML2.Q9UJZ1"	0.431066844536117	0.720921902309883	0.060140609761894	-0.50259711552358	0.0969509797945909	0.146196054717407	1	1	1	1
"STOM.P27105"	"STOM.P27105"	0.00340451502658346	0.00192744077141524	0.365319453635393	0.132819180050937	6.13168557536995e-05	8.93934033832663e-05	1	1	0.359562042139694	0.490859177977515
"STRAP.Q9Y3F4"	"STRAP.Q9Y3F4"	0.613071479877617	0.609088259021392	0.976759424818942	-0.00430699323712757	0.230460980329416	0.309203975064568	1	1	1	1
"STRBP.Q96SI9"	"STRBP.Q96SI9"	0.790284807159367	2.95597447309929e-05	0.0970155266675328	0.203531073201073	0.687226887771501	3.62330176984381e-05	1	0.161544004954876	1	0.202216471774983
"STRIP1.Q5VSL9"	"STRIP1.Q5VSL9"	0.0549740097302434	0.00425642874222708	0.780425152007158	0.0938065256409286	0.202024116182659	0.0119208287794462	1	1	1	1
"STRN3.Q13033"	"STRN3.Q13033"	0.504755408815916	0.00867124053309632	0.648989478306092	0.048013781727081	0.492314748333889	0.096904089590054	1	1	1	1
"STRN4.Q9NRL3"	"STRN4.Q9NRL3"	0.137814394643972	0.00209929652010381	0.0226054450941981	0.190753069693725	0.799908112151538	0.0696829254787435	1	1	1	1
"STRN.O43815"	"STRN.O43815"	4.83341017797767e-05	0.00311799470136123	9.83494757687314e-05	-0.239285312109897	0.634833048216157	0.799506818441045	0.26187416344283	1	1	1
"STT3A.P46977"	"STT3A.P46977"	0.395874295810793	6.86760935085268e-05	0.0121734627202308	0.377672025672448	0.487333155456142	1.24519691033462e-05	1	0.36920267870184	1	0.0706400207232832
"STT3B.Q8TCJ2"	"STT3B.Q8TCJ2"	5.82059110710019e-06	8.60111142564241e-05	1.50295732858711e-05	-0.574212945398208	0.864474478229632	0.000102903726808735	0.0325138219242617	0.460589516843151	1	0.563295000551016
"STUB1.Q9UNE7"	"STUB1.Q9UNE7"	0.0962126578919328	0.0384098428790225	0.00378407490864909	0.238560928015881	0.936402257858285	0.0968484489830418	1	1	1	1
"STX12.Q86Y82"	"STX12.Q86Y82"	0.000558890781237717	0.962174616025145	0.0301123615174505	-0.194895905281223	0.730999908393297	0.00122293966621634	1	1	1	1
"STX16.O14662"	"STX16.O14662"	0.190472812471291	0.497975859555939	0.407572443991815	-0.24409788864999	0.45388905628257	0.18918431493687	1	1	1	1
"STX17.P56962"	"STX17.P56962"	0.198881700325719	0.0968398785275265	0.447533149462246	-0.387490239445636	0.122111212195099	0.142220491015421	1	1	1	1
"STX18.Q9P2W9"	"STX18.Q9P2W9"	0.337416096157203	0.0755457634945734	0.579357183002259	0.119887249874429	0.0100657811280755	0.00376105088388287	1	1	1	1
"STX2.P32856"	"STX2.P32856"	0.484251712362219	0.000669135612657127	0.939094304592443	0.0160333419643586	0.793655073761748	0.00941614731108387	1	1	1	1
"STX3.Q13277"	"STX3.Q13277"	0.00624128151662644	0.03753107611306	0.612387117157139	-0.0786755965331978	0.0233481212240577	0.633495708563297	1	1	1	1
"STX4.Q12846"	"STX4.Q12846"	4.30044049551461e-06	0.00110348048464703	8.27928514804765e-05	-0.347811022854707	0.639077501118232	0.142774977998603	0.0241469733823145	1	1	1
"STX5.Q13190"	"STX5.Q13190"	0.0450631183437381	0.0545642036059926	0.0173506834130889	-0.373274083375991	0.489377095593598	0.0108514999154787	1	1	1	1
"STX6.O43752"	"STX6.O43752"	0.00248985465536514	0.558778681561957	0.00914042200495653	-0.773576950560995	0.798465309103403	0.014425858837343	1	1	1	1
"STX7.O15400"	"STX7.O15400"	0.0505891020561052	0.193870640310874	0.374297427025946	-0.178843994894711	0.689437590535969	0.0330088004494919	1	1	1	1
"STX8.Q9UNK0"	"STX8.Q9UNK0"	0.724057763375107	0.561048511278761	0.0751796174738657	-1.17459151472798	0.00112640736909086	0.114795573004966	1	1	1	1
"STXBP1.P61764"	"STXBP1.P61764"	0.0957132741663746	0.304502663865089	0.357165383116491	-0.13862964440021	0.563961837486897	0.435573961217829	1	1	1	1
"STXBP2.Q15833"	"STXBP2.Q15833"	0.224942730868629	0.159169654041223	0.279383817972904	-0.149796519811297	0.822501328345147	0.219731604676238	1	1	1	1
"STXBP3.O00186"	"STXBP3.O00186"	0.0416962464925835	0.921259927244702	0.0158134077852153	-0.286038091663803	0.508763680338374	1.38621264212502e-05	1	1	1	0.0785289461763825
"STXBP4.Q6ZWJ1"	"STXBP4.Q6ZWJ1"	0.926274051973041	0.023375118016244	0.625276720354029	-0.207951780933341	0.377136488457369	0.079903044475219	1	1	1	1
"STXBP6.Q8NFX7"	"STXBP6.Q8NFX7"	0.293599358023723	0.0553542668304524	0.208188860450798	0.283089179161026	0.368853217291272	0.533584120868404	1	1	1	1
"SUB1.P53999"	"SUB1.P53999"	0.0269174121283848	0.243366662783764	0.483282573840309	-0.35162206660058	0.55598626578975	0.37789739321005	1	1	1	1
"SUCLA2.Q9P2R7"	"SUCLA2.Q9P2R7"	0.0419265521717393	0.00828220181992901	0.0140393279917348	-0.46218875365017	0.0571926248881174	0.332370838556611	1	1	1	1
"SUCLG1.P53597"	"SUCLG1.P53597"	0.000951410440510734	0.0014537383356369	7.58718274670825e-05	-0.597733357721028	0.0639874103645359	0.0896116443278391	1	1	1	1
"SUCLG2.Q96I99"	"SUCLG2.Q96I99"	0.00020393790880597	0.0159648782416528	5.97050481899856e-05	-1.0725047143905	0.564883020155064	0.0336638934076834	1	1	1	1
"SUDS3.Q9H7L9"	"SUDS3.Q9H7L9"	0.599253419431694	0.906840509858663	0.367017642955355	0.219939882291731	0.0962714783168196	0.161466177080478	1	1	1	1
"SUFU.Q9UMX1"	"SUFU.Q9UMX1"	0.0234312161860312	0.700795664074502	0.836658276522084	0.0528057802682255	0.0726852663033804	0.792723937026971	1	1	1	1
"SUGP1.Q8IWZ8"	"SUGP1.Q8IWZ8"	0.0542770301453738	0.10318963873886	0.00196900962653995	0.295278411382448	0.0800204219522532	0.753861834267484	1	1	1	1
"SUGP2.Q8IX01"	"SUGP2.Q8IX01"	0.700995197064529	0.107336916401404	0.575258731856347	-0.0733891841170297	0.0119633182524444	0.0318857282032583	1	1	1	1
"SUGT1.Q9Y2Z0"	"SUGT1.Q9Y2Z0"	0.817512156830078	0.00336497743291333	0.0461107307828554	0.112531472127991	0.0265046029093098	3.75944709116452e-05	1	1	1	0.209664364274245
"SULT1A3.P0DMM9"	"SULT1A3.P0DMM9"	0.000757284699626827	7.99045860319403e-06	0.000688012012201871	1.06792590028718	0.000664793277640875	0.223002000347335	1	0.0446027399230291	1	1
"SUMF1.Q8NBK3"	"SUMF1.Q8NBK3"	0.00415821263704118	0.873672432221986	0.968531894672266	0.0067238782575733	0.21619469692997	0.00137231427996889	1	1	1	1
"SUMF2.Q8NBJ7"	"SUMF2.Q8NBJ7"	0.755488890545833	0.172008759571796	0.124887850485362	0.287028150726998	0.288286542434842	0.0539172602047281	1	1	1	1
"SUMO1.P63165"	"SUMO1.P63165"	0.208847842667613	0.177504118559227	0.0248639614230746	-0.207849111159018	0.500028634292526	0.457460985870808	1	1	1	1
"SUMO2.P61956"	"SUMO2.P61956"	0.156154845599351	0.000812946765233511	0.431893865813627	0.109702043102235	0.000341058613491482	2.71730843157296e-06	1	1	1	0.0156435446405655
"SUMO3.P55854"	"SUMO3.P55854"	0.0236456673641018	0.113007258198777	0.179978467928056	0.238217811939835	0.00144491466654175	0.525743686279319	1	1	1	1
"SUN1.O94901.9"	"SUN1.O94901.9"	0.0601902276074394	0.561301168472057	0.00582332003887561	0.323400200217222	0.447892171422861	0.343776471245738	1	1	1	1
"SUN2.Q9UH99"	"SUN2.Q9UH99"	0.120964069754962	0.883172817455237	0.000169061289936313	0.477371622860889	0.642772291218864	0.00164823366256626	1	1	1	1
"SUN3.Q8TAQ9.2"	"SUN3.Q8TAQ9.2"	0.006038488606043	0.0114568194183022	0.0075486056999287	-0.58990602953819	0.700650315568013	0.0651621927027609	1	1	1	1
"SUPT16H.Q9Y5B9"	"SUPT16H.Q9Y5B9"	0.047046898671962	0.105653231862188	0.179165359963457	-0.123579570700461	0.974123045789163	0.333364898836908	1	1	1	1
"SUPT4H1.P63272"	"SUPT4H1.P63272"	0.257371131051363	0.336053764673004	0.532428673031424	0.187030356959672	0.658584394481308	0.844825212602757	1	1	1	1
"SUPT5H.O00267"	"SUPT5H.O00267"	0.0828544157531608	0.000102085557941133	0.134520081679024	0.115533394735013	0.582959188158519	0.00447057453632025	1	0.544830622731829	1	1
"SUPT6H.Q7KZ85"	"SUPT6H.Q7KZ85"	0.091877840365378	0.602665078153334	0.865002766832507	-0.0114004636407312	0.211332103209001	0.815783155026972	1	1	1	1
"SUPT6H.Q7KZ85.2"	"SUPT6H.Q7KZ85.2"	0.226823921539318	0.000506981386973015	0.591223415627665	-0.138296369016721	0.329188911171368	0.00740453722899088	1	1	1	1
"SUPT7L.O94864"	"SUPT7L.O94864"	0.126641686293834	0.0701461698012679	0.885839135919443	0.0357142234399689	0.39166168922774	0.304697530552573	1	1	1	1
"SUPV3L1.Q8IYB8"	"SUPV3L1.Q8IYB8"	0.970320413356158	0.615147340459062	0.109039717175236	-0.168320061559034	0.860092281053673	0.00026774541697676	1	1	1	1
"SURF2.Q15527"	"SURF2.Q15527"	0.930651889449885	0.0107102404483315	0.842132489855285	0.0579972187702244	0.950721980087812	0.0137656527131955	1	1	1	1
"SURF4.O15260"	"SURF4.O15260"	0.307026040964822	0.591743725320324	0.0328117643969522	-0.429459323565307	0.00806259240085911	0.00978878336759097	1	1	1	1
"SUSD5.O60279"	"SUSD5.O60279"	1.68108843322358e-06	3.13341083051916e-05	0.000246053804356595	-0.681909599872731	0.0755030120672906	0.378974166744523	0.00953849577011057	0.171021563129736	1	1
"SUZ12.Q15022"	"SUZ12.Q15022"	0.143945650283374	0.00153101467309307	0.0284146900467205	0.391525381627232	0.648357244678478	0.00345471037885353	1	1	1	1
"SV2A.Q7L0J3"	"SV2A.Q7L0J3"	0.363219246504969	0.00120010609323051	0.253313209979966	0.183495378837201	0.0248087254729262	0.000113666115469688	1	1	1	0.620389658233559
"SVIL.O95425"	"SVIL.O95425"	0.00177893643434234	0.00387485497980315	0.00323167539324797	-0.397482694852487	0.684396857428591	0.0548104550334048	1	1	1	1
"SVIP.Q8NHG7"	"SVIP.Q8NHG7"	0.499365776041923	0.161778357437717	0.347642445793792	-0.381138615777431	0.31202808943049	0.488080773134236	1	1	1	1
"SWAP70.Q9UH65"	"SWAP70.Q9UH65"	0.43438534875141	0.156776271203089	0.632620892540389	0.0729012194166093	0.383736055890513	0.382817778530793	1	1	1	1
"SYAP1.Q96A49"	"SYAP1.Q96A49"	0.589700976058099	0.0594287633408139	0.9725308343944	0.00469295637209968	0.69361793193886	0.491629409427964	1	1	1	1
"SYDE1.Q6ZW31"	"SYDE1.Q6ZW31"	0.0653767810002547	0.342403338011235	0.267221812726766	-0.440295939273833	0.00160001649398665	0.0248647556396558	1	1	1	1
"SYMPK.Q92797"	"SYMPK.Q92797"	0.190197148740575	0.00528119857190992	0.274520387609259	-0.0706753126889545	0.00120152915949884	0.0444499733501131	1	1	1	1
"SYNCRIP.O60506"	"SYNCRIP.O60506"	0.00149469668913156	0.194251179212532	0.01727110793662	-0.266220428628319	0.0459238891960455	0.458302003945387	1	1	1	1
"SYNE1.Q8NF91"	"SYNE1.Q8NF91"	0.413475066457711	0.567021092537766	0.000260600676921505	-0.585158530011211	0.675436763609846	0.0133195511460358	1	1	1	1
"SYNE2.Q8WXH0"	"SYNE2.Q8WXH0"	0.72080349020062	0.0305252924888264	0.649837396962768	0.0797010945456746	0.143486019398437	0.00236100603242715	1	1	1	1
"SYNGR1.O43759"	"SYNGR1.O43759"	0.376667369191573	0.28991463946915	0.0823477250482792	-0.836011684027229	0.104066085523607	0.0251593741401352	1	1	1	1
"SYNJ2BP.P57105"	"SYNJ2BP.P57105"	4.387489253012e-05	7.21558850548442e-05	2.01440532485726e-06	-1.03149753782307	0.000231761402637981	0.026673243330702	0.238196791546021	0.387621414514623	1	1
"SYNPO.Q8N3V7.2"	"SYNPO.Q8N3V7.2"	0.0180105158364051	0.064358360024552	0.00608123134202735	-0.300671278271822	0.0203250726838146	0.286882538186188	1	1	1	1
"SYNRG.Q9UMZ2"	"SYNRG.Q9UMZ2"	0.610098115527917	0.414854006926522	0.0919868174623008	-0.167972503531489	0.0635413894838096	0.027300032633502	1	1	1	1
"SYPL1.Q16563.2"	"SYPL1.Q16563.2"	0.729684187096244	0.174967998961448	0.692214374862383	0.0726765930162191	0.449772008689803	0.0807337580379634	1	1	1	1
"SYVN1.Q86TM6"	"SYVN1.Q86TM6"	0.0356301802618117	0.388011564244319	7.64070908092321e-07	-1.27473563290339	0.0285427330851933	0.20964007141794	1	1	1	1
"SZRD1.Q7Z422"	"SZRD1.Q7Z422"	0.886664097010076	0.353904769224759	0.298181991706434	0.304604207358945	0.847481674054549	0.124200864825616	1	1	1	1
"TAB1.Q15750"	"TAB1.Q15750"	0.943797622332691	0.057758375659246	0.0523727128486007	-0.220796207832546	0.245140850139193	0.913089577935807	1	1	1	1
"TAB2.Q9NYJ8"	"TAB2.Q9NYJ8"	0.557931873235713	0.919118998188647	0.452811261015611	0.14726289941466	0.457672182400866	0.0109355165038933	1	1	1	1
"TACC1.O75410"	"TACC1.O75410"	0.100880592998135	0.00597086047906461	0.00600873402728395	0.280632717405961	0.0521518788772045	0.906474208954314	1	1	1	1
"TACC3.Q9Y6A5"	"TACC3.Q9Y6A5"	0.399249435445987	0.0157222727658945	0.00466700198335212	0.441338730667692	0.890881664637445	0.047218683056747	1	1	1	1
"TACO1.Q9BSH4"	"TACO1.Q9BSH4"	0.295429820440564	0.00221576950377425	0.310784000371423	-0.171027548666713	0.840425577500862	0.880265250804045	1	1	1	1
"TADA1.Q96BN2"	"TADA1.Q96BN2"	0.258996055865522	0.218617975834283	0.382397021549882	-0.226999485131513	0.320737056676495	0.0177807428154077	1	1	1	1
"TADA2B.Q86TJ2"	"TADA2B.Q86TJ2"	0.355909320870042	0.880221992497326	0.664658753245359	0.27249648922963	0.580626465951615	0.449102358905293	1	1	1	1
"TAF10.Q12962"	"TAF10.Q12962"	0.567625405575143	0.889382181843914	0.101741810937569	0.426364144180983	0.107281488673247	0.738679240924719	1	1	1	1
"TAF12.Q16514"	"TAF12.Q16514"	0.200888163079082	0.0247685385224915	0.390690240101286	-0.181794570595547	0.112032520462982	0.224958296282211	1	1	1	1
"TAF15.Q92804"	"TAF15.Q92804"	0.991085645413099	0.256887179900706	0.564405015198752	-0.156192818819786	0.17858166554807	0.237919542353989	1	1	1	1
"TAF2.Q6P1X5"	"TAF2.Q6P1X5"	0.296744212638023	0.920624237529671	0.379544835500913	0.17168455000239	0.794649381768983	0.199391679236473	1	1	1	1
"TAF4.O00268"	"TAF4.O00268"	0.607644134966785	0.0983324081959404	0.744655234313401	-0.0860117316358246	0.373647580546496	0.0103667883747156	1	1	1	1
"TAF5.Q15542"	"TAF5.Q15542"	0.69809061092436	0.278357100408735	0.738897849943714	0.0574726763888625	0.998100022864646	0.450318008959379	1	1	1	1
"TAF6L.Q9Y6J9"	"TAF6L.Q9Y6J9"	0.00129123659988995	0.0489270836256502	0.938990371934454	0.0160343607836516	0.000339905202296772	0.00352085159781347	1	1	1	1
"TAF6.P49848"	"TAF6.P49848"	0.0174317126840517	0.640274746231995	0.243133111286089	-0.117337564543005	0.66126751404501	0.156320854327333	1	1	1	1
"TAF7.Q15545"	"TAF7.Q15545"	0.787454053826071	0.0758469236738578	0.602011490103323	-0.161737369322542	0.840594293084067	0.0820977955312427	1	1	1	1
"TAF8.Q7Z7C8"	"TAF8.Q7Z7C8"	0.00489971951022177	0.335835010610224	0.18250480551459	-0.270704827049264	0.738662581834849	0.19043563419951	1	1	1	1
"TAGLN2.P37802"	"TAGLN2.P37802"	0.709662673039431	0.0684439358180567	0.400772284367308	0.17739231927803	0.907839663013677	0.0769478774189076	1	1	1	1
"TAGLN.Q01995"	"TAGLN.Q01995"	0.0316610199238087	0.695365057220269	0.0188361305636561	-0.400238650277804	0.198592029278493	0.485482305208106	1	1	1	1
"TALDO1.P37837"	"TALDO1.P37837"	0.965408204995673	0.0221627145527033	0.755172517089353	0.0473726536016423	0.768788966774433	0.827139340242126	1	1	1	1
"TAMM41.Q96BW9"	"TAMM41.Q96BW9"	0.76148207328341	0.0419369672110371	0.35208405914995	-0.196439125708526	0.534909721963483	5.48702531001557e-06	1	1	1	0.0313967588239091
"TANGO6.Q9C0B7"	"TANGO6.Q9C0B7"	0.858566493108398	0.26549061873667	0.861547710430374	-0.058803768695607	0.869305619578158	0.709551238866639	1	1	1	1
"TAOK1.Q7L7X3"	"TAOK1.Q7L7X3"	0.0681145669036346	0.756046694021202	0.895271658183963	0.0186474239976913	0.114008961960581	0.669020698335057	1	1	1	1
"TAP1.Q03518"	"TAP1.Q03518"	0.00797367409336635	0.21278819566508	1.3312800734036e-05	-0.925367856267147	0.00931542176746429	2.59353576781225e-06	1	1	1	0.0149335789510629
"TAP2.Q03519"	"TAP2.Q03519"	0.00707780617202754	3.36780870898917e-05	0.0247384953867111	-0.290500804791167	0.241566765193636	0.0133681964768878	1	0.183579252727	1	1
"TAPBP.O15533"	"TAPBP.O15533"	0.784971697916198	0.00391341717768577	0.673548402749671	0.0685511662964366	0.332848972592236	0.398382045483874	1	1	1	1
"TARBP2.Q15633"	"TARBP2.Q15633"	0.925454809535594	0.202342233937789	0.391461543810915	0.0977870002713276	0.490387838865957	0.0300312293133891	1	1	1	1
"TARDBP.Q13148"	"TARDBP.Q13148"	0.105848265803525	0.668911312714214	0.0579663008879666	-0.291924220742897	0.116430485840102	0.00852505739611063	1	1	1	1
"TARS1.P26639"	"TARS1.P26639"	0.342607116417505	0.67319753724978	0.129109099094547	-0.319913388442418	0.0886681905757104	0.736616591722389	1	1	1	1
"TARS2.Q9BW92"	"TARS2.Q9BW92"	0.775441535064766	0.954543605424215	0.570654942812824	-0.0727890463492242	0.14061356174515	0.000557157474715856	1	1	1	1
"TARS3.A2RTX5"	"TARS3.A2RTX5"	0.237242347648669	0.0122532880345654	0.0147386542692512	0.851599597825438	0.0797339422983268	0.0172494824799358	1	1	1	1
"TASOR2.Q5VWN6"	"TASOR2.Q5VWN6"	0.903965458660768	0.655973527678992	0.809891053925498	0.0382527397095965	0.784366997086567	0.0689459078844036	1	1	1	1
"TASOR.Q9UK61"	"TASOR.Q9UK61"	0.0395874562195092	0.0976483764151342	0.126661342703039	0.398726244999489	0.0165658544114851	0.0556511151347705	1	1	1	1
"TATDN1.Q6P1N9"	"TATDN1.Q6P1N9"	0.23056599332085	0.469440416928301	0.0524688359299246	-0.178067750122134	0.267035123617346	0.0417463371133198	1	1	1	1
"TATDN3.Q17R31"	"TATDN3.Q17R31"	0.371624271599453	0.700159080728599	0.878624006621174	-0.0416689408263672	0.636239480972612	0.585406660159022	1	1	1	1
"TAX1BP1.Q86VP1"	"TAX1BP1.Q86VP1"	0.611134691734072	0.95918441302847	0.562837063476962	-0.123853193841999	0.114537730541769	0.47058229509551	1	1	1	1
"TAX1BP3.O14907"	"TAX1BP3.O14907"	0.0586992003512651	0.0993470455260217	0.448324927729215	0.156043030615146	0.35218593092769	0.876722313319747	1	1	1	1
"TBC1D10A.Q9BXI6"	"TBC1D10A.Q9BXI6"	0.20783134643436	0.539404407065573	0.11725875407864	-0.425829872250551	0.445346812025197	0.632609256858054	1	1	1	1
"TBC1D10B.Q4KMP7"	"TBC1D10B.Q4KMP7"	0.202245546328106	0.482253411197158	0.24823298702928	0.406521456685796	0.731472144879599	0.508672659782633	1	1	1	1
"TBC1D13.Q9NVG8"	"TBC1D13.Q9NVG8"	0.728014023326992	0.240937606566477	0.558973787555681	-0.115419991020812	0.188612248968431	0.146309806959054	1	1	1	1
"TBC1D15.Q8TC07"	"TBC1D15.Q8TC07"	0.214392791212518	0.166559408344314	0.00343596458719558	-0.279973960613316	0.848736179743391	0.405942539154602	1	1	1	1
"TBC1D1.Q86TI0"	"TBC1D1.Q86TI0"	0.905550591852716	0.0280055321810839	0.0900494890877168	0.439520542165505	0.284027245341729	0.833041254857063	1	1	1	1
"TBC1D22A.Q8WUA7"	"TBC1D22A.Q8WUA7"	0.192624216663866	0.501049642692874	0.936390206789052	0.0148354992399916	0.381182948275521	0.0166201650785292	1	1	1	1
"TBC1D23.Q9NUY8"	"TBC1D23.Q9NUY8"	0.383926143028045	0.0189215519604625	0.0113609752113524	0.428353333579802	0.200768148623927	0.237663341891409	1	1	1	1
"TBC1D25.Q3MII6"	"TBC1D25.Q3MII6"	0.600114584075099	0.00354163833508165	0.397600550939651	0.218168006871394	0.0111317420330754	0.778209607877858	1	1	1	1
"TBC1D2B.Q9UPU7"	"TBC1D2B.Q9UPU7"	0.0140201144653606	0.474329091383435	0.456635621923088	-0.149182691647299	0.0260277835917219	0.874348968623061	1	1	1	1
"TBC1D4.O60343"	"TBC1D4.O60343"	0.000333286926775643	0.000341541078176905	0.000922814178011139	0.489337271269161	0.884562296350806	0.362167395642987	1	1	1	1
"TBC1D5.Q92609"	"TBC1D5.Q92609"	0.0727611245907071	0.0222108811255345	0.271733227657365	0.175448727303087	0.00973322504668935	0.650613329297504	1	1	1	1
"TBC1D9B.Q66K14"	"TBC1D9B.Q66K14"	0.643106384626392	0.0950466691740161	0.487973197525579	0.253664042216526	0.207950627680796	0.416650030201638	1	1	1	1
"TBCA.O75347"	"TBCA.O75347"	0.400926451711978	0.0255144176044891	0.350438594678457	0.218947835106023	0.90832927913046	0.249486352464449	1	1	1	1
"TBCB.Q99426"	"TBCB.Q99426"	0.143341368118348	0.0153681261864123	0.326206981307301	0.273442691458076	0.316645070777021	0.639369288097427	1	1	1	1
"TBCC.Q15814"	"TBCC.Q15814"	0.633835357083775	0.612415312644911	0.584327926753956	-0.197131564703974	0.0697073204784606	0.16706808674412	1	1	1	1
"TBCD.Q9BTW9"	"TBCD.Q9BTW9"	2.00733956748975e-07	3.54468379134826e-08	3.38012637138618e-09	-0.875829992751053	0.261318978932878	0.0120949982350131	0.00115763272857134	0.000205520766222372	1	1
"TBCE.Q15813"	"TBCE.Q15813"	0.587457923391652	3.30820111487793e-06	0.972914903327234	0.00270486517309914	0.23775501461681	0.482399731921321	1	0.0186814116957157	1	1
"TBK1.Q9UHD2"	"TBK1.Q9UHD2"	0.521292268557329	0.00331368555822603	0.220974618970771	0.164349312518522	0.687140033998137	0.390379027863656	1	1	1	1
"TBL1XR1.Q9BZK7"	"TBL1XR1.Q9BZK7"	0.284832489604861	0.000408364850828788	0.00858394258907527	0.234291138174173	0.511668552881638	0.179472295086872	1	1	1	1
"TBL2.Q9Y4P3"	"TBL2.Q9Y4P3"	0.320367483748796	0.693626079695281	0.0998105422948835	-0.199107312687486	0.0845328401578906	1.67659461693913e-05	1	1	1	0.0946772980185524
"TBL3.Q12788"	"TBL3.Q12788"	0.000165205438773988	1.50991292758526e-05	0.00649380805552592	-0.19798437777763	0.572421664206842	2.30328939795005e-05	0.872284716726655	0.0833622927319825	1	0.129606094422649
"TBPL1.P62380"	"TBPL1.P62380"	0.0114224708572976	0.0185853258499347	0.970474837864831	0.0120423234496108	0.544967118296299	0.195252443586876	1	1	1	1
"TBRG4.Q969Z0"	"TBRG4.Q969Z0"	0.00446662835307468	0.0237581585676672	0.0020876474556037	0.47373921473522	0.77386660748864	0.0390199644803296	1	1	1	1
"TCAF1.Q9Y4C2"	"TCAF1.Q9Y4C2"	0.665767762187847	0.293077745784473	1.68315499141805e-06	0.530242535082205	0.016020566227757	0.0033588180785526	1	1	1	1
"TCEA1.P23193"	"TCEA1.P23193"	0.0348261050277636	0.0579015295398819	0.0914711759106791	-0.263032424093682	0.515526401074512	0.0251573279963324	1	1	1	1
"TCERG1.O14776"	"TCERG1.O14776"	4.36277231560184e-05	0.000755222084996206	0.000752164717374747	-0.347879351193764	0.915944997548969	0.101803470790943	0.23689853673718	1	1	1
"TCF12.Q99081"	"TCF12.Q99081"	8.1608454991385e-06	7.92619261484409e-05	2.26247293942914e-10	1.47958828236083	0.0390551461418571	0.0177341036515609	0.0453906226662083	0.425240233786386	1	1
"TCF20.Q9UGU0"	"TCF20.Q9UGU0"	0.762688291275929	0.0204782830658057	0.585981424161633	-0.0691540658160317	0.845681969100661	0.334294996111277	1	1	1	1
"TCF25.Q9BQ70"	"TCF25.Q9BQ70"	2.09761804682783e-05	0.00066657546635316	1.85389060991761e-11	1.18244925402469	0.132769172338806	0.411570121780635	0.115410944936467	1	1	1
"TCIRG1.Q13488"	"TCIRG1.Q13488"	0.483711607642089	0.000919341732607559	0.00226793223896373	0.46326575599465	0.0452109393618209	5.44061273976029e-06	1	1	1	0.0311366267096481
"TCOF1.Q13428"	"TCOF1.Q13428"	0.386851617812243	0.671618966473194	0.38985874467263	-0.139156287652599	0.1710969047915	0.401080770456865	1	1	1	1
"TCOF1.Q13428.7"	"TCOF1.Q13428.7"	0.0378918480267987	0.329271855092247	0.984814573497201	-0.00421589928266013	0.942026126958242	0.55841862283729	1	1	1	1
"TCP11L1.Q9NUJ3"	"TCP11L1.Q9NUJ3"	0.885628820118128	0.141395274631366	0.648909008842491	-0.176121106696887	0.461042992550667	0.0264260354451444	1	1	1	1
"TCP1.P17987"	"TCP1.P17987"	0.311680505642929	0.0777113928138326	0.457465691853339	-0.188678430587377	0.032843789279306	0.198402219994881	1	1	1	1
"TEAD1.P28347"	"TEAD1.P28347"	0.280516240845081	0.188164333062567	0.00558398439565573	0.792580938324424	0.805937855297688	0.251692382414493	1	1	1	1
"TEAD4.Q15561"	"TEAD4.Q15561"	0.0913292696709101	0.571847473151234	0.4115684491409	0.265807198764921	0.659832607962834	0.863626863743719	1	1	1	1
"TECR.Q9NZ01"	"TECR.Q9NZ01"	0.0412522550874773	0.946550289298254	0.380578432152761	0.129261822412013	0.21119529363628	0.00330272726531263	1	1	1	1
"TEFM.Q96QE5"	"TEFM.Q96QE5"	0.27612053201234	0.259052434524423	0.511944774581662	0.301833464644113	0.535340912020122	0.412722219619116	1	1	1	1
"TELO2.Q9Y4R8"	"TELO2.Q9Y4R8"	0.427402892878808	0.0127167902028791	0.0174426355152783	0.77017901688975	0.165008324156704	0.364410999229861	1	1	1	1
"TENM2.Q9NT68"	"TENM2.Q9NT68"	0.375809536109621	0.00520690225852771	1.67022909778847e-08	1.00883495312895	0.952285477862103	0.500612859188779	1	1	1	1
"TENM3.Q9P273"	"TENM3.Q9P273"	0.010275589515592	0.0703637753922098	0.00118088818010303	0.380178786197825	0.243907152917194	0.00154725652085359	1	1	1	1
"TENT4B.Q8NDF8.5"	"TENT4B.Q8NDF8.5"	0.899771124853842	0.350776693115203	0.717648256639089	-0.048393249415277	0.0692112084633735	0.0114941514542478	1	1	1	1
"TEPSIN.Q96N21"	"TEPSIN.Q96N21"	0.0237560379931637	0.00164775299370382	0.030746521251193	-0.503057733868297	0.449794597066928	0.00129354003382665	1	1	1	1
"TERF2IP.Q9NYB0"	"TERF2IP.Q9NYB0"	0.767453958171309	0.541999167348289	0.219234327150431	-0.232513167259111	0.388543227911856	0.695625016097321	1	1	1	1
"TERF2.Q15554"	"TERF2.Q15554"	0.412117511237609	0.0826996411379023	0.270673222700592	-0.124423040907304	0.70714704408532	0.0193092761395493	1	1	1	1
"TEX10.Q9NXF1"	"TEX10.Q9NXF1"	0.226524198445962	0.561625134798635	0.372507999795197	-0.135577333121113	0.00230941252779614	0.00038620075206974	1	1	1	1
"TEX264.Q9Y6I9"	"TEX264.Q9Y6I9"	2.4506305702418e-07	5.57790451010675e-10	0.000118981542196331	-0.464319382489654	0.986226740105674	0.3551367765211	0.00141131814540225	3.26809425247154e-06	1	1
"TFAM.Q00059"	"TFAM.Q00059"	0.558161677972688	0.896383537075615	0.821491178866909	-0.0767047715335281	0.51736689517569	0.301376724605782	1	1	1	1
"TFAP4.Q01664"	"TFAP4.Q01664"	0.918409217195741	0.625143674175584	0.00109219834227924	1.03011368545308	0.126012955333737	0.267563431358102	1	1	1	1
"TFB1M.Q8WVM0"	"TFB1M.Q8WVM0"	0.600578113367912	0.0264337395440354	0.329401488586103	-0.196100673592779	0.093729152431267	0.132950131780728	1	1	1	1
"TFB2M.Q9H5Q4"	"TFB2M.Q9H5Q4"	0.0899968211976373	0.269808604250299	0.459575895287541	-0.117536002237877	0.612895250735562	0.0135614806572244	1	1	1	1
"TFCP2.Q12800"	"TFCP2.Q12800"	0.00225813102512958	0.190489018612795	0.00282306781008939	-0.52261705971954	0.019328427286471	0.909652651515808	1	1	1	1
"TFDP1.Q14186"	"TFDP1.Q14186"	0.177679132828063	0.370997621089851	0.0112517058972052	0.760001510889516	0.680801773586521	0.454822198892057	1	1	1	1
"TFG.Q92734"	"TFG.Q92734"	0.085863402449736	0.0377120127337059	0.553605280082639	0.0634462961544056	0.0584325968715357	0.0218177745131737	1	1	1	1
"TFIP11.Q9UBB9"	"TFIP11.Q9UBB9"	0.936951183435336	0.841338127289012	0.494554928230448	0.0812580844189347	0.631276263760412	0.0402835100494676	1	1	1	1
"TFPI2.P48307"	"TFPI2.P48307"	0.0011265043281647	0.934082708296474	0.000212580299787667	-2.48561583426942	0.17780280089618	0.492223562131535	1	1	1	1
"TFRC.P02786"	"TFRC.P02786"	9.80715483747265e-05	0.00314598996176396	0.00324934333562232	-0.601433276183132	0.051450331738488	0.101237885075461	0.523407853675915	1	1	1
"TGFB1I1.O43294"	"TGFB1I1.O43294"	0.0708864079199308	0.0887224659222262	0.0151944170594248	-0.33164810470814	0.219902260352541	0.154917445512962	1	1	1	1
"TGFB1.P01137"	"TGFB1.P01137"	0.219601039109158	0.145610091702832	0.617305775162176	-0.107103138661068	0.251138393797415	0.0583148062945291	1	1	1	1
"TGFB2.P61812"	"TGFB2.P61812"	0.00332340482317541	0.0866822755625114	8.55283408199004e-06	-1.1521542874139	0.173555491706182	7.13300660628143e-06	1	1	1	0.0406866696822293
"TGFBR1.P36897"	"TGFBR1.P36897"	0.000892196202723433	0.320901458869825	0.690301664618774	-0.0670921580059744	0.424852384131638	0.00573017560468452	1	1	1	1
"TGIF1.Q15583"	"TGIF1.Q15583"	0.00105923474213297	0.30861467255418	0.0991814758432665	0.710006936582165	0.282563019017257	0.177650590410408	1	1	1	1
"TGIF2LY.Q8IUE0"	"TGIF2LY.Q8IUE0"	0.00336392828943092	0.40009361142253	0.00248023831086998	-0.435256597952378	0.731863577359351	0.381927563310814	1	1	1	1
"TGM2.P21980"	"TGM2.P21980"	1.81520585074887e-17	7.54394502546469e-16	9.2978081971071e-17	-1.32739924492511	0.17937091223655	0.0315588341637841	1.07133449311198e-13	4.45092756502417e-12	1	1
"TGOLN2.O43493"	"TGOLN2.O43493"	0.0750743627205479	0.126919437389234	0.0292436677107138	0.377019316966719	0.19057837859051	0.0811738721960617	1	1	1	1
"THADA.Q6YHU6"	"THADA.Q6YHU6"	0.491371251907722	0.769020743529599	0.0200692941189265	-0.415376984149994	0.479429356330224	0.769612123217608	1	1	1	1
"THAP12.O43422"	"THAP12.O43422"	0.0316028159830354	0.266925972585063	0.707740130838538	0.0412360942546327	0.169210882339504	0.0566808521687397	1	1	1	1
"THBS1.P07996"	"THBS1.P07996"	2.70756308508041e-21	1.02533129154291e-14	1.48861683989842e-12	-1.16464759977697	3.53534437961232e-05	0.000155090225380485	1.59827448912296e-17	6.0484292888116e-11	0.207524715083243	0.838262668181523
"THG1L.Q9NWX6"	"THG1L.Q9NWX6"	0.26113500325559	0.796399518045944	0.214652579521144	0.21973010379369	0.00101276149418479	0.862575758446528	1	1	1	1
"THNSL1.Q8IYQ7"	"THNSL1.Q8IYQ7"	0.946616637488431	0.173129036507919	0.158213813230359	0.537486862928122	0.535854071532889	0.223088906566186	1	1	1	1
"THOC1.Q96FV9"	"THOC1.Q96FV9"	0.378919917792682	0.240373444413243	0.594148925360165	-0.0811335389629187	0.441509852695706	0.802368741971485	1	1	1	1
"THOC2.Q8NI27"	"THOC2.Q8NI27"	0.840424896373186	0.558811844165283	0.944050800928057	0.0079227190951858	0.69082226925392	0.000114329247105987	1	1	1	0.623780372210264
"THOC3.Q96J01"	"THOC3.Q96J01"	0.733052020207824	0.895235393567956	0.0863256557110843	0.164656169547869	0.163201708366984	0.229697561133413	1	1	1	1
"THOC5.Q13769"	"THOC5.Q13769"	0.150198259031832	0.0235510147076344	0.798536466848835	-0.0248197037778302	0.650956226814888	2.96719397019905e-06	1	1	1	0.0170672997165849
"THOC6.Q86W42"	"THOC6.Q86W42"	0.807407031471977	0.882084684834636	0.593252648380962	0.0562386188591698	0.19689069464697	0.562291041495952	1	1	1	1
"THOC7.Q6I9Y2"	"THOC7.Q6I9Y2"	0.00516394725390891	0.103940864472083	0.289231114829766	-0.21148927402445	0.474769853424012	0.0190865629386131	1	1	1	1
"THOP1.P52888"	"THOP1.P52888"	0.870170000859813	0.643988590778138	0.967881873321501	0.00510369227454018	0.97846635032112	0.00335856277054146	1	1	1	1
"THRAP3.Q9Y2W1"	"THRAP3.Q9Y2W1"	0.215010179692147	0.018313409789277	0.0435795900076743	-0.113678772408485	0.0552453727005069	0.486665957720108	1	1	1	1
"THUMPD1.Q9NXG2"	"THUMPD1.Q9NXG2"	0.374653844099523	0.0672364994962776	0.028017993908999	-0.196015298562175	0.622178968891029	0.303913118495969	1	1	1	1
"THUMPD3.Q9BV44"	"THUMPD3.Q9BV44"	0.989594718184566	0.432774623111585	0.583422822041278	-0.127688620895332	0.172173797667118	0.126298795203645	1	1	1	1
"THY1.P04216"	"THY1.P04216"	0.130649980989006	3.53984652411212e-06	4.49224451331583e-05	0.518416463114755	0.0904370590361374	3.28599818391278e-06	1	0.0199647343959923	1	0.0188879175611307
"THYN1.Q9P016"	"THYN1.Q9P016"	2.17291443418969e-09	8.05876257667666e-08	1.26143326239493e-08	-0.993691141387573	0.0955778373932644	0.394593120822275	1.26941661245361e-05	0.000465877064557678	1	1
"TIA1.P31483"	"TIA1.P31483"	2.66232835415779e-06	1.19120216151522e-05	3.42972028802682e-09	-0.743453503933747	0.00476079015451102	0.00904131982856722	0.0150634538278248	0.0661103600071151	1	1
"TIAL1.Q01085"	"TIAL1.Q01085"	0.780723906735984	0.985962529669661	0.290772658252666	-0.125901234728541	0.430035956973038	0.249213932709968	1	1	1	1
"TIAL1.Q01085.2"	"TIAL1.Q01085.2"	0.0376639176454118	0.449064778009049	0.390259367175394	-0.143097118354539	0.89979536520464	0.315173937788034	1	1	1	1
"TICAM2.Q86XR7.2"	"TICAM2.Q86XR7.2"	0.362539370293654	0.0910720165187251	2.22103993142827e-05	-0.567982768323098	0.953017398819117	8.99356401486911e-05	1	1	1	0.493746664416314
"TIGAR.Q9NQ88"	"TIGAR.Q9NQ88"	0.00279303735398695	0.0790023664934418	0.0618249246662569	0.170174016939729	0.493647886109166	2.90285693661521e-06	1	1	1	0.0167059416702205
"TIMELESS.Q9UNS1"	"TIMELESS.Q9UNS1"	0.0615085324134065	0.0152185107693862	1.35248739056498e-05	0.773796380243546	0.101061586899005	0.352033430259441	1	1	1	1
"TIMM10B.Q9Y5J6"	"TIMM10B.Q9Y5J6"	8.9782553549003e-05	0.000737616681080024	4.13600740393959e-06	-0.83591793133076	0.898806329595103	0.000171092202819686	0.479887748719421	1	1	0.921160419981187
"TIMM10.P62072"	"TIMM10.P62072"	0.595159611104534	0.590813648217937	0.133392440343737	-0.463724092346273	0.140697235937946	0.0443369997611825	1	1	1	1
"TIMM13.Q9Y5L4"	"TIMM13.Q9Y5L4"	0.160446395926705	0.335650887350061	0.27933876104563	-0.26523181563455	0.30865178608241	0.138905327355169	1	1	1	1
"TIMM17A.Q99595"	"TIMM17A.Q99595"	0.314075065903928	0.944619437732329	0.749029748347343	0.0965041585770817	0.726142738151705	0.133557505553819	1	1	1	1
"TIMM17B.O60830"	"TIMM17B.O60830"	0.0503330584295868	0.514477938758953	0.882138610492911	-0.0394896284761696	0.478024190361569	0.568163320939721	1	1	1	1
"TIMM21.Q9BVV7"	"TIMM21.Q9BVV7"	0.78852014639614	0.954246191447702	0.30577940857714	-0.282646382361725	0.0705452085061823	0.0428160054488686	1	1	1	1
"TIMM22.Q9Y584"	"TIMM22.Q9Y584"	0.948318828455946	0.0625978354613396	0.00363830425240034	-1.12847487717956	0.00156304183530614	0.328140449113559	1	1	1	1
"TIMM23.O14925"	"TIMM23.O14925"	0.282211585176265	0.998248386006623	0.369395108977913	0.273990288707562	0.0154581245213408	0.14133479835801	1	1	1	1
"TIMM29.Q9BSF4"	"TIMM29.Q9BSF4"	0.244896913017557	0.00309975562153819	0.143567187966584	-0.250482260024811	0.15747426634172	0.0382235175689083	1	1	1	1
"TIMM44.O43615"	"TIMM44.O43615"	0.175014334427904	0.210814801246012	0.0351081582420891	-0.329083822454922	0.145098765140354	0.0481418376214761	1	1	1	1
"TIMM50.Q3ZCQ8"	"TIMM50.Q3ZCQ8"	0.019638699429412	6.02720241615323e-05	0.00943175980146429	-0.207527821172149	0.513084979548004	0.560173651609396	1	0.324625122134013	1	1
"TIMM8A.O60220"	"TIMM8A.O60220"	0.0450478413215994	0.11119935272465	0.274905086032129	-0.254812297699522	0.810379742911251	0.625789230875617	1	1	1	1
"TIMM8B.Q9Y5J9"	"TIMM8B.Q9Y5J9"	0.0222759450921602	0.000249651824905756	0.0106869001442264	0.468479620275626	0.289671380381578	3.90203138922389e-06	1	1	1	0.0223820520485882
"TIMM9.Q9Y5J7"	"TIMM9.Q9Y5J7"	0.0242497346912116	0.0336910769182079	0.000328729640853862	-0.461535237640521	0.927564856094929	0.00164485511483843	1	1	1	1
"TIMMDC1.Q9NPL8"	"TIMMDC1.Q9NPL8"	0.174048957052792	0.00515159391726824	0.0507702974186319	-0.260286146764501	0.0582204123088264	0.00195085532044676	1	1	1	1
"TIMP1.P01033"	"TIMP1.P01033"	3.5299660250183e-10	0.0104144367326012	1.49933431564489e-12	-1.87609616775325	0.525055855811609	0.143262125295414	2.07103106687823e-06	1	1	1
"TINAGL1.Q9GZM7"	"TINAGL1.Q9GZM7"	3.45907158580094e-06	0.881260919275141	2.25501393628638e-06	-1.34485179528816	0.403036156043868	0.130808602293477	0.0194918683859883	1	1	1
"TIPIN.Q9BVW5"	"TIPIN.Q9BVW5"	0.151365457098529	0.143988032919678	0.00770990130256782	0.635512405162608	0.756243357835722	0.405504874100765	1	1	1	1
"TIPRL.O75663"	"TIPRL.O75663"	0.0832754156844916	0.00173937086736292	0.296248557592687	0.110460441137365	0.754682193402226	0.0165456289995594	1	1	1	1
"TJAP1.Q5JTD0"	"TJAP1.Q5JTD0"	0.907254188931054	0.176817517775336	0.469649885002399	-0.101170244899431	0.0472326984916812	0.0269932731357426	1	1	1	1
"TJP1.Q07157"	"TJP1.Q07157"	0.0876670340087384	0.272560270785709	0.26303157132474	-0.0858608152403525	0.00641851511885151	0.196615603669379	1	1	1	1
"TJP2.Q9UDY2"	"TJP2.Q9UDY2"	3.02951664066762e-05	0.00149451306506913	4.41032813852038e-06	-0.525715398950953	0.450527796405882	0.0719739596265873	0.165593379578892	1	1	1
"TK1.P04183"	"TK1.P04183"	0.364081711642199	0.293009003848411	0.539697617988387	0.119743495532977	0.535470157847762	0.277075109871413	1	1	1	1
"TKFC.Q3LXA3"	"TKFC.Q3LXA3"	1.76659364633508e-06	0.000200294992048505	0.0203552083696645	0.235610770953259	0.352954064024808	0.026887538631301	0.0100218857556589	1	1	1
"TKT.P29401"	"TKT.P29401"	0.272125825881337	0.0295388707304648	0.017584728106634	-0.158799285752392	0.469387067751091	0.000893935625906993	1	1	1	1
"TLCD1.Q96CP7"	"TLCD1.Q96CP7"	0.149110795272963	0.578234240475086	0.142991414112225	-0.332995631026109	0.423639283980142	7.97425275160675e-05	1	1	1	0.438743386393403
"TLE3.Q04726"	"TLE3.Q04726"	0.0714859004928376	9.46847057008196e-06	6.60036924427647e-06	0.438583042930071	0.00162120965919719	0.413189111580581	1	0.0527488495459266	1	1
"TLK2.Q86UE8"	"TLK2.Q86UE8"	0.176223277751873	0.265238554462864	0.203276614932458	-0.317104851986153	0.365232166399644	0.18852743333756	1	1	1	1
"TLN1.Q9Y490"	"TLN1.Q9Y490"	0.335640295716645	0.386050646709	0.00289414275490432	-0.279465594286876	0.0889922418904636	0.245511712200445	1	1	1	1
"TLN2.Q9Y4G6"	"TLN2.Q9Y4G6"	0.159549940572321	0.00117792779771122	0.282480490689187	0.163149603098463	0.351399260308412	0.926249704346963	1	1	1	1
"TM9SF2.Q99805"	"TM9SF2.Q99805"	0.010104518622415	0.414459406646226	0.0775940996247881	0.158876169145122	0.743074550003455	0.016038106573314	1	1	1	1
"TM9SF3.Q9HD45"	"TM9SF3.Q9HD45"	0.0270350934896449	0.00522077353951794	0.00386699590831389	-0.381729588341192	0.0437423078591159	0.00193051490716707	1	1	1	1
"TM9SF4.Q92544"	"TM9SF4.Q92544"	0.52664718408858	0.415213069462711	0.0798116358594132	0.382657406012948	0.0401408350597473	0.574065784123649	1	1	1	1
"TMA16.Q96EY4"	"TMA16.Q96EY4"	0.272968799374514	0.0759487092440996	0.0194117838606979	0.417580893695882	0.03789285236911	0.516283995976365	1	1	1	1
"TMA7.Q9Y2S6"	"TMA7.Q9Y2S6"	0.00759376456717321	0.00656358358777307	0.00912139985550405	-0.976976818089789	0.90779804461116	0.0998268903172462	1	1	1	1
"TMBIM6.P55061"	"TMBIM6.P55061"	0.00591045050797046	0.241696107008478	0.50302221482338	0.120039159572117	0.680929386801808	0.00206074163593007	1	1	1	1
"TMCO1.Q9UM00"	"TMCO1.Q9UM00"	0.307645352978481	0.837346483586107	0.858378726900897	-0.0558327620261093	0.0560484482024292	0.274697961098302	1	1	1	1
"TMED10.P49755"	"TMED10.P49755"	0.260562806903715	0.493890090328549	0.101019690549121	-0.342960481764441	0.427418819287409	0.834453613588898	1	1	1	1
"TMED1.Q13445"	"TMED1.Q13445"	0.0521157881128602	0.295987122637875	0.837637976337333	0.0197557767332815	0.297729669102722	0.159792788824448	1	1	1	1
"TMED2.Q15363"	"TMED2.Q15363"	0.335586059624167	0.58196649026996	1.18896303643171e-05	-0.555804737608462	0.336638604309716	0.00184932196848535	1	1	1	1
"TMED3.Q9Y3Q3"	"TMED3.Q9Y3Q3"	0.0644496061604156	9.5410943188364e-05	0.317445913484385	0.225751393912251	0.361372350284484	0.000201630901126354	1	0.50968525851224	1	1
"TMED4.Q7Z7H5"	"TMED4.Q7Z7H5"	0.636569253228296	9.84089115639949e-05	7.08263172639072e-05	0.605530014072859	0.097563417451918	0.226700657626838	1	0.525503587751733	1	1
"TMED5.Q9Y3A6"	"TMED5.Q9Y3A6"	0.325970406326762	0.00245549275793554	0.265168992842558	-0.56826470795373	0.64517471939162	0.00176928935027511	1	1	1	1
"TMED9.Q9BVK6"	"TMED9.Q9BVK6"	0.0609840011800492	0.378289022348158	1.0993809244451e-06	-0.696578960866302	0.000431171952973526	0.00059464796057026	1	1	1	1
"TMEM106B.Q9NUM4"	"TMEM106B.Q9NUM4"	0.663841153296934	0.116606825384767	0.122328370692396	-0.224962463018496	0.616029982437112	0.0070346659868572	1	1	1	1
"TMEM109.Q9BVC6"	"TMEM109.Q9BVC6"	0.84133174185623	0.501610542736954	0.805852969816874	-0.197579683418925	0.0248805637364225	0.104162516802311	1	1	1	1
"TMEM11.P17152"	"TMEM11.P17152"	0.971505468305435	0.138706596870719	0.415808124735359	-0.278119175727204	0.0349870919203409	0.620859781583023	1	1	1	1
"TMEM120A.Q9BXJ8"	"TMEM120A.Q9BXJ8"	0.254982470397873	0.292671724303279	0.244407422731071	-0.294032544256504	0.21622373549631	0.167524801905083	1	1	1	1
"TMEM126A.Q9H061"	"TMEM126A.Q9H061"	0.0182702832154909	0.016134309065235	2.3605142829358e-06	-1.23394858554	7.55457381691029e-05	0.000531202227253012	1	1	0.442546934194605	1
"TMEM128.Q5BJH2"	"TMEM128.Q5BJH2"	0.0862304254843006	0.0056010495640207	0.00377778641480068	-1.06744901558467	0.728516682430621	0.822011724258748	1	1	1	1
"TMEM131.Q92545"	"TMEM131.Q92545"	0.234550040990137	0.11004801050414	0.134661406645111	0.312785559400054	0.805631855181477	0.00075208954310399	1	1	1	1
"TMEM132A.Q24JP5"	"TMEM132A.Q24JP5"	0.147900480882916	0.792453472014457	0.00675754646959559	0.522500806208651	0.145038877693536	0.259569375009854	1	1	1	1
"TMEM147.Q9BVK8"	"TMEM147.Q9BVK8"	0.367849319856267	0.560834516741355	0.669997002416433	-0.164251486979799	0.0472312473125271	0.00835095547738648	1	1	1	1
"TMEM14A.Q9Y6G1"	"TMEM14A.Q9Y6G1"	0.0829343495572914	0.0177699277417919	0.602570703431764	-0.152329843702284	0.0132839348555354	0.000118534395020254	1	1	1	0.645775384070341
"TMEM14C.Q9P0S9"	"TMEM14C.Q9P0S9"	0.0141659283850823	0.0196764676446911	0.252445518517066	-0.185456221599787	0.000113486887208946	6.53132781983424e-05	1	1	0.663671316397918	0.360659922211247
"TMEM14DP.A8MWL7"	"TMEM14DP.A8MWL7"	0.488988811278541	0.702825635788273	0.423754912357452	-0.279707866169212	0.00272017339958532	0.00389708200866159	1	1	1	1
"TMEM160.Q9NX00"	"TMEM160.Q9NX00"	0.485864724729017	0.778527665233867	0.980073320234767	0.00647732686612544	0.465186549166639	0.121244963650912	1	1	1	1
"TMEM161A.Q9NX61"	"TMEM161A.Q9NX61"	0.322140319033187	2.65117302003154e-06	0.00377975892646668	-0.978670552860526	0.000298556544900365	5.53804890625897e-09	1	0.0150029881203585	1	3.26357222045841e-05
"TMEM165.Q9HC07"	"TMEM165.Q9HC07"	0.591878458617935	0.333164968887114	0.392523050706969	-0.355029260499507	0.044250226385924	0.0377759906260773	1	1	1	1
"TMEM167A.Q8TBQ9"	"TMEM167A.Q8TBQ9"	0.509024985535343	0.582330897397705	0.750467502993189	-0.33318942165159	0.152312692226055	0.918711775161063	1	1	1	1
"TMEM181.Q9P2C4"	"TMEM181.Q9P2C4"	0.120285036655653	0.251575060447226	0.910045535508116	-0.0215542532344903	0.043799918804498	0.190733276451005	1	1	1	1
"TMEM186.Q96B77"	"TMEM186.Q96B77"	0.714943084004302	0.183499724862734	0.00104774157351376	-1.35868576327232	0.000757880119195712	0.000802625735070739	1	1	1	1
"TMEM192.Q8IY95"	"TMEM192.Q8IY95"	0.054518356291354	0.654411841711133	0.00465569336027582	-1.20605926558701	0.301070252743759	0.120801611515328	1	1	1	1
"TMEM201.Q5SNT2"	"TMEM201.Q5SNT2"	0.00468778268393397	0.269030163699462	0.17275341143962	-0.13988573334615	0.886418954337008	0.00025288375238853	1	1	1	1
"TMEM205.Q6UW68"	"TMEM205.Q6UW68"	0.205196698964855	8.94681791130699e-05	5.48910319730423e-05	-0.732625017559235	0.0714264418688932	0.00397692399602864	1	0.478744226434037	1	1
"TMEM209.Q96SK2"	"TMEM209.Q96SK2"	0.726923242816715	0.0203725025659364	0.0237806203932294	-0.411051503666137	0.176215540101638	7.00392173524699e-06	1	1	1	0.0399713813430546
"TMEM214.Q6NUQ4"	"TMEM214.Q6NUQ4"	0.0163573274966186	2.20063305691378e-05	2.31123376605036e-08	-0.954405496070915	0.0218233712790846	0.000452753027108153	1	0.120858767485705	1	1
"TMEM223.A0PJW6"	"TMEM223.A0PJW6"	0.737379734616258	0.10604197655965	0.204990101515423	-0.261442609818428	0.112669517248733	0.000583356929269029	1	1	1	1
"TMEM231.Q9H6L2"	"TMEM231.Q9H6L2"	0.0522532272988928	0.614407189283774	0.00671332339288571	1.18870183584868	0.987221804194055	0.663570524973159	1	1	1	1
"TMEM237.Q96Q45"	"TMEM237.Q96Q45"	0.0086228636925455	0.916719264510134	0.207629159709226	-0.269846682174701	0.763703697442101	0.0213409493959629	1	1	1	1
"TMEM245.Q9H330"	"TMEM245.Q9H330"	0.795431670055116	0.588189183168501	0.0760929027740466	-0.281458285184173	0.0719137567239816	0.000169114872793975	1	1	1	0.911529164359526
"TMEM256.Q8N2U0"	"TMEM256.Q8N2U0"	0.631581998479709	0.591306658599614	0.0825896976604383	0.726679351649638	0.392525221359211	0.398916113212391	1	1	1	1
"TMEM259.Q4ZIN3"	"TMEM259.Q4ZIN3"	0.228678459781346	0.423113874189682	3.79346265612632e-05	0.622705915849439	0.40836385616284	0.342130597705369	1	1	1	1
"TMEM30A.Q9NV96"	"TMEM30A.Q9NV96"	0.00198144088263213	0.107438878911698	0.00824280028635772	-0.368333575184191	0.488857632911796	0.00380788346304886	1	1	1	1
"TMEM33.P57088"	"TMEM33.P57088"	0.780114183126498	0.340873191988534	0.847341223397286	0.0388077219708269	0.178669714589116	0.0592421805190676	1	1	1	1
"TMEM38B.Q9NVV0"	"TMEM38B.Q9NVV0"	0.00767815573177281	0.12574463127909	0.684331910632546	-0.195453798602231	0.119853721886569	0.042472637648856	1	1	1	1
"TMEM39A.Q9NV64"	"TMEM39A.Q9NV64"	0.535266881838394	0.0871180027932071	0.676780171727372	0.161189278516859	0.598110007688485	0.00748357361965936	1	1	1	1
"TMEM41A.Q96HV5"	"TMEM41A.Q96HV5"	0.257727811402037	0.00098101742339201	0.862596723477717	-0.0441329363770053	0.00267558502614481	2.43014964661182e-08	1	1	1	0.000142844196227843
"TMEM41B.Q5BJD5"	"TMEM41B.Q5BJD5"	0.906232794155791	0.840811716985611	0.000835311947563525	-0.898362822633541	0.766563386504354	0.0100716345549362	1	1	1	1
"TMEM43.Q9BTV4"	"TMEM43.Q9BTV4"	0.0264154121688438	0.00107554426520344	0.000312619056066917	-0.337329540794546	0.436324347647087	1.74686153080872e-06	1	1	1	0.0100933659250128
"TMEM50A.O95807"	"TMEM50A.O95807"	0.221898762232594	0.754433404850044	0.86437803143825	-0.110214441960777	0.525035384803081	0.108094022390145	1	1	1	1
"TMEM63B.Q5T3F8"	"TMEM63B.Q5T3F8"	0.121256185999749	0.548263675573816	0.259836811987592	-0.467873459248674	0.586117467749019	0.112512009150411	1	1	1	1
"TMEM65.Q6PI78"	"TMEM65.Q6PI78"	0.00323079642009653	0.000147526690257893	0.01590370711097	-0.640387161095827	0.523074555324137	0.847010787486528	1	0.782038985057092	1	1
"TMEM69.Q5SWH9"	"TMEM69.Q5SWH9"	0.602729645803155	0.181054391178079	0.0225329403647411	-0.524307370330924	0.516463830018287	0.273427818735944	1	1	1	1
"TMEM70.Q9BUB7"	"TMEM70.Q9BUB7"	0.387038346361257	0.560339412995943	0.699310926791605	-0.0631244788653397	0.494204297089657	0.000212967107027437	1	1	1	1
"TMEM87A.Q8NBN3"	"TMEM87A.Q8NBN3"	0.000176966676384474	0.00181601254073699	7.89197477850026e-05	-0.592275621685791	0.815954244810817	0.0015399315612298	0.932968317898947	1	1	1
"TMEM97.Q5BJF2"	"TMEM97.Q5BJF2"	0.547855064957441	0.68627039600427	0.544605031496151	0.394081458318901	0.136120944242325	0.0693763143492903	1	1	1	1
"TMF1.P82094"	"TMF1.P82094"	0.000981147809571648	0.000826046080261342	0.0243333221655748	-0.386876148445878	0.299201210747458	0.0416493014518583	1	1	1	1
"TMOD3.Q9NYL9"	"TMOD3.Q9NYL9"	0.344584219618169	0.00549359557947731	0.971636843547591	-0.00172945771932786	0.197921437738683	0.0774810713888803	1	1	1	1
"TMPO.P42166"	"TMPO.P42166"	0.0516513960727427	0.0047611367512466	0.0148519918123652	0.518089478207185	0.25982546801535	0.503571293093962	1	1	1	1
"TMPO.P42167"	"TMPO.P42167"	0.485509403559466	0.725767160153114	0.272184922804357	0.218563746376374	0.896112774728074	0.641963638242298	1	1	1	1
"TMPPE.Q6ZT21"	"TMPPE.Q6ZT21"	0.164032984467884	3.58093549063568e-05	0.00566058421899175	-0.869228879720396	0.073384126328293	0.647047672204571	1	0.194946128110206	1	1
"TMSB10.P63313"	"TMSB10.P63313"	0.976305879753236	0.169009116951443	0.0926591415169575	-0.608020729578711	0.324370209980547	0.595794255065384	1	1	1	1
"TMSB4X.P62328"	"TMSB4X.P62328"	0.0525530435871332	0.091399334761652	0.882431454900967	0.0579615453932036	0.398457827400815	0.542769129967888	1	1	1	1
"TMTC3.Q6ZXV5"	"TMTC3.Q6ZXV5"	0.629756473845213	0.209903329267582	0.282171754843765	-0.214101374090301	0.0127890965952137	0.00472054303354341	1	1	1	1
"TMUB1.Q9BVT8"	"TMUB1.Q9BVT8"	0.663257719816989	0.781287673214498	0.9511068026871	-0.0311782919981239	0.904036863583555	0.351607656691006	1	1	1	1
"TMUB2.Q71RG4"	"TMUB2.Q71RG4"	0.489223567117729	0.03243559295687	0.0329127519023773	-0.250789208940103	0.023548022157811	0.613303716090313	1	1	1	1
"TMX1.Q9H3N1"	"TMX1.Q9H3N1"	0.309673728170956	0.384955796418173	0.0282760041952309	-0.302546613030104	0.010161733592153	3.03996275856107e-06	1	1	1	0.0174797858617261
"TMX2.Q9Y320"	"TMX2.Q9Y320"	0.544376221433552	0.674995354172711	0.0118738674116763	-0.582595583247676	0.00612000254546125	0.00142770837310178	1	1	1	1
"TMX3.Q96JJ7"	"TMX3.Q96JJ7"	0.162532186839314	0.40399592168749	0.106720627460914	-0.247876102725289	0.168097004495745	0.00898678727215704	1	1	1	1
"TMX4.Q9H1E5"	"TMX4.Q9H1E5"	0.000718255234312397	0.162138936911003	0.674533687092688	0.16543657487954	0.00045619567786853	0.103625785073052	1	1	1	1
"TNC.P24821"	"TNC.P24821"	0.000168645580284995	0.0297372445607674	2.07100128761597e-13	-2.18114345660902	0.996485692888489	0.0221193997909297	0.890111372744202	1	1	1
"TNFAIP3.P21580"	"TNFAIP3.P21580"	0.91028555669061	1.270157770295e-05	0.359276405013973	-0.39412765485565	0.0831074010214562	4.956182693549e-06	1	0.0703794420520458	1	0.0283890144686487
"TNFRSF10B.O14763"	"TNFRSF10B.O14763"	0.00183502842457897	0.975349150333725	1.30079265593339e-07	-1.32576270706473	0.137258106141884	0.256745242936066	1	1	1	1
"TNFRSF1A.P19438"	"TNFRSF1A.P19438"	9.27646549465799e-06	0.0116458160230539	2.88303054708892e-05	-1.18080692902747	0.000626831700872014	0.071242120200456	0.0514936599608465	1	1	1
"TNIP1.Q15025"	"TNIP1.Q15025"	0.426824132799622	0.00127194188092148	0.964641006208211	-0.0127333232344978	0.260628883903547	0.0238324524624733	1	1	1	1
"TNKS1BP1.Q9C0C2"	"TNKS1BP1.Q9C0C2"	0.36718070396509	0.000316546529305678	0.223304989802059	0.150427161193367	0.949463939157456	0.822345103657157	1	1	1	1
"TNPO1.Q92973"	"TNPO1.Q92973"	0.641612013641485	0.931955182625313	0.0341796658282831	-0.250415731105819	0.0443133072033485	0.827949618965756	1	1	1	1
"TNPO2.O14787"	"TNPO2.O14787"	0.0077966620720721	1.5012776653584e-05	0.0138482910038042	0.309457081373205	0.156035782343482	0.74211281517843	1	0.0829155654577446	1	1
"TNPO3.Q9Y5L0"	"TNPO3.Q9Y5L0"	0.067414893641726	0.0648571001880714	0.953187185525216	0.00585833658494688	0.168446550879955	0.421590730996091	1	1	1	1
"TNRC6A.Q8NDV7"	"TNRC6A.Q8NDV7"	0.993081208431149	0.723509977088205	0.0159373035444464	0.936716177687144	0.0621021044095821	0.00749835728496241	1	1	1	1
"TNRC6B.Q9UPQ9"	"TNRC6B.Q9UPQ9"	0.104811869885413	0.243759714110303	0.546535371822259	-0.10664011428635	0.0428101199924933	0.902155993202366	1	1	1	1
"TNS1.Q9HBL0"	"TNS1.Q9HBL0"	0.859319779524007	0.0397912710319163	4.56193558603316e-10	0.440220081228515	0.603714011002754	0.0395557419291727	1	1	1	1
"TNS1.Q9HBL0.2"	"TNS1.Q9HBL0.2"	0.176715950339964	0.0710467456489216	0.00432458935203878	0.774623489200885	0.593147178617978	0.0108916239365013	1	1	1	1
"TNS3.Q68CZ2"	"TNS3.Q68CZ2"	5.07023346004159e-06	0.000989836844235835	2.51854783036421e-10	1.09554627262968	1.32715091362708e-05	2.68926042652544e-05	0.0283882371427729	1	0.0780497452304089	0.150975080345138
"TOE1.Q96GM8"	"TOE1.Q96GM8"	0.416489190564997	0.0366091689480936	0.12922615647177	-0.151961760092663	0.474624908024337	0.52290115110502	1	1	1	1
"TOLLIP.Q9H0E2"	"TOLLIP.Q9H0E2"	0.546777713770821	0.181154286571258	0.820299702239287	0.0432755504889068	0.842188783328509	0.889375612417409	1	1	1	1
"TOM1.O60784"	"TOM1.O60784"	0.522428735880087	0.251405637373742	0.303872383128946	-0.0918402438671352	0.783549120865244	0.101710522028719	1	1	1	1
"TOMM20.Q15388"	"TOMM20.Q15388"	0.547758143211371	0.0116945070548524	0.917511022859423	0.0546483238570668	0.853146722781719	0.00102582415882368	1	1	1	1
"TOMM22.Q9NS69"	"TOMM22.Q9NS69"	0.669779397067884	0.551433208386282	0.121392710706084	-0.289618402223241	0.00715584630080454	0.000385858861356182	1	1	1	1
"TOMM34.Q15785"	"TOMM34.Q15785"	0.880920816904192	0.722271506301451	0.170067823174939	-0.383266849092414	0.0423606240971088	0.402044192688721	1	1	1	1
"TOMM40.O96008"	"TOMM40.O96008"	0.355601949915248	0.521919465399239	0.0586721456759254	-0.273448529645493	0.00353293234159115	0.00122034147232487	1	1	1	1
"TOMM5.Q8N4H5"	"TOMM5.Q8N4H5"	0.0826110571867291	0.233473387586857	0.497295068404433	0.55273167042422	0.0537953957762329	0.102964034660766	1	1	1	1
"TOMM70.O94826"	"TOMM70.O94826"	0.0014862590475356	0.573989199087698	2.23113819831019e-05	-0.366640375360639	0.0371866913646864	1.24800964494183e-05	1	1	1	0.0707871070611007
"TOMM7.Q9P0U1"	"TOMM7.Q9P0U1"	0.602094321257228	0.402656328879406	0.465892387646108	0.36202869402092	0.425129919575376	0.052580237626545	1	1	1	1
"TONSL.Q96HA7"	"TONSL.Q96HA7"	0.576303057304933	0.18428966545318	0.00223207445816817	0.733443499165136	0.381666795523197	0.473452701827205	1	1	1	1
"TOP1.P11387"	"TOP1.P11387"	0.402842511909633	0.0263629406262789	0.0108547408024789	-0.296465997797048	0.150015139746795	0.00584747047706366	1	1	1	1
"TOP2A.P11388"	"TOP2A.P11388"	9.06170545673349e-05	0.00785272383406562	3.81154144209338e-07	1.01606873267751	0.0558180216887614	8.76076354868341e-07	0.484257539607838	1	1	0.00508649931636559
"TOP2B.Q02880"	"TOP2B.Q02880"	0.0272659171224161	0.160510809692852	0.0992447614798097	0.254021488105427	0.314972849045516	0.00351822454484495	1	1	1	1
"TOP3A.Q13472"	"TOP3A.Q13472"	0.849506310529853	0.0227067157276401	0.135969422795995	0.178853290708973	0.876853200612479	4.80696344989428e-05	1	1	1	0.267122958910625
"TOPBP1.Q92547"	"TOPBP1.Q92547"	0.722357732420736	0.105015226637596	0.13971954973214	0.382958420741222	0.532529531711406	0.177687208009517	1	1	1	1
"TOR1AIP1.Q5JTV8"	"TOR1AIP1.Q5JTV8"	0.036281814466745	0.237831625225544	0.78441037060692	0.021614326790287	0.309962281193379	0.120638395959678	1	1	1	1
"TOR1AIP2.Q8NFQ8"	"TOR1AIP2.Q8NFQ8"	0.837187454986791	0.673972624485237	8.84015342910215e-06	0.567493342111512	0.406597199405935	0.715010716441155	1	1	1	1
"TOR1AIP2.Q9H496"	"TOR1AIP2.Q9H496"	0.044674414995068	0.528963294627377	0.00869765976842576	-1.09163607943375	0.0834970302459518	0.850379522447422	1	1	1	1
"TOR1A.O14656"	"TOR1A.O14656"	0.700318853634726	0.766466200811835	0.151221096574732	-0.315496349966718	0.168525376876488	0.0550206849034096	1	1	1	1
"TOR1B.O14657"	"TOR1B.O14657"	0.517952186630012	0.732204895739894	0.0846886069878853	0.393736372139484	0.568404348878257	0.402374708019287	1	1	1	1
"TOR3A.Q9H497"	"TOR3A.Q9H497"	0.896592491431668	0.620161115827401	0.189053803336042	0.342791332722544	0.454441546829609	0.748984687791972	1	1	1	1
"TOR4A.Q9NXH8"	"TOR4A.Q9NXH8"	0.922433378974402	0.00660155150329455	0.000113615214849821	1.11804669647292	0.614173650150519	0.00164418601548786	1	1	1	1
"TOX4.O94842"	"TOX4.O94842"	0.0603878730156823	0.139415125882295	0.010152299774189	-0.629461787260477	0.0523187922141836	0.304464823898018	1	1	1	1
"TP53BP1.Q12888"	"TP53BP1.Q12888"	5.78094705287959e-06	4.56654458407355e-06	1.78598743896457e-07	-0.763041599046207	0.111547467090273	0.0910860062092346	0.0322981511844383	0.0256685471070774	1	1
"TP53BP2.Q13625"	"TP53BP2.Q13625"	0.317834846500828	0.534392983262872	0.269617899035156	0.288227281742295	0.750811734898878	0.193377128636289	1	1	1	1
"TP53I11.O14683"	"TP53I11.O14683"	0.00953350150068746	0.186982234035708	0.00459085976109918	0.389209251090529	0.855700319760144	0.000186453888771075	1	1	1	1
"TP53I3.Q53FA7"	"TP53I3.Q53FA7"	2.11740338469388e-06	7.53224290930413e-05	1.67383975677514e-07	-0.849446225511124	0.237017879506433	0.161888417684964	0.0119950901742908	0.404255476942353	1	1
"TP53RK.Q96S44"	"TP53RK.Q96S44"	0.0752713258063494	0.86141010212473	0.69572116644405	0.0749213065968933	0.200366661603099	0.0109642115716469	1	1	1	1
"TPBG.Q13641"	"TPBG.Q13641"	1.93191677545982e-09	1.18644583996236e-08	2.6251003173887e-06	-0.75575017116875	0.278576661148986	0.0967239485934208	1.12939854693381e-05	6.90630123442089e-05	1	1
"TPD52L2.O43399"	"TPD52L2.O43399"	0.794417174041537	0.712173767439247	0.298086508372247	-0.17256281624915	0.43511319808098	0.177473781202719	1	1	1	1
"TPD52L2.O43399.2"	"TPD52L2.O43399.2"	0.323301291336034	0.684370453785676	0.358447650951424	0.270363143383807	0.880795017393555	0.144327365350552	1	1	1	1
"TPD52.P55327"	"TPD52.P55327"	0.705600556445547	0.119031156820108	0.983940838406447	-0.00707933465063332	0.374012269873156	0.997961753668009	1	1	1	1
"TPI1.P60174"	"TPI1.P60174"	0.282354920056413	0.0060566702372395	0.69747370477912	0.0501791617643441	0.854168390110167	0.035064841686911	1	1	1	1
"TPM1.P09493.10"	"TPM1.P09493.10"	0.0353454310871614	0.00521341775724527	0.00497457994885612	-1.5051910676102	0.320556784239584	0.0617348100078842	1	1	1	1
"TPM1.P09493.3"	"TPM1.P09493.3"	0.305929560854631	0.944424503467299	0.879101858735035	-0.0219471749345878	0.39141519362741	0.819146044559417	1	1	1	1
"TPM1.P09493.5"	"TPM1.P09493.5"	0.629201861979604	0.0603106765816863	0.392223352926014	0.380368431498328	0.792116870048453	0.678551780744427	1	1	1	1
"TPM2.P07951"	"TPM2.P07951"	0.467496067972874	0.932829917593155	0.260085707733313	-0.453468191094173	0.273908582965093	0.560032620871316	1	1	1	1
"TPM2.P07951.2"	"TPM2.P07951.2"	0.627143085935156	0.813584071997879	0.216557255704461	-0.343966115885125	0.219185589241501	0.695580073307775	1	1	1	1
"TPM3.P06753"	"TPM3.P06753"	0.886156502447042	0.603299736151184	0.954787251599731	0.0368747108754029	0.78107697521436	0.915106214527822	1	1	1	1
"TPM3.P06753.2"	"TPM3.P06753.2"	0.133244306485481	0.616820755575467	0.256667567147536	0.272912954216257	0.203257153201551	0.682652733507535	1	1	1	1
"TPM4.P67936"	"TPM4.P67936"	0.68950814583536	0.697363690924476	0.658008194792071	-0.0600001671547892	0.116443605744259	0.344663037199355	1	1	1	1
"TPM4.P67936.2"	"TPM4.P67936.2"	6.88483926000978e-06	0.00838841822944408	0.248211701457224	-0.420768743557117	0.256287614829547	0.219020995049938	0.0383554395175145	1	1	1
"TPMT.P51580"	"TPMT.P51580"	0.559702425470699	0.633845171819865	0.272394844564498	0.236650804333568	0.0047238035756342	0.000397037588354718	1	1	1	1
"TPO.P07202"	"TPO.P07202"	0.48558374610529	0.144674442310084	0.658172679927367	-0.229978206316805	0.90144868702438	0.263072678539817	1	1	1	1
"TPP1.O14773"	"TPP1.O14773"	0.233659919876296	0.375999173468775	0.448325854794019	-0.0868270648030465	0.00118123007707654	0.0225258494680188	1	1	1	1
"TPP2.P29144"	"TPP2.P29144"	0.593028718591591	0.029743876652601	0.000342991253005531	-0.356924879839596	0.823224816868673	0.551184923958858	1	1	1	1
"TPRKB.Q9Y3C4"	"TPRKB.Q9Y3C4"	0.889054733528499	0.0130655824954566	0.346326116638477	-0.164430224996303	0.110826373403475	0.277786921838099	1	1	1	1
"TPRN.Q4KMQ1"	"TPRN.Q4KMQ1"	0.171940934711382	0.471973591782653	0.480522244222356	-0.145797768858563	0.630126591727505	0.210421702619067	1	1	1	1
"TPR.P12270"	"TPR.P12270"	0.0594535611800872	0.358574247797881	0.27882323662462	-0.102158968829283	0.0754485398272035	0.462678301242013	1	1	1	1
"TPST2.O60704"	"TPST2.O60704"	0.468173590740526	0.630217197223042	0.00071948321977162	0.935380074285321	0.0203789624346038	0.411630924342991	1	1	1	1
"TPT1.P13693"	"TPT1.P13693"	0.616689034557523	0.0682599411744815	0.0283587894787179	0.348835130044037	0.105410376212133	0.0187705454587099	1	1	1	1
"TPX2.Q9ULW0"	"TPX2.Q9ULW0"	0.0303126600965883	0.615235166623364	1.49952397881744e-08	0.716575006192806	0.00954555424485659	0.384675942248211	1	1	1	1
"TRA2A.Q13595"	"TRA2A.Q13595"	0.232957454540458	0.75158676051959	0.642397575354458	-0.065114409233095	0.704654148721175	0.0155968613788699	1	1	1	1
"TRA2B.P62995"	"TRA2B.P62995"	0.00864603958305776	0.133120102129037	0.0310099064212381	-0.335566090340864	0.577295947376312	0.0858364823940061	1	1	1	1
"TRABD.Q9H4I3"	"TRABD.Q9H4I3"	0.649481930744883	0.756237335617672	0.233760933011402	0.331945236975728	0.540871267427328	0.072266827367728	1	1	1	1
"TRADD.Q15628"	"TRADD.Q15628"	0.741725523567298	0.175293757542658	0.455479196739733	0.240388962732931	0.345672387305369	0.55266563511432	1	1	1	1
"TRAF1.Q13077"	"TRAF1.Q13077"	0.177286360626092	0.713776770708148	0.0111841288117643	-0.529912552010155	0.123539220993407	0.158624432892398	1	1	1	1
"TRAF2.Q12933"	"TRAF2.Q12933"	0.894539467015354	0.093278141826646	0.235580944630036	0.209781934426205	0.882162526549768	0.962259382377064	1	1	1	1
"TRAF7.Q6Q0C0"	"TRAF7.Q6Q0C0"	0.0682137654430116	0.181449689437543	0.0054949668263348	0.70904687003989	0.860303253446014	0.613618816035253	1	1	1	1
"TRAFD1.O14545"	"TRAFD1.O14545"	0.463455403610387	0.285917877200018	0.0530351920358645	0.412417903776405	0.00497073233200403	0.0647651313494235	1	1	1	1
"TRAM1.Q15629"	"TRAM1.Q15629"	0.369324052497029	0.114348665919109	0.000192649303315588	-0.76332799390317	0.00251087176867381	3.93201532651275e-06	1	1	1	0.0225461758822241
"TRAM2.Q15035"	"TRAM2.Q15035"	0.438944964731333	0.873120710817198	0.882076132869228	-0.0431611166452349	0.929764237899448	0.00673421560512183	1	1	1	1
"TRAP1.Q12931"	"TRAP1.Q12931"	0.747784653496348	0.0414351975032313	0.399647183123789	0.0706388698327018	0.470046564598166	3.93774430983455e-05	1	1	1	0.219292980614686
"TRAPPC11.Q7Z392"	"TRAPPC11.Q7Z392"	0.789897190526803	0.538985097935389	0.222023957202927	-0.233609669734744	0.384489572825776	0.909482037833566	1	1	1	1
"TRAPPC12.Q8WVT3"	"TRAPPC12.Q8WVT3"	0.821936908041437	0.372811713259967	0.508201845245869	0.138381345088935	0.118695529874405	0.709978723021821	1	1	1	1
"TRAPPC1.Q9Y5R8"	"TRAPPC1.Q9Y5R8"	0.00118418896124297	0.0109996553978539	9.95653967944838e-05	0.710647889382676	0.319894338331245	0.383442660380301	1	1	1	1
"TRAPPC3.O43617"	"TRAPPC3.O43617"	0.872856951264254	0.071329181269974	0.837565149289583	-0.0853943451043215	0.362029663820102	0.439397619073505	1	1	1	1
"TRAPPC4.Q9Y296"	"TRAPPC4.Q9Y296"	0.00198919884369902	0.000118463274890449	0.0019714550733907	0.646870738459363	0.919210213947519	0.717500721947466	1	0.630816938791641	1	1
"TRAPPC5.Q8IUR0"	"TRAPPC5.Q8IUR0"	0.0397702181166592	0.000857222715718222	0.2529337596468	0.297390277123873	0.238028344861722	0.0142221389280601	1	1	1	1
"TRAPPC8.Q9Y2L5"	"TRAPPC8.Q9Y2L5"	0.0355673192626444	0.614528847991312	0.895430572710732	-0.0191531257669646	0.0667702558404823	0.497004009044325	1	1	1	1
"TRAPPC9.Q96Q05"	"TRAPPC9.Q96Q05"	0.560738520453126	0.787170274336949	0.747034576273797	0.118345244093506	0.00795274710063316	0.390029942920702	1	1	1	1
"TREX1.Q9NSU2"	"TREX1.Q9NSU2"	0.00689087818950854	0.0152461137451619	0.600019457305941	-0.137595252036096	0.0121023557905321	0.332259925882338	1	1	1	1
"TRIAP1.O43715"	"TRIAP1.O43715"	0.00162275292462596	0.343728176177797	0.146100019232069	0.351118835038247	0.128066092513169	0.0369776014296526	1	1	1	1
"TRIM16.O95361"	"TRIM16.O95361"	0.451390535552128	0.000862617838012281	0.00074872095388254	-1.19174236698943	0.0528113240808545	0.000335708277737899	1	1	1	1
"TRIM21.P19474"	"TRIM21.P19474"	0.000801148787463665	0.101518820276772	0.000649265077835414	-0.40532146936364	0.312031421197512	0.984901975230135	1	1	1	1
"TRIM24.O15164"	"TRIM24.O15164"	0.139346014868673	0.0248479933636905	0.514292799417651	0.0870904797471668	0.00537412355515361	0.382973610559673	1	1	1	1
"TRIM25.Q14258"	"TRIM25.Q14258"	0.0605719501103988	0.0513051486548431	2.80093336102577e-06	-0.47798354460837	0.600072295060198	0.200203036066155	1	1	1	1
"TRIM26.Q12899"	"TRIM26.Q12899"	0.846495861309981	0.936329601712422	0.375954079455973	0.138675192389042	0.598995574505208	0.146073995101533	1	1	1	1
"TRIM27.P14373"	"TRIM27.P14373"	0.417900201156296	0.00635904359526492	0.21763003482687	-0.21971906682678	0.77560693328805	0.548022435322003	1	1	1	1
"TRIM28.Q13263"	"TRIM28.Q13263"	0.637000948203833	0.361105571099305	0.0261269114329904	0.299033672966812	0.772022612807427	0.837248822508964	1	1	1	1
"TRIM32.Q13049"	"TRIM32.Q13049"	0.0829211472406966	0.0991865637958988	0.0119561323342388	0.669789982233207	0.0461830972447334	0.989320011853331	1	1	1	1
"TRIM33.Q9UPN9"	"TRIM33.Q9UPN9"	0.000248158048396033	0.000739434805960506	0.000137204280463665	-0.332089092492499	0.133029146150431	0.140471467265838	1	1	1	1
"TRIM33.Q9UPN9.2"	"TRIM33.Q9UPN9.2"	0.565026474711123	0.92708820947953	0.209522844762534	-0.43893942088038	0.683026309977025	0.142932847180295	1	1	1	1
"TRIM36.Q9NQ86"	"TRIM36.Q9NQ86"	0.849634552391805	0.0164771448259946	0.759561602737266	0.108582125917272	0.0532491669572731	0.369844234147694	1	1	1	1
"TRIM3.O75382"	"TRIM3.O75382"	0.0908411664290426	0.0805218234155942	0.000538720375182442	-1.3682437101388	0.0316309989836598	0.200766923341371	1	1	1	1
"TRIM47.Q96LD4"	"TRIM47.Q96LD4"	0.000617304921385628	2.73157068400915e-05	0.00585238117264219	-0.3442509945599	0.102554516542591	0.0204711921603095	1	0.149608126363181	1	1
"TRIM4.Q9C037"	"TRIM4.Q9C037"	0.000253672453357151	0.0265561464584384	0.00108397033919757	-1.20450728240623	0.632078392019894	0.0132743793726831	1	1	1	1
"TRIM56.Q9BRZ2"	"TRIM56.Q9BRZ2"	0.804536163890156	0.307001941810376	0.950599981092872	-0.00564380887818574	0.897098330370336	0.300117899368023	1	1	1	1
"TRIM58.Q8NG06"	"TRIM58.Q8NG06"	0.066116374183137	0.200530024011067	0.492788713329818	-0.164261837390319	0.0360982416359417	0.937687582947063	1	1	1	1
"TRIM59.Q8IWR1"	"TRIM59.Q8IWR1"	0.917017957330667	0.111092484082475	0.849586131288852	-0.0719884448905489	0.815910113305098	0.0114589784572265	1	1	1	1
"TRIM5.Q9C035"	"TRIM5.Q9C035"	0.000540517735413902	0.393626341760788	0.0218253298973973	-0.267750012679459	0.471052139592461	0.188497584758012	1	1	1	1
"TRIM65.Q6PJ69"	"TRIM65.Q6PJ69"	0.0701761724189994	0.253554338929322	0.277328012625426	-0.274003230906806	0.353530351308173	0.0199168372366385	1	1	1	1
"TRIML2.Q8N7C3"	"TRIML2.Q8N7C3"	0.893433868108343	0.0797055638479477	0.570773936092745	0.292444418085512	0.53349394322097	0.317839751263562	1	1	1	1
"TRIOBP.Q9H2D6"	"TRIOBP.Q9H2D6"	0.0583473541362816	0.621341188286063	0.0962285267704055	-0.537401330485131	0.71847422835502	0.775415825424295	1	1	1	1
"TRIO.O75962"	"TRIO.O75962"	0.118372219727455	0.171590165115868	0.193493164580905	0.159299588576651	0.437089625689541	0.287253521871777	1	1	1	1
"TRIP10.Q15642"	"TRIP10.Q15642"	0.11195197259261	0.0052837873655541	0.429711153222669	0.0973866524547259	0.201472870967693	0.513809363455133	1	1	1	1
"TRIP11.Q15643"	"TRIP11.Q15643"	0.871091838743421	0.399592327802313	0.520885904090985	0.0649521606044262	0.0140788717025066	0.667791981899284	1	1	1	1
"TRIP12.Q14669.2"	"TRIP12.Q14669.2"	0.00472246151452166	0.0170171911794224	0.00221422608321556	0.301039660678395	0.00867759334355937	1.53225663277286e-05	1	1	1	0.0867257254149437
"TRIP12.Q14669.4"	"TRIP12.Q14669.4"	0.686525826141293	0.682989881362949	0.653548513421603	0.283166597662902	0.0486862340870751	0.196135417328968	1	1	1	1
"TRIP13.Q15645"	"TRIP13.Q15645"	3.94325061934374e-05	0.000621607383724789	0.000297935727708994	0.463101813422236	0.487486745934778	0.260262266701574	0.21463113121088	1	1	1
"TRIP4.Q15650"	"TRIP4.Q15650"	0.266622491038984	0.428428365861892	0.121355981235848	0.15594750605178	0.00343271536934112	0.0173491962347689	1	1	1	1
"TRIP6.Q15654"	"TRIP6.Q15654"	0.0398058220445501	0.872425472167261	0.102363106204455	0.171231540021343	0.981387551268255	0.000142712937560942	1	1	1	0.773218695705185
"TRIR.Q9BQ61"	"TRIR.Q9BQ61"	0.995130699893194	0.894301072673262	0.251914489547008	0.690106871821726	0.442186187435417	0.332217424144333	1	1	1	1
"TRIT1.Q9H3H1"	"TRIT1.Q9H3H1"	0.0793287147631308	0.718036651826915	0.289361294537025	-0.135627170734414	0.145026001009371	0.93984141393116	1	1	1	1
"TRMT10A.Q8TBZ6"	"TRMT10A.Q8TBZ6"	0.0413380623056926	0.669205333183295	0.833224544717131	0.0494881099269257	0.624255444651052	0.148339750675881	1	1	1	1
"TRMT10C.Q7L0Y3"	"TRMT10C.Q7L0Y3"	0.0114953187995748	0.0971689325120373	0.0118863828704332	-0.36455513373211	0.0834516304247511	0.0451500017389927	1	1	1	1
"TRMT112.Q9UI30"	"TRMT112.Q9UI30"	0.00271372479440949	0.00145957372601613	0.000780148545700669	0.496739343376565	0.727614061129806	0.689965978567678	1	1	1	1
"TRMT1L.Q7Z2T5"	"TRMT1L.Q7Z2T5"	0.45660448435106	0.283745240306108	0.110929493518258	-0.310271354959956	0.175624939000092	0.0288100137778462	1	1	1	1
"TRMT1.Q9NXH9"	"TRMT1.Q9NXH9"	0.0891059553403679	0.0263867148837856	0.812729664837968	0.0260568877092612	0.271223729115503	0.767187069383382	1	1	1	1
"TRMT2A.Q8IZ69"	"TRMT2A.Q8IZ69"	0.616823736320868	0.145859538911867	0.207272899105076	0.150171429129228	0.564336913419074	0.166844809303649	1	1	1	1
"TRMT5.Q32P41"	"TRMT5.Q32P41"	0.00274799375167179	0.0575423326006396	3.03019399730836e-05	-0.469442116016698	0.05014187086735	0.375396342721683	1	1	1	1
"TRMT61A.Q96FX7"	"TRMT61A.Q96FX7"	0.0217658496174916	0.182734671648355	0.000362952506451207	-0.357322146710284	0.402390594369498	0.186977438400822	1	1	1	1
"TRMT61B.Q9BVS5"	"TRMT61B.Q9BVS5"	4.96018165114143e-06	0.00844133017446691	0.000420193301399752	-0.670893248379614	0.0685561107950674	0.00274733896082098	0.0277869376096943	1	1	1
"TRMT6.Q9UJA5"	"TRMT6.Q9UJA5"	0.606414732487992	0.156241142702555	0.89847795848946	-0.0173164644306388	0.122582848842536	0.0710491294958396	1	1	1	1
"TRMU.O75648"	"TRMU.O75648"	0.00904622675818435	0.00335600349557177	0.0584975517605451	-0.468068323774171	0.540485394191804	0.108786120534355	1	1	1	1
"TRNT1.Q96Q11"	"TRNT1.Q96Q11"	0.393241977116698	0.0159085277028395	0.320599668761662	-0.465652574716281	0.267568220936678	0.00475842025427472	1	1	1	1
"TRPM4.Q8TD43"	"TRPM4.Q8TD43"	0.649865492927363	0.88979108681518	0.968076512394719	-0.0109454568411036	0.365301902392589	0.0648438541385945	1	1	1	1
"TRRAP.Q9Y4A5"	"TRRAP.Q9Y4A5"	0.0689954308559483	0.63246289539386	0.0263629562218352	0.314562037521618	0.318978558000843	0.025343358287618	1	1	1	1
"TRUB1.Q8WWH5"	"TRUB1.Q8WWH5"	0.340430562211167	0.918277011581917	0.0418980292643559	0.329315919612627	0.0670027469612446	0.116810652954606	1	1	1	1
"TRUB2.O95900"	"TRUB2.O95900"	0.258656164884222	0.8852227130569	0.790311971870624	0.0782292779730434	0.414907331012809	0.00287720723229963	1	1	1	1
"TSC22D1.Q15714"	"TSC22D1.Q15714"	0.469771020159603	0.478632013492992	0.342561610084287	0.355906198412648	0.48453881927198	0.651309113578737	1	1	1	1
"TSC22D2.O75157"	"TSC22D2.O75157"	0.869708986222726	0.562736082546141	0.120787868769459	0.189643392258636	0.179618737763404	0.00337450124441929	1	1	1	1
"TSC2.P49815"	"TSC2.P49815"	0.83368399821587	0.162356064734573	0.793259045172921	0.0632897920228242	0.532632991559922	0.69652304617586	1	1	1	1
"TSEN15.Q8WW01"	"TSEN15.Q8WW01"	0.128691581445848	0.000460753030615849	0.0414804335346798	0.429158005164473	0.000844690156166846	0.39937466341497	1	1	1	1
"TSEN34.Q9BSV6"	"TSEN34.Q9BSV6"	0.513125793622197	0.00577053572872083	0.611817309808528	0.146836543351417	0.094299678395722	0.0134284342800536	1	1	1	1
"TSFM.P43897"	"TSFM.P43897"	0.0336521849185924	0.000533106791151914	8.05233622864856e-06	-0.545810164280929	0.00353856766624829	9.36505313361326e-05	1	1	1	0.513673164378687
"TSG101.Q99816"	"TSG101.Q99816"	0.110520124416315	0.00325494581581387	0.502505892010021	0.1326122527278	0.394883867752451	0.288616816237935	1	1	1	1
"TSNAX.Q99598"	"TSNAX.Q99598"	0.00846462335677191	0.0580879999641552	0.0387005673016233	-0.203869153258771	0.00040655603216304	0.17300127631565	1	1	1	1
"TSN.Q15631"	"TSN.Q15631"	0.800267195776619	0.436475387304111	0.706901317674331	-0.035903959825271	0.487644288038327	0.000204947311270619	1	1	1	1
"TSPAN14.Q8NG11"	"TSPAN14.Q8NG11"	0.334896833482652	0.483801959964078	0.116013960931284	-0.679838881812811	0.195141479093613	0.0326249719935047	1	1	1	1
"TSPAN6.O43657"	"TSPAN6.O43657"	0.204912777808794	0.00123526705839371	0.223849908242571	-0.240672604540687	0.669207314223195	0.237308122726883	1	1	1	1
"TSPAN9.O75954"	"TSPAN9.O75954"	0.0479007282481888	0.0730402305507229	5.4495116823944e-09	2.10921579357386	0.353641220317581	0.144351338135514	1	1	1	1
"TSPO.P30536"	"TSPO.P30536"	0.667019013614612	0.256571623185118	0.297224083078635	0.347751533701345	0.797994241041528	0.0060508724070298	1	1	1	1
"TSPYL5.Q86VY4"	"TSPYL5.Q86VY4"	0.952601401929276	0.174652815742857	0.0307544093929286	-0.298031991174709	0.0536259304908303	0.964401660357487	1	1	1	1
"TSR1.Q2NL82"	"TSR1.Q2NL82"	0.00481538219480523	0.385855645532225	0.00499047011130392	0.41605573314576	0.924132225215804	0.724411039334891	1	1	1	1
"TSR2.Q969E8"	"TSR2.Q969E8"	0.295124768230291	0.436299303317085	0.364805798942967	0.224992539448985	0.362050772778657	0.737350425748458	1	1	1	1
"TSSC4.Q9Y5U2"	"TSSC4.Q9Y5U2"	0.133422237768673	0.688231506785437	0.126757261482654	-0.574039485089121	0.0939413141435463	0.952674075032217	1	1	1	1
"TST.Q16762"	"TST.Q16762"	0.342120184341358	0.00320818480147481	0.220977088989435	0.0953418033986832	0.0912473561248956	1.80856464380093e-07	1	1	1	0.00105855288601668
"TTC17.Q96AE7"	"TTC17.Q96AE7"	0.369892560525268	0.858012666037595	0.601366499935959	0.266179969169005	0.669256817107739	0.200966771170783	1	1	1	1
"TTC1.Q99614"	"TTC1.Q99614"	0.0830941086560289	0.781374685591045	0.136279079258883	-0.362264659074188	0.910043633403776	0.39709414154014	1	1	1	1
"TTC27.Q6P3X3"	"TTC27.Q6P3X3"	0.0245845961676407	0.523266041212857	0.0254061764521429	-0.506665246700551	0.660915014465818	0.950170397501589	1	1	1	1
"TTC37.Q6PGP7"	"TTC37.Q6PGP7"	0.00306587047888296	0.00183741202443277	0.0182370460776708	0.310978194600975	0.765602847429003	0.743888037081898	1	1	1	1
"TTC4.O95801"	"TTC4.O95801"	0.404037367009511	0.0448276142686986	0.602191123122031	0.0919979827872884	0.93129262141855	0.945191273368348	1	1	1	1
"TTC5.Q8N0Z6"	"TTC5.Q8N0Z6"	0.0723682261168229	0.220281358650359	0.997735528592081	0.000475219969907736	0.481450179056235	0.173594639631926	1	1	1	1
"TTC9C.Q8N5M4"	"TTC9C.Q8N5M4"	0.0110495838401915	0.00857274134669165	0.0214852736875883	0.312989703461306	0.800083849881249	0.000461140378376535	1	1	1	1
"TTF2.Q9UNY4"	"TTF2.Q9UNY4"	0.0395691853142151	0.00012069029086534	0.0119904767630746	-0.427019247251845	0.568386585704746	0.0278709373756903	1	0.642555108567069	1	1
"TTI1.O43156"	"TTI1.O43156"	0.0066237988541156	0.0462964368049961	0.119387857209816	0.24563084405376	0.757897497531804	0.663831591754959	1	1	1	1
"TTI2.Q6NXR4"	"TTI2.Q6NXR4"	0.435871493150412	0.00176884591125353	0.542791918627134	0.152755362510106	0.3248614344661	0.0515246940195782	1	1	1	1
"TTK.P33981"	"TTK.P33981"	0.0125027915605687	0.0342807903961988	1.78302108520501e-06	1.05415150739025	0.322096276546081	0.347154812897263	1	1	1	1
"TTLL12.Q14166"	"TTLL12.Q14166"	0.00211254299571712	0.0420299331665187	0.00405319121817474	0.156947161355237	0.187397359078147	1.23393078828151e-07	1	1	1	0.000723206835011792
"TTL.Q8NG68"	"TTL.Q8NG68"	0.00556322865729738	0.570602994251577	0.0186558921541289	0.475270778050217	0.558898035720144	0.351772062067101	1	1	1	1
"TTN.Q8WZ42"	"TTN.Q8WZ42"	4.04389547522159e-05	0.00272780382898686	4.29029471071221e-06	-1.00963668989766	0.335792047428514	0.114231138192261	0.21990703594255	1	1	1
"TTPAL.Q9BTX7"	"TTPAL.Q9BTX7"	0.275025412607774	0.702151187297218	0.344179532098391	0.261015244932812	0.0070101570376468	0.161570444729613	1	1	1	1
"TTYH3.Q9C0H2"	"TTYH3.Q9C0H2"	0.351231066514298	0.412639445869262	0.0119355064665787	0.8216365047284	0.00124037746659148	0.107488688177509	1	1	1	1
"TUBA1A.Q71U36"	"TUBA1A.Q71U36"	0.314701008536629	0.124366779301501	0.530105044818002	0.069459761071541	0.0864219902326754	0.0623167340791057	1	1	1	1
"TUBA1C.Q9BQE3"	"TUBA1C.Q9BQE3"	0.767523203783533	0.0389663373788308	0.799666099679562	0.0816967106792922	0.715589370979544	0.282548620584583	1	1	1	1
"TUBA3C.P0DPH7"	"TUBA3C.P0DPH7"	0.162413015540684	0.947856162836572	0.544221195443894	0.183991825716941	0.0919352328135881	0.174530719148936	1	1	1	1
"TUBA4A.P68366"	"TUBA4A.P68366"	0.165315726043933	0.582310677286496	0.215862568071704	-0.457750661133891	0.00571671533058442	0.323544765500956	1	1	1	1
"TUBAL3.A6NHL2"	"TUBAL3.A6NHL2"	0.0695490700429544	0.0498276247649215	0.0256304199238733	-0.575212947784974	0.515603396625479	0.00728788677996415	1	1	1	1
"TUBB1.Q9H4B7"	"TUBB1.Q9H4B7"	0.814637528798173	0.791652925888894	0.339922934998371	-0.353714942859045	0.124248687939038	0.189661803719211	1	1	1	1
"TUBB2A.Q13885"	"TUBB2A.Q13885"	0.602990597522528	0.380120418001768	0.944988867898023	0.0166524155008784	0.0694518184649064	0.257521419593517	1	1	1	1
"TUBB2B.Q9BVA1"	"TUBB2B.Q9BVA1"	0.890475912087434	0.0276002522963088	0.680577890484721	-0.112170004574892	0.925472147009574	0.535240773280002	1	1	1	1
"TUBB3.Q13509"	"TUBB3.Q13509"	4.96842146844621e-06	0.0018040845654617	0.00345615686495546	0.308154775211145	0.243100317442391	6.72792677546031e-05	0.0278281286447672	1	1	0.3712469994699
"TUBB4A.P04350"	"TUBB4A.P04350"	0.103425465520713	0.0902018303812777	0.0166912284687616	1.22788155498543	0.670019352591964	0.370730564824035	1	1	1	1
"TUBB4B.P68371"	"TUBB4B.P68371"	0.569773790118207	0.383858371140263	0.936945178388169	0.0132963254632812	0.223029343224495	0.0648580099903968	1	1	1	1
"TUBB6.Q9BUF5"	"TUBB6.Q9BUF5"	0.863623595642157	0.261913426313913	0.947070887566264	0.0127405407918629	0.164126833497953	0.112622949726868	1	1	1	1
"TUBB.P07437"	"TUBB.P07437"	0.730646435810457	0.13250442015272	0.659589247097395	0.0880871557540658	0.521550014072924	0.395084851052233	1	1	1	1
"TUBG1.P23258"	"TUBG1.P23258"	0.127061910161414	0.289173260912099	0.60240136350885	-0.0587733133162244	0.276551347936732	0.00268662567562047	1	1	1	1
"TUBGCP2.Q9BSJ2"	"TUBGCP2.Q9BSJ2"	0.0319302376780738	0.0408749351203488	0.00862076093402713	-0.365371222534007	0.55071910910753	0.488067350975427	1	1	1	1
"TUBGCP3.Q96CW5"	"TUBGCP3.Q96CW5"	0.580674507456599	0.22721036533528	0.758572214245312	0.0513145490787602	0.317604391028794	0.322681341595554	1	1	1	1
"TUBGCP4.Q9UGJ1"	"TUBGCP4.Q9UGJ1"	0.468017142355788	0.533600894995667	0.4480585757024	-0.124148778079014	0.707525731298643	0.443283929987797	1	1	1	1
"TUFM.P49411"	"TUFM.P49411"	0.83587074312625	0.027602875715201	0.0753858402042876	-0.228334077323915	0.0140545282279889	0.398714463510166	1	1	1	1
"TUFT1.Q9NNX1"	"TUFT1.Q9NNX1"	3.78133639668547e-06	0.453439293553361	0.0405038065024921	-0.211994792196619	0.00139810572654256	3.93122389250097e-05	0.0212700172313558	1	1	0.218969170812304
"TULP3.O75386"	"TULP3.O75386"	0.0312783862942608	0.509222106273447	0.0818764441437502	-0.549623194593134	0.0858182737412531	0.648547493426512	1	1	1	1
"TUSC1.Q2TAM9"	"TUSC1.Q2TAM9"	0.00101450410989776	0.890662689477957	0.752873718026524	-0.120769741546841	0.190426733228512	0.275081117481231	1	1	1	1
"TUSC3.Q13454.2"	"TUSC3.Q13454.2"	5.28447607310332e-06	0.000583196228094543	2.98092490268133e-07	-2.25821475186477	0.311532291958679	0.000971078008387722	0.0295666436290131	1	1	1
"TUT1.Q9H6E5"	"TUT1.Q9H6E5"	0.967373514359762	0.351880511885348	0.303945205508586	0.132349883903838	0.965786040784846	0.152853193119111	1	1	1	1
"TUT7.Q5VYS8"	"TUT7.Q5VYS8"	0.542973685499725	0.78565745762427	0.647523863895674	0.127991567656887	0.257470280432686	0.607092079434328	1	1	1	1
"TVP23C.Q96ET8.3"	"TVP23C.Q96ET8.3"	0.326203900919348	0.312533077283551	0.187333407350612	-0.354092565248176	0.56497306648654	0.0588894075479222	1	1	1	1
"TWF1.Q12792"	"TWF1.Q12792"	0.202754942948456	0.653755128023068	0.151803626247307	-0.118750536467346	0.356592275250003	0.23059200281729	1	1	1	1
"TWF2.Q6IBS0"	"TWF2.Q6IBS0"	8.72278800994605e-11	1.02060476680847e-08	2.70609845568559e-10	-1.08977367799921	0.0289907025778686	0.0487628082261369	5.12725479224629e-07	5.94400216189252e-05	1	1
"TWSG1.Q9GZX9"	"TWSG1.Q9GZX9"	0.112639045169348	0.126863642216092	9.6894338917564e-09	1.17298880275509	0.160889305628166	0.0575735346637077	1	1	1	1
"TXLNA.P40222"	"TXLNA.P40222"	0.898441097344718	0.00838894303604828	0.0352660258608521	0.250469883608416	0.440636664783461	0.0661255727881784	1	1	1	1
"TXLNG.Q9NUQ3"	"TXLNG.Q9NUQ3"	0.9248383798058	0.0966308894940728	0.0140756616605032	-0.267010418420007	0.503574477992982	0.82032840870119	1	1	1	1
"TXN2.Q99757"	"TXN2.Q99757"	0.0058385416181575	0.0225857765242195	0.133935053497996	-0.243161739849776	0.338777773896209	0.20248792759302	1	1	1	1
"TXNDC11.Q6PKC3"	"TXNDC11.Q6PKC3"	0.433597956143003	0.799126206712403	0.00142651348564293	-1.16378373724217	0.12412878737816	0.0843625588242579	1	1	1	1
"TXNDC12.O95881"	"TXNDC12.O95881"	0.0908104931991947	0.434541456501694	0.169984499945687	-0.157311271363967	0.0777584670233747	0.000228111324382337	1	1	1	1
"TXNDC15.Q96J42"	"TXNDC15.Q96J42"	0.000426601725012162	0.00325662738050283	2.04341550423502e-09	1.41380741467423	0.0841210120954705	0.0339641919400794	1	1	1	1
"TXNDC17.Q9BRA2"	"TXNDC17.Q9BRA2"	0.264625626830771	0.00264758468220196	0.735710929255518	0.0699186135422227	0.611816455716658	0.519234663311075	1	1	1	1
"TXNDC5.Q8NBS9"	"TXNDC5.Q8NBS9"	0.335833948751933	0.341084657613095	0.630718277780426	0.0784543649844025	0.246025153164362	0.313596456194579	1	1	1	1
"TXNDC9.O14530"	"TXNDC9.O14530"	0.850736578729	0.00124859535299743	0.0912689679228649	0.298299031397471	0.898833596956785	0.0766575231528326	1	1	1	1
"TXNL1.O43396"	"TXNL1.O43396"	0.307638819890804	0.0113272906055447	0.0760439315702757	0.280288680108463	0.933936165314938	0.122317036198533	1	1	1	1
"TXNL4A.P83876"	"TXNL4A.P83876"	0.191866280608713	0.0727783986943383	0.675531257654431	-0.135316100291147	0.900895681417246	0.0244575695285911	1	1	1	1
"TXNL4B.Q9NX01"	"TXNL4B.Q9NX01"	0.125081887155307	0.106223521984835	0.516133738585943	-0.131212571604335	0.000352309992402087	0.33740739574784	1	1	1	1
"TXNRD1.Q16881"	"TXNRD1.Q16881"	0.0392011403590878	0.000435807179399998	0.00093896489767061	-0.40381533731736	0.0154623781319773	0.00333081483789486	1	1	1	1
"TXNRD2.Q9NNW7"	"TXNRD2.Q9NNW7"	1.8762269262772e-05	1.20682341457087e-05	0.000413023954379857	-0.500358650069508	0.256660420977214	0.00800689372706874	0.103342579099348	0.066954563040392	1	1
"TXN.P10599"	"TXN.P10599"	0.406644516580894	0.0185330601784454	0.136990929348251	0.451064640454471	0.434847854535126	0.537195319158396	1	1	1	1
"TYMS.P04818"	"TYMS.P04818"	5.18218514062152e-08	7.53288358044602e-05	4.85476932636567e-12	0.739285988087537	0.000323624448736894	4.16647794203858e-09	0.000300203985196205	0.404255476942353	1	2.45655539462595e-05
"TYW3.Q6IPR3"	"TYW3.Q6IPR3"	0.0749475737345774	0.693985402628109	0.0188455893709379	-0.403340800742086	0.348162111782963	0.904666333967718	1	1	1	1
"U2AF2.P26368"	"U2AF2.P26368"	0.0594274121285707	0.368537515824836	0.163616795528463	-0.159713202889126	0.0581188299275725	0.0725877601131368	1	1	1	1
"U2SURP.O15042"	"U2SURP.O15042"	0.91764155700106	0.0218076430446854	0.351589899224012	-0.0770757999327597	4.23710541247151e-05	3.39509714838838e-06	1	1	0.248633345603828	0.0194980429231945
"UACA.Q9BZF9"	"UACA.Q9BZF9"	0.16523523557237	8.36933197077395e-06	0.00209571701757259	0.950887435265166	0.746117316651575	0.00698979307896741	1	0.0466925030649479	1	1
"UAP1L1.Q3KQV9"	"UAP1L1.Q3KQV9"	0.0800403305367868	0.975872296450637	0.0634071980559469	-0.251676700271169	0.820388762137316	0.00141468412597924	1	1	1	1
"UAP1.Q16222"	"UAP1.Q16222"	0.0937374577320174	0.252094041248468	2.70532439460589e-11	-0.549595765602291	7.24745570213973e-06	0.00172989088433643	1	1	0.042687514085603	1
"UBA1.P22314"	"UBA1.P22314"	0.82225196402361	0.021824701417537	0.0301995612384683	-0.255843521380525	0.663173380268041	0.502128641499078	1	1	1	1
"UBA2.Q9UBT2"	"UBA2.Q9UBT2"	3.51871240731317e-08	2.56422955181367e-09	0.108498025463515	0.0632187685405249	0.0496020070281502	0.00626207400224345	0.000204050132500091	1.49853575007991e-05	1	1
"UBA3.Q8TBC4"	"UBA3.Q8TBC4"	3.16847132837097e-06	0.00141273833308532	4.44684421267385e-07	-0.485027467967297	0.40728057130539	0.000230860734430878	0.017876515234669	1	1	1
"UBA5.Q9GZZ9"	"UBA5.Q9GZZ9"	2.23968688428671e-05	1.26623867639297e-06	0.0579562250742432	0.191804847965227	0.530064251180713	0.0124076850674784	0.123093191160398	0.00720489806867599	1	1
"UBA6.A0AVT1"	"UBA6.A0AVT1"	0.014766422055308	0.00641677682028455	0.00171870935026454	-0.19444985461416	0.0460283305804792	0.000330248599916651	1	1	1	1
"UBAC1.Q9BSL1"	"UBAC1.Q9BSL1"	0.134907037235187	0.0615211000272117	0.48801884355975	-0.32167641122726	0.712261402250739	0.447132636871937	1	1	1	1
"UBAP1.Q9NZ09"	"UBAP1.Q9NZ09"	0.592853774601772	0.477414280410199	0.0781783574662414	1.0681745491899	0.0534606849363879	0.934328859367426	1	1	1	1
"UBAP2L.Q14157.1"	"UBAP2L.Q14157.1"	0.220106054373533	0.00134302327796517	0.0257421016497002	0.243058103506461	0.243113382198331	0.940356184710182	1	1	1	1
"UBAP2.Q5T6F2"	"UBAP2.Q5T6F2"	0.00138208368212898	0.0019156936552572	6.84844887551415e-06	0.439758068487463	0.124381829824348	0.000251746436493651	1	1	1	1
"UBASH3B.Q8TF42"	"UBASH3B.Q8TF42"	0.0885176440933368	0.105731895089704	0.00601748078394417	0.955002876442797	0.239968557016447	0.674001908243559	1	1	1	1
"UBE2A.P49459"	"UBE2A.P49459"	0.118856994908891	0.0194044783179714	0.00198961944002956	0.495627314742995	0.00806458826799192	0.829578184149141	1	1	1	1
"UBE2B.P63146"	"UBE2B.P63146"	0.0994077043340193	0.369066184607532	0.000146801194380883	0.888752003443626	0.0244737013015072	5.75132419745627e-06	1	1	1	0.0328803204368575
"UBE2C.O00762"	"UBE2C.O00762"	0.184706394305225	0.0226540540496517	2.68706276743891e-05	1.32261359244955	0.747469956674694	0.0329865074440006	1	1	1	1
"UBE2D3.P61077"	"UBE2D3.P61077"	0.972154863152561	0.298518480506581	0.943544884174659	-0.0196581135779746	0.388933689153519	0.514950193018582	1	1	1	1
"UBE2E1.P51965"	"UBE2E1.P51965"	0.0477676682468788	0.770831378470045	0.0526878948199584	-1.07109402691921	0.311098313402408	0.0789292389624929	1	1	1	1
"UBE2E2.Q96LR5"	"UBE2E2.Q96LR5"	0.00017208288495716	0.0608574891627086	0.159457407327342	-0.188068882959533	0.034037968702047	0.0480786375484078	0.907737218149017	1	1	1
"UBE2G1.P62253"	"UBE2G1.P62253"	0.00227543031472039	0.0373118674082637	0.049802401013437	0.486573445076297	0.157542648223849	0.00431250404329241	1	1	1	1
"UBE2G2.P60604"	"UBE2G2.P60604"	9.27433064296158e-09	1.2718584628769e-08	5.00209686335919e-05	-0.568737163011138	0.0298175505187266	0.646592986448753	5.39951530033223e-05	7.40094439548067e-05	1	1
"UBE2H.P62256"	"UBE2H.P62256"	0.00106607907698508	0.511408892080008	0.702108973122009	-0.237426951173972	0.198431993351591	0.543072049414922	1	1	1	1
"UBE2I.P63279"	"UBE2I.P63279"	0.0032922668724775	0.975437910349748	0.00547984457454837	0.356557919257851	0.778538592077383	0.00271301180992936	1	1	1	1
"UBE2J1.Q9Y385"	"UBE2J1.Q9Y385"	0.0218717756905107	0.996653270307536	6.01895117354715e-05	-0.69801872590264	0.0393414673321907	2.92004698544522e-05	1	1	1	0.163668633534205
"UBE2K.P61086"	"UBE2K.P61086"	0.0377027681103669	0.0102956747117911	0.461225359493541	0.122134020980637	0.327637506455816	0.0447814367258014	1	1	1	1
"UBE2L3.P68036"	"UBE2L3.P68036"	0.00349479737408819	0.0236558891614792	0.0134576977247659	0.308361870884381	0.715250481666418	0.000255461740586398	1	1	1	1
"UBE2L6.O14933"	"UBE2L6.O14933"	0.0136549009885959	0.230699721832742	0.460805880975448	0.230983189993172	0.0604961942241265	0.471311066017875	1	1	1	1
"UBE2M.P61081"	"UBE2M.P61081"	0.741064936449456	0.0330306003501738	0.419669223219314	0.139624092157614	0.169603577885675	0.0277797103200114	1	1	1	1
"UBE2N.P61088"	"UBE2N.P61088"	0.616813765833886	0.75005563495247	0.995829655764084	-0.00151000240036425	0.137685343098477	0.0185216323989856	1	1	1	1
"UBE2O.Q9C0C9"	"UBE2O.Q9C0C9"	2.2336983221055e-05	4.78217448235325e-05	9.77579588230389e-06	-0.377749771938778	0.794180185727481	0.148464736588949	0.12278639676614	0.258715639495311	1	1
"UBE2Q1.Q7Z7E8"	"UBE2Q1.Q7Z7E8"	0.274059364926985	0.0176266654234325	0.00079036559662827	0.317547026117437	0.00324005488416337	4.30676235414533e-05	1	1	1	0.239585189761105
"UBE2R2.Q712K3"	"UBE2R2.Q712K3"	0.0784894154782129	0.116871896566356	0.342506878167382	0.314596712497998	0.538465978863539	0.410656843865092	1	1	1	1
"UBE2S.Q16763"	"UBE2S.Q16763"	2.41586924761403e-08	2.80177381021304e-07	1.92266022190074e-14	1.47906810129938	0.325946996267565	2.10318490231881e-08	0.000140386161978852	0.00161158029563454	1	0.000123667272256346
"UBE2T.Q9NPD8"	"UBE2T.Q9NPD8"	0.000124880409055365	1.47973383776414e-05	2.73085324167533e-11	1.37469962302531	0.0342268499865309	0.00649048583311062	0.66386425453832	0.0817404971980912	1	1
"UBE2V1.Q13404.1"	"UBE2V1.Q13404.1"	0.409123151599714	0.227309867818103	0.369009661326533	0.216812668769947	0.392609451044003	0.0806777701267797	1	1	1	1
"UBE2V2.Q15819"	"UBE2V2.Q15819"	0.918796033484864	0.0435683099207978	0.956607931171512	-0.00784066499797925	0.404532573782056	0.018587708553137	1	1	1	1
"UBE2Z.Q9H832"	"UBE2Z.Q9H832"	0.136459143956246	0.000199146929784532	0.10750236815295	0.144567375526094	0.460349346575152	0.00119804636118512	1	1	1	1
"UBE3A.Q05086"	"UBE3A.Q05086"	0.0120448101906983	0.0261073176799127	0.517790943101296	0.051595591949918	0.164035912038391	0.648208392991475	1	1	1	1
"UBE3C.Q15386"	"UBE3C.Q15386"	0.642796528305557	0.235561844150138	0.11896841576616	-0.493527188820932	0.165716158977189	0.918020990651322	1	1	1	1
"UBE4A.Q14139"	"UBE4A.Q14139"	0.000588678182044239	0.000291270482392439	0.000237843836497529	0.452941066287302	0.217716448232765	0.542509246519021	1	1	1	1
"UBE4B.O95155"	"UBE4B.O95155"	0.000189504251365196	0.0167554881018263	0.000829764760505422	0.256750083176473	0.409564549002855	0.00559531485225387	0.997171370683663	1	1	1
"UBFD1.O14562"	"UBFD1.O14562"	0.334629207796338	0.752438977557796	0.047294382639951	-0.417287075467743	0.0830889036394669	0.098300656486795	1	1	1	1
"UBL4A.P11441"	"UBL4A.P11441"	0.408922797943986	0.00408121613024871	0.245284273496132	0.12264619146521	0.136527945424624	0.728797041869673	1	1	1	1
"UBL5.Q9BZL1"	"UBL5.Q9BZL1"	0.115367922664663	0.120978810668712	0.016789872459471	0.559212222298552	0.198146701869553	0.864801753800693	1	1	1	1
"UBL7.Q96S82"	"UBL7.Q96S82"	0.0586330642029039	0.261774919646102	0.0514450168585292	0.260909057982778	0.093335786803873	0.00222477759678622	1	1	1	1
"UBLCP1.Q8WVY7"	"UBLCP1.Q8WVY7"	0.500031012199195	0.51574963380837	0.792608178057861	-0.0683808319347827	0.709633272596942	0.328300231012985	1	1	1	1
"UBN1.Q9NPG3"	"UBN1.Q9NPG3"	0.129859537577881	0.00144372867313364	1.27747096366973e-05	0.938705559870403	0.0207151897739436	0.00369589963393157	1	1	1	1
"UBP1.Q9NZI7"	"UBP1.Q9NZI7"	0.00206956704717306	0.584201869775615	0.00323259397914002	-0.872357498938504	0.135647184410193	0.400015378997472	1	1	1	1
"UBQLN1.Q9UMX0"	"UBQLN1.Q9UMX0"	0.738926188596214	0.178046252773798	0.427811866187353	0.0694521522401323	0.251169828165481	0.00103193740007528	1	1	1	1
"UBQLN2.Q9UHD9"	"UBQLN2.Q9UHD9"	0.156946542874142	0.78553593412164	0.465281861666816	0.0855616606110698	0.388374760958557	0.00109421393868915	1	1	1	1
"UBQLN4.Q9NRR5"	"UBQLN4.Q9NRR5"	0.748264871235965	0.570501269847375	0.00327222138976824	0.300003355419429	0.000141911431663934	0.00165699404262807	1	1	0.828762760917373	1
"UBR1.Q8IWV7"	"UBR1.Q8IWV7"	0.138674217891654	0.191824123921941	0.0212008918226665	-0.41031582832426	0.314377366944001	0.582780081890098	1	1	1	1
"UBR2.Q8IWV8"	"UBR2.Q8IWV8"	0.483295711224574	0.55304354001929	0.945219895698306	-0.0132141228374764	0.132685331976497	0.225268299304272	1	1	1	1
"UBR4.Q5T4S7"	"UBR4.Q5T4S7"	0.303207078667975	0.0037133009092367	0.0161659209688821	-0.17887136160325	0.281109978420265	0.20954800871066	1	1	1	1
"UBR5.O95071"	"UBR5.O95071"	1.47498386815448e-05	0.225613663137642	7.39323562765845e-06	0.350821772118856	0.540555172783881	0.675057668192226	0.0814486091994902	1	1	1
"UBR7.Q8N806"	"UBR7.Q8N806"	0.128251811772208	0.451972840937928	0.780541116894511	-0.0478238462313522	0.537284366760574	0.292983974610575	1	1	1	1
"UBTF.P17480"	"UBTF.P17480"	0.00533770818645907	2.17059015054747e-05	0.102480666400311	0.124116285013591	0.0120760162424816	0.872742382384906	1	0.119230516969573	1	1
"UBXN1.Q04323"	"UBXN1.Q04323"	0.23219657300396	0.00118992934547373	0.585684315778662	0.0779407686341096	0.0392684896567061	0.168071743840596	1	1	1	1
"UBXN2B.Q14CS0"	"UBXN2B.Q14CS0"	0.652436036076557	0.714014856511548	0.847680339394238	0.044202745034798	0.330237773712348	0.0646721965915252	1	1	1	1
"UBXN4.Q92575"	"UBXN4.Q92575"	0.00503657514210633	0.00311810409357963	0.144918057485424	-0.227100526992834	0.948549553730661	2.42786295922263e-05	1	1	1	0.136470176937904
"UBXN6.Q9BZV1"	"UBXN6.Q9BZV1"	0.79734774585449	0.993673194891004	0.277432483181437	0.170225921760428	0.000118808661027185	0.00873295927400769	1	1	0.694436623703897	1
"UBXN7.O94888"	"UBXN7.O94888"	0.0057856382724946	0.000796027282842341	0.000149056264574225	0.531754168639505	0.0794864175735722	0.00267766213030672	1	1	1	1
"UCHL3.P15374"	"UCHL3.P15374"	0.525896146678438	0.36092469479607	0.0135958695701064	-0.205429482330042	0.434580166972696	5.75062537922977e-05	1	1	1	0.318239608486575
"UCHL5.Q9Y5K5"	"UCHL5.Q9Y5K5"	0.9299187461304	0.960544050050853	0.112888693081091	-0.190778780726732	0.0717958735751344	0.0773208696220353	1	1	1	1
"UCK2.Q9BZX2"	"UCK2.Q9BZX2"	0.76748346670364	0.817312749389979	0.115844969323302	0.315256353410989	0.680686399319436	0.234630401011669	1	1	1	1
"UEVLD.Q8IX04"	"UEVLD.Q8IX04"	0.0714442115927713	0.429842470337859	0.967988496482231	0.00408851681924116	0.395818843641933	0.00874285501701227	1	1	1	1
"UFC1.Q9Y3C8"	"UFC1.Q9Y3C8"	0.070411282768662	0.0985901573572636	0.00956871800640554	0.734889613688212	0.0566544561119572	0.0880756577724104	1	1	1	1
"UFD1.Q92890"	"UFD1.Q92890"	0.679381310256833	0.0823565219471578	0.948862922022099	0.00938694980014744	0.0801128947794147	0.953916912467012	1	1	1	1
"UFL1.O94874"	"UFL1.O94874"	0.0068554061294848	0.31340408085127	5.4386422350082e-06	-0.65559821687367	0.253673886053209	0.00402180822326179	1	1	1	1
"UFM1.P61960"	"UFM1.P61960"	0.104147876631317	0.297281788371385	0.10515438017799	1.24167405840312	0.620254874774724	0.680809527880339	1	1	1	1
"UFSP2.Q9NUQ7"	"UFSP2.Q9NUQ7"	0.0806286419068076	0.146544251144475	0.00380380670155152	-0.426983692328434	0.18144148385145	0.0180145874242441	1	1	1	1
"UGDH.O60701"	"UGDH.O60701"	0.0521073169605624	0.0023969735232592	2.44178834252167e-05	-0.67289885081478	0.507740635104692	0.842519129081985	1	1	1	1
"UGGT1.Q9NYU2"	"UGGT1.Q9NYU2"	0.0620277484684777	0.0175388161237933	0.942323933031345	0.00699467207849791	0.577942060357757	0.0373668071797422	1	1	1	1
"UGP2.Q16851"	"UGP2.Q16851"	0.455937778780488	0.310961334828017	0.000910536850164143	-0.240028002708406	0.18908213943547	0.000260490008925541	1	1	1	1
"UGT8.Q16880"	"UGT8.Q16880"	0.0472749839816997	0.420726056381497	0.0338927763672112	0.306428308462858	0.913801498503608	0.000256098625574311	1	1	1	1
"UHRF1BP1L.A0JNW5"	"UHRF1BP1L.A0JNW5"	0.0507306000577842	0.723489107554656	0.214061944606111	0.441927517068301	0.961594671189904	0.135276843361521	1	1	1	1
"UHRF1BP1.Q6BDS2"	"UHRF1BP1.Q6BDS2"	0.0208403496007533	0.00356591593104898	0.547937174157744	-0.0724136383264888	0.0129723713147387	0.555407419939468	1	1	1	1
"UHRF1.Q96T88"	"UHRF1.Q96T88"	0.178700100844272	0.00623315238189437	5.51837358678179e-13	1.06537715671536	0.836371591864809	1.21449983778783e-05	1	1	1	0.0689350107928371
"UIMC1.Q96RL1"	"UIMC1.Q96RL1"	0.0968557109636888	0.00401772117946619	0.337890185351979	-0.135211313999686	0.47664869191787	0.055258292232339	1	1	1	1
"ULBP3.Q9BZM4"	"ULBP3.Q9BZM4"	0.00501440596495286	0.867142239076657	0.111547691919239	0.416396356798594	0.958322997391383	0.678369972410716	1	1	1	1
"UMAD1.C9J7I0"	"UMAD1.C9J7I0"	0.184270912218176	0.18269065741901	0.0631865325876727	-0.2826756540562	0.0130985387027728	0.477155711058502	1	1	1	1
"UMPS.P11172"	"UMPS.P11172"	0.973216971857808	0.207456068314918	0.261336596902739	0.136234743278335	0.678163034129726	0.0254524284148496	1	1	1	1
"UNC119B.A6NIH7"	"UNC119B.A6NIH7"	0.237378189991926	0.222909556167065	0.434894211483557	-0.101728670473044	0.16956688553755	0.0743544899677113	1	1	1	1
"UNC13D.Q70J99"	"UNC13D.Q70J99"	0.000725236234604281	8.11985466665217e-05	2.0604808804885e-05	-0.529143369802119	0.4623552049857	0.882690054066364	1	0.435386607225889	1	1
"UNC45A.Q9H3U1"	"UNC45A.Q9H3U1"	0.000177686041120934	0.888605858358671	0.0439293858239789	-0.253892241688581	0.00328240488096321	0.768347398979903	0.936583122748442	1	1	1
"UNC93B1.Q9H1C4"	"UNC93B1.Q9H1C4"	0.0609590142785551	0.021648544334925	0.0115860686257462	0.505438333318616	0.0192939249053192	0.000170078907844319	1	1	1	0.915874918741658
"UNG.P13051"	"UNG.P13051"	0.00817169514834364	0.0648278445825965	0.00268953098174817	1.11196587651811	0.957447399344733	0.588833369053477	1	1	1	1
"UPF1.Q92900"	"UPF1.Q92900"	0.601533697475187	0.230281330350452	0.394733438059875	-0.0845936297919526	0.193047205759456	0.86901729752762	1	1	1	1
"UPF2.Q9HAU5"	"UPF2.Q9HAU5"	0.346654655208374	0.0262340593766776	0.243855085245839	0.195762937301065	0.0231623045152939	0.645897542834139	1	1	1	1
"UPP1.Q16831"	"UPP1.Q16831"	0.396850001188976	0.300056653180917	0.0326829531151271	-1.03716522599867	0.338820580785762	0.187071360759177	1	1	1	1
"UPRT.Q96BW1"	"UPRT.Q96BW1"	0.546743034601618	0.0929151965772375	0.00627265175565921	-0.847103448005432	0.54152333682719	0.335082193960893	1	1	1	1
"UQCC1.Q9NVA1"	"UQCC1.Q9NVA1"	0.00756545575731433	0.96882420631554	0.369391365997405	0.193831782687271	0.0566648995274379	0.00378085630847402	1	1	1	1
"UQCC2.Q9BRT2"	"UQCC2.Q9BRT2"	0.576011749652795	0.334804847630576	0.537804049848642	-0.158045651531636	0.091318364868459	0.0041964385614319	1	1	1	1
"UQCR10.Q9UDW1"	"UQCR10.Q9UDW1"	1.48404201766378e-05	0.00379005802992237	0.00798889409117846	-0.433751382187297	0.907414683104244	0.0176479306371648	0.0819339597952175	1	1	1
"UQCRB.P14927"	"UQCRB.P14927"	0.855362126533287	0.830328991050346	0.947277345259575	-0.0282738863636019	0.0392964673473278	0.43945804952763	1	1	1	1
"UQCRC1.P31930"	"UQCRC1.P31930"	0.000125207886664085	0.039107705307794	0.000953425625688081	-0.323626445196993	0.0590799014020253	8.78420544265028e-07	0.665479917619609	1	1	0.00509923125945849
"UQCRC2.P22695"	"UQCRC2.P22695"	0.000446534609825296	0.00180372268551006	0.0213271493041672	-0.244526346907298	0.285913659212863	0.0108886697910498	1	1	1	1
"UQCRFS1.P47985"	"UQCRFS1.P47985"	0.227079759331203	0.0247477799920236	0.220318477557149	-0.206553688593929	0.0191713958054707	0.222119730495424	1	1	1	1
"UQCRH.P07919"	"UQCRH.P07919"	0.019471279725963	0.0165280137661882	0.0158099961491699	-0.318663316974592	0.119424299684684	0.165396195007096	1	1	1	1
"UQCRQ.O14949"	"UQCRQ.O14949"	0.12653843031296	0.091803191675955	0.0051473819160193	0.346833914266004	0.757727766028296	0.402179501557773	1	1	1	1
"URB1.O60287"	"URB1.O60287"	0.716089223771424	0.614789431383755	0.870886658135009	0.0178537556809747	0.346609278631978	0.000527565989962533	1	1	1	1
"URB2.Q14146"	"URB2.Q14146"	0.387725441437589	0.0206767416622261	0.14099484476258	-0.14995229039214	0.035430501663256	3.1115343591407e-08	1	1	1	0.000182802643599516
"URGCP.Q8TCY9"	"URGCP.Q8TCY9"	0.146064388863099	0.0566386334472963	0.736256762372896	0.137190049940191	0.298572051261581	0.663345999751679	1	1	1	1
"URI1.O94763"	"URI1.O94763"	0.359528207474175	0.237356445665976	0.0122704676817587	0.527150334928717	0.0073962560948667	0.0470081252795904	1	1	1	1
"URM1.Q9BTM9"	"URM1.Q9BTM9"	0.0595718532631768	0.781760023387628	0.0866671623889823	1.19575305524835	0.948193658045763	0.456278634328529	1	1	1	1
"UROD.P06132"	"UROD.P06132"	0.840624474300765	0.0147548234080458	0.437010048081288	0.108320274629013	0.072669779540182	0.0866083861675315	1	1	1	1
"USE1.Q9NZ43"	"USE1.Q9NZ43"	0.541489117272134	0.312119839360159	0.318001706513395	0.288577344199204	0.840388804265439	0.697856376919401	1	1	1	1
"USF1.P22415"	"USF1.P22415"	0.0734366938895401	0.0996510431338781	0.127509101005431	0.654576711201788	0.0164445294960697	0.116958235716172	1	1	1	1
"USO1.O60763"	"USO1.O60763"	0.000638068388968458	0.000301026987627252	0.000233609804896492	-0.321972698349649	0.747628265789475	0.0214640103604921	1	1	1	1
"USP10.Q14694"	"USP10.Q14694"	0.00527655008601988	0.78197661754583	0.0532264948906147	0.13910693927715	0.00256844477958053	0.811735486691435	1	1	1	1
"USP11.P51784"	"USP11.P51784"	0.283482048357369	0.00140849803416476	0.457750266249916	-0.0697698301722343	0.155227699894245	0.232789202612429	1	1	1	1
"USP13.Q92995"	"USP13.Q92995"	0.510568918147229	0.614215684659644	0.777888124547129	-0.0732005880523464	0.385953847114157	0.535621258968018	1	1	1	1
"USP14.P54578"	"USP14.P54578"	0.0207994801323995	0.00218097896071035	0.50564129427927	0.0958252389807026	0.1490435775406	0.41397968980292	1	1	1	1
"USP15.Q9Y4E8"	"USP15.Q9Y4E8"	0.00385100143127569	1.86727593175698e-05	0.921217451402558	0.00677712576266569	0.653898980520316	0.164077820962664	1	0.102774867283904	1	1
"USP16.Q9Y5T5"	"USP16.Q9Y5T5"	0.0103245162821208	4.19833615767477e-05	0.000461713462518459	0.366070909084195	0.0247242132836242	0.0733220269319162	1	0.22771775319228	1	1
"USP19.O94966.6"	"USP19.O94966.6"	3.91628464709578e-07	3.7429836534771e-06	5.69350356121919e-07	-0.6694218281993	0.683482787492375	0.187993521148839	0.00224716413050356	0.0210954558709969	1	1
"USP22.Q9UPT9"	"USP22.Q9UPT9"	0.212013698619591	0.0114524389558361	0.00810466780316196	0.678973391270279	0.655163521973129	0.492267768875421	1	1	1	1
"USP24.Q9UPU5"	"USP24.Q9UPU5"	1.56226598206398e-08	1.51724020737965e-09	6.42568251287011e-07	0.521155170094209	0.439190124151489	0.657431231070557	9.08613895168412e-05	8.87585521317098e-06	1	1
"USP28.Q96RU2.2"	"USP28.Q96RU2.2"	0.43168684368062	0.348483182464554	0.847223044937045	0.0283824086024923	0.438700144951663	0.64337087880008	1	1	1	1
"USP32.Q8NFA0"	"USP32.Q8NFA0"	0.341872290435533	0.0543541572820763	0.962820788323762	0.00515065542952678	0.737551262537424	0.10087637928532	1	1	1	1
"USP34.Q70CQ2"	"USP34.Q70CQ2"	0.635405175553749	0.000458674059543165	0.297343851577664	0.144072707309462	0.403969485968606	0.0855477290322559	1	1	1	1
"USP36.Q9P275"	"USP36.Q9P275"	0.000154829487581226	1.01645397184749e-05	9.84824238204552e-05	-0.485500039653873	0.267497528295621	5.34533713051551e-05	0.818583500841941	0.0565453344538757	1	0.296398943887085
"USP39.Q53GS9"	"USP39.Q53GS9"	0.599027059352699	0.167956599393583	0.946777921875945	-0.00742607576645323	0.229583495741094	0.121768866964592	1	1	1	1
"USP3.Q9Y6I4"	"USP3.Q9Y6I4"	6.485921397824e-07	2.58150119300733e-07	8.80414451751566e-07	0.437692145780565	0.422270705597035	0.0707800487248853	0.00370994703955533	0.00148565393657572	1	1
"USP42.Q9H9J4"	"USP42.Q9H9J4"	0.00670152353653339	0.0426810892367029	2.99663577293657e-05	0.660988026440527	0.704783385800165	0.00097569307995947	1	1	1	1
"USP46.P62068"	"USP46.P62068"	0.128413326067304	0.198471188680778	0.898454055436751	0.0853917245468453	0.251405791824645	0.225552820091167	1	1	1	1
"USP47.Q96K76"	"USP47.Q96K76"	4.51113563990536e-05	0.00158217358793618	3.02256822291549e-06	0.510226148500789	0.00513343094664668	5.66354380463081e-05	0.244683997108467	1	1	0.313647055900454
"USP4.Q13107"	"USP4.Q13107"	0.00427070052224388	0.0163280986990886	0.836844791128943	-0.0568466944945308	0.0063418310772123	0.128437824442527	1	1	1	1
"USP5.P45974.2"	"USP5.P45974.2"	0.0267385215361354	0.000102727785178524	0.378968890062247	0.0925453601455446	0.604966000503959	0.133508709545761	1	0.548052733927426	1	1
"USP7.Q93009"	"USP7.Q93009"	0.00717757288112468	0.21175527579376	0.132123019549366	-0.0580483603016608	0.00298532444748621	0.00574236972276596	1	1	1	1
"USP9X.Q93008"	"USP9X.Q93008"	0.0610839856736823	8.75895210517867e-06	0.760906486973335	0.0238634901646287	0.24360195957764	0.676507783978277	1	0.0488399169384763	1	1
"UTP11.Q9Y3A2"	"UTP11.Q9Y3A2"	0.366065544264596	0.000961922271738847	0.0333371307890012	-0.347239082123957	0.62300911248936	0.0101882194162423	1	1	1	1
"UTP14A.Q9BVJ6"	"UTP14A.Q9BVJ6"	5.84772956729837e-05	0.0500763605570636	0.000490381068730647	-0.657059746824296	0.60976144712346	0.00318141099676517	0.315660442042766	1	1	1
"UTP15.Q8TED0"	"UTP15.Q8TED0"	0.0352868012542767	0.0347240852275363	0.00535826938588717	-0.297313209170372	0.320429638045221	6.22437969606161e-06	1	1	1	0.0355536568239039
"UTP18.Q9Y5J1"	"UTP18.Q9Y5J1"	0.324224203102085	0.0839338707643709	0.580161145346507	-0.0563560147071483	0.376595679997442	7.03912918774447e-06	1	1	1	0.0401582320160822
"UTP20.O75691"	"UTP20.O75691"	0.623707431009981	0.840311971366934	0.601887146477711	-0.0631530873297786	0.352251939294809	4.55673179131766e-06	1	1	1	0.0261055164324589
"UTP23.Q9BRU9"	"UTP23.Q9BRU9"	0.357958048262059	0.666385858839014	0.271630562657659	-0.250541783394414	0.816838942674085	0.000222944726240038	1	1	1	1
"UTP25.Q68CQ4"	"UTP25.Q68CQ4"	0.00174872255848743	0.00108005299479846	0.000214434216220128	-0.459716406324231	0.666368340000638	0.00238438062327815	1	1	1	1
"UTP3.Q9NQZ2"	"UTP3.Q9NQZ2"	0.0285731816254738	0.206844769552348	0.0105456285039591	-0.524409907800429	0.262347405074553	0.00779508018339044	1	1	1	1
"UTP4.Q969X6"	"UTP4.Q969X6"	0.130367566057827	0.125073468290972	0.0257979622913648	-0.221104320255587	0.0381302357807792	2.25816837177016e-05	1	1	1	0.127112297646942
"UTP6.Q9NYH9"	"UTP6.Q9NYH9"	0.00721540456318961	0.00167559882457843	1.97125524007819e-06	-0.555793983720359	0.298355508421192	3.50152681323791e-06	1	1	1	0.0201022654347989
"UTRN.P46939"	"UTRN.P46939"	4.20755873380599e-08	0.00312788797937619	4.6063197653864e-06	-0.349408006792385	0.0122558844685641	0.00344034853984329	0.000243912179798733	1	1	1
"UXS1.Q8NBZ7"	"UXS1.Q8NBZ7"	0.233983292082478	0.0361991331441375	0.167716035228712	0.226303382874856	0.313886109978944	0.113597111204972	1	1	1	1
"UXT.Q9UBK9"	"UXT.Q9UBK9"	0.0178459338041771	0.0309769966699228	0.237631557228955	0.186368914263775	0.900702265258726	0.576277422276896	1	1	1	1
"VAC14.Q08AM6"	"VAC14.Q08AM6"	0.598271317580338	0.0278518291345882	0.804031621911895	-0.0445427768768301	0.950802848142687	0.157423746471373	1	1	1	1
"VAMP1.P23763"	"VAMP1.P23763"	0.231905312510719	0.99816269468018	0.165735185371796	-0.494508817212203	0.465278807706271	0.326855618797024	1	1	1	1
"VAMP3.Q15836"	"VAMP3.Q15836"	0.312826071334602	0.978549579753404	0.361716201493765	-0.299688596369949	0.137060773544012	0.588820294831944	1	1	1	1
"VAMP7.P51809"	"VAMP7.P51809"	0.881123018408874	0.46052830334177	0.188487270340523	-0.339988939173278	0.0811779649068679	0.118000683287701	1	1	1	1
"VAMP8.Q9BV40"	"VAMP8.Q9BV40"	1.02947538286077e-06	0.00164737010293884	3.63611544903219e-05	-1.35893526307053	0.00363035661286853	0.0354968097822055	0.00586492125615779	1	1	1
"VANGL1.Q8TAA9"	"VANGL1.Q8TAA9"	0.707252766620714	0.342651651296498	0.0830582836043253	0.431652285279072	0.844924531070609	0.00109812179122202	1	1	1	1
"VAPA.Q9P0L0"	"VAPA.Q9P0L0"	0.0259806918390691	0.200724904272693	0.692005106129973	0.0421946461580131	0.0619309777453355	0.678369178866157	1	1	1	1
"VAPB.O95292"	"VAPB.O95292"	0.00155511596046696	0.00305980314957357	0.923719766659335	-0.00820699067786046	0.000458353026995655	0.495908451713441	1	1	1	1
"VARS1.P26640"	"VARS1.P26640"	4.45602182043734e-05	3.7061281651384e-05	0.0627906094771687	0.163061708978565	0.351200133177509	0.49099506333591	0.24178374397693	0.201539249620226	1	1
"VARS2.Q5ST30"	"VARS2.Q5ST30"	3.42400947528355e-06	0.00490111966868174	5.49770225348181e-06	-0.531309482839529	0.211267603552163	2.64166014407897e-07	0.0192977174026981	1	1	0.00154510701827179
"VASP.P50552"	"VASP.P50552"	8.51354541873983e-07	0.00364703394796267	0.000234899935692379	0.228982641474923	0.156256228184099	2.31284270998245e-08	0.00485953172501669	1	1	0.000135972022919868
"VAT1L.Q9HCJ6"	"VAT1L.Q9HCJ6"	0.0579945704896538	0.0716289652219353	0.353677020248724	0.620575676842466	0.556046507857389	0.138731001094974	1	1	1	1
"VAT1.Q99536"	"VAT1.Q99536"	0.0260591985919203	0.00315344868294379	0.777262706005818	-0.0322665611467494	0.477174796344915	0.837870148731066	1	1	1	1
"VAV2.P52735"	"VAV2.P52735"	0.595700253444531	0.0403912561169074	0.955824884135281	0.0106398068586766	0.250905666863129	0.37417630828303	1	1	1	1
"VBP1.P61758"	"VBP1.P61758"	0.817393747523357	0.00908931478619304	0.345816627873157	0.198236278833569	0.288617534059867	0.965466193642371	1	1	1	1
"VBP1.P61758.2"	"VBP1.P61758.2"	0.713873049146728	0.430326893565202	0.686762137917551	-0.13166308916671	0.366191053778355	0.910657051182279	1	1	1	1
"VCL.P18206"	"VCL.P18206"	0.927209037667687	0.302556475126411	0.749341624703787	-0.0646631781952176	0.466114663059644	0.228457842012473	1	1	1	1
"VCPIP1.Q96JH7"	"VCPIP1.Q96JH7"	0.0238610134307625	0.0138158246672921	0.348194510591709	0.0814430781047837	0.7635440837981	0.0323576802576793	1	1	1	1
"VCP.P55072"	"VCP.P55072"	0.508206688772507	0.188527677493592	0.0343928486489082	-0.284936831254506	0.0710440774047285	0.742457316170411	1	1	1	1
"VDAC1.P21796"	"VDAC1.P21796"	0.000237682829829494	0.0875759536062021	0.00262631179415357	-0.447947850202642	0.334633977561504	0.000592735296203882	1	1	1	1
"VDAC2.P45880"	"VDAC2.P45880"	0.243160700486915	0.901785579505028	0.0121733604739296	-0.426590849515241	0.0173839605117906	0.0041567162996678	1	1	1	1
"VDAC3.Q9Y277"	"VDAC3.Q9Y277"	0.82367089546354	0.118732577045273	0.305604507237942	-0.181294765597449	0.0435120965557955	4.56861211786896e-07	1	1	1	0.00266669889320011
"VEZF1.Q14119"	"VEZF1.Q14119"	0.302188151125616	0.0292628131267188	0.00391524114863398	-0.347237128062682	0.0673110964251198	0.0378301395058022	1	1	1	1
"VGF.O15240"	"VGF.O15240"	0.352304488996212	0.0281896469149363	0.0348876546805745	0.822387736369149	0.249259972012028	0.262273042023019	1	1	1	1
"VHL.P40337"	"VHL.P40337"	0.815051155026183	0.440191946948101	0.628328812468281	0.136523880351153	0.0184029805679384	0.03352578771129	1	1	1	1
"VIM.P08670"	"VIM.P08670"	0.996755618845532	0.25460169584815	0.506879324381805	0.131415640953629	0.349054454676361	0.345872051335329	1	1	1	1
"VIPAS39.Q9H9C1"	"VIPAS39.Q9H9C1"	0.794879493771889	0.893889214002707	0.488038434761777	0.14658050925219	0.015160731483614	0.732661996015065	1	1	1	1
"VIRMA.Q69YN4"	"VIRMA.Q69YN4"	0.7459814483171	0.133159486302409	0.445266709627503	0.11076601126918	0.901710402577511	0.00429679391291733	1	1	1	1
"VKORC1L1.Q8N0U8"	"VKORC1L1.Q8N0U8"	0.771475995317952	0.585134563153284	0.435821250897787	-0.327497172506396	0.0130564776511921	0.0149744872388845	1	1	1	1
"VKORC1.Q9BQB6"	"VKORC1.Q9BQB6"	0.0570861143443796	0.126330978326428	0.692474081238822	-0.170125555181357	0.232220025166215	0.00144263289424013	1	1	1	1
"VLDLR.P98155"	"VLDLR.P98155"	0.772017620543518	0.294767062364979	0.562772045101032	-0.29579663478119	0.522330797162854	0.394868292607261	1	1	1	1
"VMP1.Q96GC9"	"VMP1.Q96GC9"	0.628457691003166	0.00147516211836946	0.00346630072105597	-0.430425931687938	0.000945972636280853	0.0205737573415151	1	1	1	1
"VPS13A.Q96RL7"	"VPS13A.Q96RL7"	0.227853669174329	0.351395884968125	0.595500868522344	-0.254597038915059	0.088573672813109	0.0602765541775767	1	1	1	1
"VPS13C.Q709C8"	"VPS13C.Q709C8"	0.000383736645481283	9.39029428477632e-05	0.032026531006642	0.180696122295357	0.00425378144235482	0.997679072717215	1	0.501817326578447	1	1
"VPS16.Q9H269"	"VPS16.Q9H269"	0.43310372232405	0.326657368602053	0.116590310726962	0.272639864992108	0.0959818525179109	0.843097502926207	1	1	1	1
"VPS18.Q9P253"	"VPS18.Q9P253"	0.319510115738561	0.040093628584309	0.0332361866063762	-0.262215115682072	0.601604681844315	0.908081458706905	1	1	1	1
"VPS25.Q9BRG1"	"VPS25.Q9BRG1"	0.00323325648145258	0.694405895382554	1.41272444447481e-05	0.834301338088592	0.737658253702717	0.00323995658571998	1	1	1	1
"VPS26A.O75436"	"VPS26A.O75436"	0.0594179701658825	0.919179416781132	0.505494430435915	-0.0651368879321114	0.232245591653712	0.131045328663194	1	1	1	1
"VPS26B.Q4G0F5"	"VPS26B.Q4G0F5"	4.82354244265875e-06	0.00216182857543044	0.00271401216578298	-0.705336562789471	0.0190713425537974	0.693033474521781	0.0270359553911023	1	1	1
"VPS28.Q9UK41"	"VPS28.Q9UK41"	0.0121106996341065	0.00665341026906786	0.736908907802833	-0.0492986477084632	0.196561260597897	0.598701994701078	1	1	1	1
"VPS29.Q9UBQ0"	"VPS29.Q9UBQ0"	0.00308455381010346	9.12712791533034e-06	0.00239028002919934	-0.260038467763144	0.403729233638775	1.65247700182126e-05	1	0.050865483872136	1	0.0933484258328829
"VPS33A.Q96AX1"	"VPS33A.Q96AX1"	0.382682302469107	0.82612450974415	0.0911711127101052	0.245588204945936	0.139662762122841	0.664444327233096	1	1	1	1
"VPS33B.Q9H267"	"VPS33B.Q9H267"	0.988920384807486	0.143552292104125	0.117552575961909	0.392244289901162	0.999529984830883	0.79896173907981	1	1	1	1
"VPS35L.Q7Z3J2"	"VPS35L.Q7Z3J2"	0.758701395501805	0.337788272603834	0.535030142610437	-0.130332089373027	0.325103442500088	0.171645567231329	1	1	1	1
"VPS35.Q96QK1"	"VPS35.Q96QK1"	0.745457788352953	0.12549542301021	0.00145989079022005	-0.241700626022047	0.040070297496568	0.00553963946674615	1	1	1	1
"VPS36.Q86VN1"	"VPS36.Q86VN1"	0.174874893190782	0.580506129675137	0.198943396872995	0.155423582721545	0.00566318834545174	0.0699636746196959	1	1	1	1
"VPS37A.Q8NEZ2"	"VPS37A.Q8NEZ2"	0.69983647377663	0.752731508799879	0.0448652760292078	-0.256744342045997	0.819050390804733	0.00230852016582729	1	1	1	1
"VPS37B.Q9H9H4"	"VPS37B.Q9H9H4"	0.353488369882473	0.564128493235292	0.362346435519377	-0.302679527446199	0.931301397971764	0.872565729490216	1	1	1	1
"VPS37C.A5D8V6"	"VPS37C.A5D8V6"	0.37225464455102	0.00916775967237115	0.122459903163504	-0.407102077521336	0.339645750296573	0.0354484040008584	1	1	1	1
"VPS39.Q96JC1"	"VPS39.Q96JC1"	0.579698282014359	0.881163833128002	0.925028062821858	-0.0326334013774501	0.385142906320386	0.391734324959126	1	1	1	1
"VPS45.Q9NRW7"	"VPS45.Q9NRW7"	0.273776307076284	0.348555543658988	0.0230894684762588	-0.445675726514593	0.00285711405698003	3.19235948031102e-05	1	1	1	0.178708283707811
"VPS4A.Q9UN37"	"VPS4A.Q9UN37"	0.151961038833979	0.309677580342525	0.335970054554154	0.165967303386217	0.522403368346734	0.0271894314924711	1	1	1	1
"VPS4B.O75351"	"VPS4B.O75351"	0.0462505878290648	0.000271195600656755	0.321471453290858	0.0936744189253179	0.0866677499242674	0.0548478810037344	1	1	1	1
"VPS51.Q9UID3"	"VPS51.Q9UID3"	0.527000200760167	0.19533512322285	0.0883431963728491	0.781497337238625	0.0900332167501505	0.597344073011286	1	1	1	1
"VPS52.Q8N1B4"	"VPS52.Q8N1B4"	0.126905982500944	0.0847015568846949	0.901661737884356	0.0469069416838447	0.00941036168612346	0.866166809492743	1	1	1	1
"VPS53.Q5VIR6"	"VPS53.Q5VIR6"	0.450966768243951	0.776114199353552	0.560757748736201	0.356017791649738	0.619904756387303	0.840545624409827	1	1	1	1
"VPS72.Q15906"	"VPS72.Q15906"	0.687132815788194	0.225691434282339	0.337501132294253	-0.260992717509509	0.309623690086272	0.488544216992864	1	1	1	1
"VPS8.Q8N3P4"	"VPS8.Q8N3P4"	0.245473310253374	0.00307447597273913	0.21934415128464	0.494917287982229	0.558347574989443	0.075219472508413	1	1	1	1
"VRK1.Q99986"	"VRK1.Q99986"	0.280693984604295	0.073680189724135	0.116230562143453	0.135844273229838	0.755165732330934	0.495464402115561	1	1	1	1
"VRK2.Q86Y07"	"VRK2.Q86Y07"	0.110910728221846	0.00683111088187906	0.993827046472194	-0.00110793592525055	0.732550628561236	0.00629402643513114	1	1	1	1
"VRK3.Q8IV63"	"VRK3.Q8IV63"	0.0285644535035169	0.0120754125709438	0.0535319399388069	0.969021931143815	0.0356077143378826	0.195736347220641	1	1	1	1
"VTA1.Q9NP79"	"VTA1.Q9NP79"	0.849111224356312	0.00125324111932345	0.773493202147257	-0.0583153955872706	0.407614728753926	0.284097168922301	1	1	1	1
"VTI1A.Q96AJ9"	"VTI1A.Q96AJ9"	0.0385907723604624	0.882323359768887	0.20702120682021	-0.154176439195323	0.727520380021153	0.327772293856247	1	1	1	1
"VTI1B.Q9UEU0"	"VTI1B.Q9UEU0"	0.0132759739545842	0.591319559263197	0.992358771772453	-0.0012168315848546	0.0991627553712858	0.00440276068807455	1	1	1	1
"VTN.P04004"	"VTN.P04004"	0.00215495806296961	0.00601912949102979	0.0713783371625478	-0.690423888681361	0.0710053437310783	0.0501716566863487	1	1	1	1
"VWA8.A3KMH1"	"VWA8.A3KMH1"	0.00111092937505454	0.00308552849149288	0.000104554239413439	-0.536153050796483	0.422498101290175	3.96384015680961e-05	1	1	1	0.220706619931159
"WAC.Q9BTA9"	"WAC.Q9BTA9"	0.0145349180087552	0.16006853106768	0.012047244097458	0.190928100110347	0.0580490918212249	0.825014632224072	1	1	1	1
"WAPL.Q7Z5K2"	"WAPL.Q7Z5K2"	0.261298897417946	0.0356251726503594	0.773308808507784	-0.0165727347314017	0.634371768990946	0.976694512529318	1	1	1	1
"WARS1.P23381"	"WARS1.P23381"	0.0503005949547376	0.632061612063026	9.79194637938195e-09	-0.951651119486934	0.808322040831044	0.016564787403437	1	1	1	1
"WARS2.Q9UGM6"	"WARS2.Q9UGM6"	0.00114559673837921	0.419867162526121	0.00386470039433409	-0.698065449999579	0.981067725035075	0.000633082749455367	1	1	1	1
"WASF1.Q92558"	"WASF1.Q92558"	0.0881302950190481	0.669233142127952	0.225668289721752	-0.287544082235041	0.0308146341794115	0.513683996176774	1	1	1	1
"WASF2.Q9Y6W5"	"WASF2.Q9Y6W5"	0.00495076105427016	0.0168356879706266	0.152410394021708	0.352661889062211	0.209821474249723	0.746895800440864	1	1	1	1
"WASH3P.C4AMC7"	"WASH3P.C4AMC7"	0.107416150600361	0.0724309980606105	0.0368104191746272	0.214918116918508	0.146270240426284	7.81430457329173e-05	1	1	1	0.430099323713977
"WASHC2A.Q641Q2"	"WASHC2A.Q641Q2"	0.378598559494451	0.819850521002786	0.442943097775885	-0.159281305261875	0.757087664603606	0.283448374891158	1	1	1	1
"WASHC4.Q2M389"	"WASHC4.Q2M389"	0.417369879987812	0.0265366081307636	0.439340852933503	0.169159114599024	0.0609567215680142	0.307651548526251	1	1	1	1
"WASHC5.Q12768"	"WASHC5.Q12768"	0.711420530198032	0.182245013332423	0.244224155261939	-0.123268405002917	0.57511631998787	0.203176018631095	1	1	1	1
"WBP11.Q9Y2W2"	"WBP11.Q9Y2W2"	0.576101663979309	0.0788357707490909	0.852042888132921	-0.0532394293083842	0.0412141863810143	0.361185785785143	1	1	1	1
"WBP2.Q969T9"	"WBP2.Q969T9"	5.16745469322711e-05	0.118222717339163	0.000101763837544284	-1.01125862654793	0.358772774423878	0.00476509403996603	0.279610973450519	1	1	1
"WDCP.Q9H6R7"	"WDCP.Q9H6R7"	0.198545506585223	0.00228608105167372	0.340330465632411	-0.250052485861998	0.0147597504801485	0.102580694108422	1	1	1	1
"WDFY1.Q8IWB7"	"WDFY1.Q8IWB7"	0.00671570089294597	0.0287201369633089	0.633154866683996	0.0409214878836087	0.0577918363363316	0.360513671589228	1	1	1	1
"WDHD1.O75717"	"WDHD1.O75717"	0.551935895582065	0.0659806483052316	0.00117666903290439	0.16708733360831	0.382868642143141	0.0880196104436313	1	1	1	1
"WDR11.Q9BZH6"	"WDR11.Q9BZH6"	5.62538061579769e-06	4.6223954469842e-05	0.0113829894753494	0.282108524091683	0.0260348095146992	0.031361387796568	0.0314458776423091	0.250302713454194	1	1
"WDR12.Q9GZL7"	"WDR12.Q9GZL7"	0.00942790475311446	0.179774017809449	0.00884196731060967	-0.263877732558038	0.617529894871703	3.32757639298841e-06	1	1	1	0.0191135988013254
"WDR13.Q9H1Z4"	"WDR13.Q9H1Z4"	0.23114391628716	0.00421833293987183	0.355785620170569	0.166999286883096	0.0517582291469049	0.186705092814709	1	1	1	1
"WDR18.Q9BV38"	"WDR18.Q9BV38"	0.582686701722007	0.249143628874486	0.40706099218548	-0.0789980266723313	0.00424866920351303	1.62080159392008e-05	1	1	1	0.0916563301361805
"WDR1.O75083"	"WDR1.O75083"	0.540943254899576	0.0776485187588392	0.0804986182044399	0.25569951734031	0.412095464575788	0.192948760796182	1	1	1	1
"WDR26.Q9H7D7"	"WDR26.Q9H7D7"	0.422206198857362	0.765454515296293	0.985604283762098	0.00168347570063347	0.11796211188337	0.275794722851458	1	1	1	1
"WDR33.Q9C0J8"	"WDR33.Q9C0J8"	0.800094892452198	0.0596184656775302	0.812479537508159	-0.021950418457494	0.00612865659687841	0.0240368439008862	1	1	1	1
"WDR36.Q8NI36"	"WDR36.Q8NI36"	0.663021470773863	0.00613887636832064	0.0101905306907764	-0.250998217653573	0.00269848018816797	7.4739032631756e-05	1	1	1	0.412036286898871
"WDR3.Q9UNX4"	"WDR3.Q9UNX4"	0.000816637845339886	0.0159926690952596	0.00697066301721407	-0.187138394045689	0.193599369011885	1.49139071960111e-08	1	1	1	8.77385160341331e-05
"WDR43.Q15061"	"WDR43.Q15061"	0.00330156938926312	0.000473330506557473	0.0320229526614259	-0.186494367582271	0.120498415450377	0.00816373918570069	1	1	1	1
"WDR44.Q5JSH3"	"WDR44.Q5JSH3"	0.953899310234561	0.078484254021288	0.0909780242477579	0.260409764696285	0.0183487186240582	0.331088189091879	1	1	1	1
"WDR46.O15213"	"WDR46.O15213"	0.0246182415104842	0.240536399083163	0.0278059537055348	-0.346801348598304	0.471791930789356	0.000247592860740729	1	1	1	1
"WDR48.Q8TAF3"	"WDR48.Q8TAF3"	7.38089171861927e-10	5.79265545331693e-09	5.01563803305432e-09	-0.85579786073071	0.746819711788221	0.767255047097067	4.32520254711089e-06	3.38001445701043e-05	1	1
"WDR4.P57081"	"WDR4.P57081"	0.117788319582783	0.00361238241442535	0.19270621313658	-0.153257266822235	0.0462301110728034	0.00119263589645637	1	1	1	1
"WDR55.Q9H6Y2"	"WDR55.Q9H6Y2"	0.000434454548080861	0.00564210382576624	0.00195505306976326	-0.320799006919068	0.00711002837576408	0.370810862754467	1	1	1	1
"WDR59.Q6PJI9"	"WDR59.Q6PJI9"	0.0521117005234796	0.187570566333307	0.208965803867933	0.370966273003569	0.383437575926972	0.753525714173034	1	1	1	1
"WDR5.P61964"	"WDR5.P61964"	0.326004292143405	0.104480121390153	0.802452784134134	-0.0291679356110378	0.0213760591251828	0.000165689911838422	1	1	1	0.894062764280126
"WDR61.Q9GZS3"	"WDR61.Q9GZS3"	0.20611663575074	0.0419535383035811	0.00285236882910548	0.378801555894472	0.825184710461757	0.984025817790134	1	1	1	1
"WDR62.O43379"	"WDR62.O43379"	0.0203054657030983	0.00786547924719381	0.00793403885077992	0.392402030651169	0.444548306080614	0.110035740445498	1	1	1	1
"WDR6.Q9NNW5"	"WDR6.Q9NNW5"	0.125366032783164	0.272905707739804	0.964769302431074	-0.0116160121919289	0.118583487901455	0.936976582401964	1	1	1	1
"WDR70.Q9NW82"	"WDR70.Q9NW82"	0.998629676212631	0.232191013713726	0.111336085797948	-0.207901226968747	0.0483270845344956	0.178179847602642	1	1	1	1
"WDR73.Q6P4I2"	"WDR73.Q6P4I2"	0.0692465225214841	3.31053058987444e-07	0.00341809621209784	0.513603151457301	0.956442742465344	0.0762320267683458	1	0.00190289298305983	1	1
"WDR74.Q6RFH5"	"WDR74.Q6RFH5"	0.00129089519509604	0.0163423006800608	0.378517575198021	-0.0861880134121907	0.988525943673823	0.873965036687542	1	1	1	1
"WDR75.Q8IWA0"	"WDR75.Q8IWA0"	0.80168842578994	0.178382229499884	0.232530675234218	-0.0889575261338833	0.00308152247370582	4.29147069125655e-06	1	1	1	0.0245901270609
"WDR76.Q9H967"	"WDR76.Q9H967"	1.57465052448002e-06	1.47880979655979e-06	0.000183477213004712	-1.08415822128536	0.280508150761758	0.0174671381205073	0.00893771637694857	0.00839807938327792	1	1
"WDR77.Q9BQA1"	"WDR77.Q9BQA1"	0.262230401340654	0.223862414219603	0.015942432736303	-0.390981298294036	0.521946981453304	0.708141292926426	1	1	1	1
"WDR82.Q6UXN9"	"WDR82.Q6UXN9"	0.751797128670472	0.0171635397576414	0.734099949947131	0.0375144771283403	0.860086865341175	0.0783333464584825	1	1	1	1
"WDR89.Q96FK6"	"WDR89.Q96FK6"	1.72402967086336e-08	0.12527239669739	0.00014158954275964	-0.628102118803277	0.0026111595086479	0.001683677040066	0.000100217844767287	1	1	1
"WDR91.A4D1P6"	"WDR91.A4D1P6"	0.780901656373291	0.901125545261282	0.0105988804479648	-0.504550675513734	0.825037601460191	0.276093481267748	1	1	1	1
"WFS1.O76024"	"WFS1.O76024"	0.000737442839850151	0.0481304259039363	0.466987951691899	0.117506751806026	0.0182653031017383	0.0040191636236665	1	1	1	1
"WIPI2.Q9Y4P8"	"WIPI2.Q9Y4P8"	0.973861368708174	0.0353340372725692	0.0574422574292777	0.45420016165189	0.00908997022578254	0.440452574601654	1	1	1	1
"WIZ.O95785.3"	"WIZ.O95785.3"	0.749289167193956	0.489191671442571	0.00183927713494927	0.359202224280785	0.179282975998561	0.447815763467694	1	1	1	1
"WLS.Q5T9L3"	"WLS.Q5T9L3"	0.0138322849433443	0.000484894149819989	0.000122339071676659	0.884811446302555	0.885678211735844	7.71679433707924e-05	1	1	1	0.424963864142954
"WNK1.Q9H4A3"	"WNK1.Q9H4A3"	4.66049749185037e-05	0.0015264858019702	0.00248009251771167	0.228805256118454	0.141973551978895	0.00247513683585099	0.25259896405829	1	1	1
"WRAP53.Q9BUR4"	"WRAP53.Q9BUR4"	0.220813345653866	0.192424384079963	0.0760223202159376	-0.549422597236716	0.0789347016298917	0.97650666522537	1	1	1	1
"WRNIP1.Q96S55"	"WRNIP1.Q96S55"	0.553080207901755	0.00191963510599608	0.00754651229536873	0.407258286327123	0.0945128716814096	0.347567370465111	1	1	1	1
"WRN.Q14191"	"WRN.Q14191"	0.808511495546872	0.462738811219377	0.832981539400869	-0.0615489374762718	0.863768639698901	0.103888229380678	1	1	1	1
"WTAP.Q15007"	"WTAP.Q15007"	0.287841046763587	0.52477711533634	0.41960607343677	-0.194707174404327	0.256245096273791	0.134197835539538	1	1	1	1
"WWC3.Q9ULE0"	"WWC3.Q9ULE0"	0.0486284729850698	0.274189451023831	0.00013131938289874	-2.48513838319001	0.34051083570586	0.997406308446775	1	1	1	1
"WWOX.Q9NZC7"	"WWOX.Q9NZC7"	0.369361024274781	0.20657502404056	0.596055918891799	-0.140304190174372	0.682962753528613	0.58140597529895	1	1	1	1
"WWTR1.Q9GZV5"	"WWTR1.Q9GZV5"	0.0569823446717335	7.88744143551275e-06	0.73658259938181	-0.0450433117595565	0.794991946458465	0.001171566742329	1	0.0440434729759032	1	1
"XAB2.Q9HCS7"	"XAB2.Q9HCS7"	0.921214543083166	0.838260718231051	0.467292506218226	0.0671574765005	0.463411498865767	0.000139411265124377	1	1	1	0.755748468239246
"XAGE1B.Q9HD64"	"XAGE1B.Q9HD64"	0.128185667057458	0.117694874118966	0.199020714387867	0.777107542788888	0.303528008179009	0.177564153511146	1	1	1	1
"XIRP1.Q702N8"	"XIRP1.Q702N8"	0.204900887523615	0.816636895456304	0.168066372819046	-0.736352796254246	0.785657005420809	0.70840972101746	1	1	1	1
"XPC.Q01831"	"XPC.Q01831"	0.179976968086431	0.462896804512005	0.169231593450376	0.404939914844179	0.446342307732757	0.0198000513050532	1	1	1	1
"XPNPEP1.Q9NQW7.3"	"XPNPEP1.Q9NQW7.3"	0.822231861953099	0.0010716215845364	0.208040666139095	-0.137711841504717	0.0460933742940477	0.0652449805557571	1	1	1	1
"XPO1.O14980"	"XPO1.O14980"	0.00161843274386517	0.0029772930860443	0.115740373691851	0.12607202530695	0.212316878344089	0.451006663151614	1	1	1	1
"XPO4.Q9C0E2"	"XPO4.Q9C0E2"	0.407024005159635	0.304947147420105	0.0701310015702013	-0.904511411150816	0.0311211906815686	0.915951556065193	1	1	1	1
"XPO5.Q9HAV4"	"XPO5.Q9HAV4"	0.0445450898877654	0.000286638105420236	0.147528084892863	-0.108207488022061	0.288149329706072	0.85720640329042	1	1	1	1
"XPO6.Q96QU8"	"XPO6.Q96QU8"	0.268298060507034	0.0176107895990559	0.00567295583482266	0.792109479520835	0.125124899440139	0.563413461717689	1	1	1	1
"XPO7.Q9UIA9"	"XPO7.Q9UIA9"	0.00890235083535364	0.00685534074712921	0.202522679065949	0.121146297682243	0.573912299480645	0.401969341996395	1	1	1	1
"XPOT.O43592"	"XPOT.O43592"	0.000258722838283155	0.00773856818451549	0.187727678977795	0.183568635271785	0.956725437891527	0.379800118571394	1	1	1	1
"XRCC1.P18887"	"XRCC1.P18887"	0.0390693186442063	0.233933839091311	0.373689468031831	0.0966920850654688	0.93157795961278	0.0251529150757616	1	1	1	1
"XRCC4.Q13426"	"XRCC4.Q13426"	0.125985236447273	5.40777212928406e-05	0.902194430901658	-0.0165630588636283	0.476446119515772	0.0153425312963905	1	0.291749306374875	1	1
"XRCC5.P13010"	"XRCC5.P13010"	0.0855042513203193	0.00798007957445961	0.0063559048942908	0.199065585121519	0.0142096419381365	0.471966423331672	1	1	1	1
"XRCC6.P12956"	"XRCC6.P12956"	0.00571431085441297	0.894120791707682	0.507619630720827	-0.0519281245429009	0.00106627590767328	0.902122947792693	1	1	1	1
"XRN1.Q8IZH2"	"XRN1.Q8IZH2"	0.77829002250883	0.256857312628484	0.257124299215518	0.346242179003603	0.0638862341468312	0.749289979339914	1	1	1	1
"XRN2.Q9H0D6"	"XRN2.Q9H0D6"	0.719723495688219	0.471872857170206	0.747935684670868	-0.0212562100983736	0.0116684640344876	0.000104341667884794	1	1	1	0.571061948333476
"YAP1.P46937"	"YAP1.P46937"	3.37249514103206e-07	0.00131585785753188	0.000700106740335868	-0.348609173717305	0.451602069098079	0.375410505452746	0.00193716120900882	1	1	1
"YARS1.P54577"	"YARS1.P54577"	0.735368086974992	0.253199600939501	1.98323867482751e-06	-0.593175272037956	0.150606763388989	0.021355848522035	1	1	1	1
"YARS2.Q9Y2Z4"	"YARS2.Q9Y2Z4"	0.365423562604211	0.572109627527799	0.620538089114267	0.0748070265794733	0.657263114916773	0.00605616438392064	1	1	1	1
"YBX1.P67809"	"YBX1.P67809"	0.878173273962537	0.212899529648423	0.0329108014987188	0.412829473307623	0.662538842059491	0.172801261216281	1	1	1	1
"YBX3.P16989"	"YBX3.P16989"	0.484844325377429	0.217554229661733	0.943466257614008	-0.0103693148746604	0.129666257607764	0.307144771454798	1	1	1	1
"YEATS4.O95619"	"YEATS4.O95619"	0.410737513817875	0.324803692296483	0.164895009153492	0.14163467642371	0.214153697370885	0.255881603262367	1	1	1	1
"YES1.P07947"	"YES1.P07947"	9.55534476960755e-05	0.130038628660706	0.754145819557104	-0.0255654156521681	2.03265208135741e-06	1.33692905795878e-05	0.510159857249347	1	0.011988581975846	0.0757637697145241
"YIF1A.O95070"	"YIF1A.O95070"	0.055811118562316	0.00374313574817019	0.0519088002760378	-0.295722688918199	0.0323473582854083	0.00669657952580434	1	1	1	1
"YIPF4.Q9BSR8"	"YIPF4.Q9BSR8"	0.0439747277659097	0.416727436731202	0.0102013910940045	-1.74672266398493	0.0288000105112928	0.117101789050457	1	1	1	1
"YIPF5.Q969M3"	"YIPF5.Q969M3"	0.00165569601266784	0.0706565844417816	0.000698988848990891	-1.23107923185442	0.666918947706791	0.0345308537751955	1	1	1	1
"YIPF6.Q96EC8"	"YIPF6.Q96EC8"	0.947116629741473	0.0128113007488621	0.515898095250195	-0.165541398888219	0.292080969949705	0.0235563344237881	1	1	1	1
"YJU2.Q9BW85"	"YJU2.Q9BW85"	0.168607164923483	0.109626217027763	0.987902157159935	-0.00327923668926353	0.671861673624689	0.307853329015449	1	1	1	1
"YKT6.O15498"	"YKT6.O15498"	2.88051494213296e-06	4.83757939915569e-08	1.36464320720258e-05	0.743742992081713	0.668990267948859	0.146282633056595	0.0162777899379934	0.000280144223005106	1	1
"YLPM1.P49750"	"YLPM1.P49750"	3.09170725998796e-06	0.0877643673156757	0.144403133215152	-0.0971062253463469	0.234859466575032	0.00127386667332026	0.017458870897152	1	1	1
"YME1L1.Q96TA2"	"YME1L1.Q96TA2"	0.00633218668771742	0.0113507234458572	0.000349867043126459	-0.461643646065124	0.021156848194094	0.00507481273795265	1	1	1	1
"YPEL5.P62699"	"YPEL5.P62699"	0.0169500635981927	0.167394606084188	0.000472944391230809	-0.557448061440304	0.897954969846531	0.753720519732589	1	1	1	1
"YRDC.Q86U90"	"YRDC.Q86U90"	0.0855319472690589	0.120744385771435	0.00461987905092149	-0.976254344494149	0.0370292248405347	0.486095202581787	1	1	1	1
"YTHDC1.Q96MU7"	"YTHDC1.Q96MU7"	0.435411855924563	0.144548419870215	0.553104376157629	0.0735695423052214	0.155505276581022	0.0187532933970102	1	1	1	1
"YTHDC2.Q9H6S0"	"YTHDC2.Q9H6S0"	0.000934246655635365	0.00190673854720667	0.35265547475979	0.197926368005364	0.157755263951737	0.00180760380936729	1	1	1	1
"YTHDF1.Q9BYJ9"	"YTHDF1.Q9BYJ9"	0.668130323695504	0.673228654230208	0.554774287029893	-0.0584788348225614	0.762637473141593	0.0378912919865947	1	1	1	1
"YTHDF2.Q9Y5A9"	"YTHDF2.Q9Y5A9"	0.316491104911079	0.206510886517067	0.0162805831499656	0.296827534803554	0.52477500653412	0.0788339851195683	1	1	1	1
"YTHDF3.Q7Z739"	"YTHDF3.Q7Z739"	0.0182063660132153	0.946541909093984	0.779263803710597	-0.0347708812835201	0.242485512302105	0.26708438083023	1	1	1	1
"YWHAB.P31946"	"YWHAB.P31946"	0.362043601576901	0.187383895598452	0.865322284069992	-0.0285000286412057	0.0693976087878343	0.129373442308522	1	1	1	1
"YWHAE.P62258"	"YWHAE.P62258"	0.370711362842309	0.344914909862942	0.577314681667596	-0.131184552030644	0.376649831464582	0.440840846777398	1	1	1	1
"YWHAG.P61981"	"YWHAG.P61981"	0.413529020255512	0.0031464705823547	0.399502230201518	-0.146599572641281	0.170296335415926	0.17311193952521	1	1	1	1
"YWHAH.Q04917"	"YWHAH.Q04917"	0.357743346507852	0.162989141057198	0.646165828511318	-0.11694055372024	0.113646818654195	0.913790400197916	1	1	1	1
"YWHAQ.P27348"	"YWHAQ.P27348"	0.103339591651318	0.0308929022787277	0.961142522759037	-0.00974171173163335	0.19985827090109	0.710258779281147	1	1	1	1
"YWHAZ.P63104"	"YWHAZ.P63104"	0.425955936636635	0.158986391559521	0.820954217715023	-0.0540992046000999	0.15248272904761	0.778836980181941	1	1	1	1
"YY1.P25490"	"YY1.P25490"	0.413313942209244	0.00178464589646308	0.0157706714982982	0.170649705502598	0.00124899069330308	0.388035661930969	1	1	1	1
"ZADH2.Q8N4Q0"	"ZADH2.Q8N4Q0"	0.0966034507302686	0.95868097160443	0.0630136695170036	0.255058423131129	0.729101821213597	0.00850944661559565	1	1	1	1
"ZBTB11.O95625"	"ZBTB11.O95625"	0.911421489210687	0.403762205777381	0.178479581830732	0.246154656567116	0.285075191236691	0.0150055348022225	1	1	1	1
"ZBTB20.Q9HC78"	"ZBTB20.Q9HC78"	0.696680443328261	0.525712840810946	0.160635833455777	0.346053557622181	0.00692316804793646	0.922889456908712	1	1	1	1
"ZBTB21.Q9ULJ3"	"ZBTB21.Q9ULJ3"	0.00879619654734273	0.139294335669336	0.00317093916380089	-0.615029227822	0.829134961381684	0.000240738766668988	1	1	1	1
"ZBTB7A.O95365"	"ZBTB7A.O95365"	0.0530691450384622	0.275431888305424	0.000121726743143808	0.706485372295802	0.141541964219604	0.161634219537663	1	1	1	1
"ZBTB8OS.Q8IWT0"	"ZBTB8OS.Q8IWT0"	0.384999185787755	0.010895825954169	0.756677122944545	0.242382966054363	0.498599526893951	0.00773677321330621	1	1	1	1
"ZC2HC1A.Q96GY0"	"ZC2HC1A.Q96GY0"	0.766793049244907	0.193180278300616	0.000418362232905947	-0.569451571261938	0.0155136698616743	0.362587213744456	1	1	1	1
"ZC3H11A.O75152"	"ZC3H11A.O75152"	0.0119004989669475	0.000235548860860505	0.00365869103088763	0.242297337592545	0.764217931142161	0.000735922981056538	1	1	1	1
"ZC3H13.Q5T200"	"ZC3H13.Q5T200"	0.825328524044363	0.00891042244886025	0.00509305646536965	0.327547804058872	0.0601100300103493	0.0525554044917392	1	1	1	1
"ZC3H14.Q6PJT7"	"ZC3H14.Q6PJT7"	0.886044159944754	0.704592900844988	0.0284732427008497	0.174638770459276	0.0177181934807765	0.075688593139795	1	1	1	1
"ZC3H14.Q6PJT7.2"	"ZC3H14.Q6PJT7.2"	0.182349695691948	0.968807336908632	0.181769095638859	0.176166435498858	0.202288465001936	0.610210357747859	1	1	1	1
"ZC3H15.Q8WU90"	"ZC3H15.Q8WU90"	0.13689778156006	0.172554123370471	0.00170338222205318	0.332182975643038	0.899845696599193	0.00146060102168745	1	1	1	1
"ZC3H18.Q86VM9"	"ZC3H18.Q86VM9"	0.000397897047691091	0.0435328264554862	0.0603432830887071	0.198384115295104	0.0172617081720411	0.818420064867612	1	1	1	1
"ZC3H3.Q8IXZ2"	"ZC3H3.Q8IXZ2"	0.935687357938095	0.953882604846592	0.343786635873841	-0.228212990165916	0.584606105384451	0.000148269856179572	1	1	1	0.802881271212381
"ZC3H4.Q9UPT8"	"ZC3H4.Q9UPT8"	0.111674923943276	0.295162663081958	0.791930189314746	0.0247223849979207	0.0117420346659283	0.248772245821688	1	1	1	1
"ZC3H7A.Q8IWR0"	"ZC3H7A.Q8IWR0"	0.0994024206533667	0.877281346396673	0.134733876932618	0.136048175360971	0.0234548163783915	0.260119244596102	1	1	1	1
"ZC3H7B.Q9UGR2"	"ZC3H7B.Q9UGR2"	0.658845102072253	0.0262502986363435	0.31816605999227	0.295713097696016	0.835949361871577	0.123683634005854	1	1	1	1
"ZC3HAV1L.Q96H79"	"ZC3HAV1L.Q96H79"	0.710278071377401	0.106380931097784	0.451050647423402	0.128422099611702	0.314978628433304	0.000760726762713967	1	1	1	1
"ZC3HAV1.Q7Z2W4"	"ZC3HAV1.Q7Z2W4"	0.037689490060756	0.323912842565836	0.0998981564256288	0.0938992817551253	0.80639130481448	0.101265014393445	1	1	1	1
"ZC3HC1.Q86WB0"	"ZC3HC1.Q86WB0"	0.179959547794192	0.905075700467061	0.0332631463996944	-0.223606870773593	0.718413548969746	0.568692049428106	1	1	1	1
"ZCCHC10.Q8TBK6"	"ZCCHC10.Q8TBK6"	0.698711745422089	0.456408902503214	0.000154050031638114	-0.75403039060606	1.20833943787675e-05	0.000139019940080639	1	1	0.0710866091302894	0.753905135057303
"ZCCHC3.Q9NUD5"	"ZCCHC3.Q9NUD5"	0.550803163485205	0.715131806987198	0.79963370557155	-0.0341364308727857	0.820497445266841	0.756786192097581	1	1	1	1
"ZCCHC8.Q6NZY4"	"ZCCHC8.Q6NZY4"	0.0656386700745246	0.000111379894287365	0.0135957123533532	0.218430808222477	0.0881705724867815	0.0321100305926249	1	0.593432076763082	1	1
"ZCRB1.Q8TBF4"	"ZCRB1.Q8TBF4"	0.180631787822811	0.0805420724150632	0.0316512117600896	1.76186800861316	0.820582006815916	0.861608296261592	1	1	1	1
"ZDHHC1.Q8WTX9"	"ZDHHC1.Q8WTX9"	0.828022329510537	0.626558832955727	0.652595204523532	-0.301612711713123	0.843703895475593	0.100403131440402	1	1	1	1
"ZDHHC4.Q9NPG8"	"ZDHHC4.Q9NPG8"	0.189633510855461	0.116964017456857	0.144989616622484	0.417187272067656	0.0155483663008611	0.00740705605236621	1	1	1	1
"ZDHHC5.Q9C0B5"	"ZDHHC5.Q9C0B5"	0.546976448953779	0.315532890900321	0.30514095335714	0.121441339653314	0.618784453189688	0.141638340086845	1	1	1	1
"ZDHHC7.Q9NXF8"	"ZDHHC7.Q9NXF8"	0.373631957353862	0.0310154189532203	0.0622173770850852	0.684262694477457	0.908388405699297	0.170736923995295	1	1	1	1
"ZEB1.P37275"	"ZEB1.P37275"	0.782211829505199	0.0603733737563939	0.418437852591513	-0.285793230982424	0.0719159681892456	0.255697500188997	1	1	1	1
"ZFAND1.Q8TCF1"	"ZFAND1.Q8TCF1"	0.850742005675246	0.00285359686014468	0.00538731252055204	0.565282535263133	0.00391158197494283	0.272262081061367	1	1	1	1
"ZFAND5.O76080"	"ZFAND5.O76080"	0.0860701639540434	0.990560187494984	0.0115415252993132	0.763065601261185	0.11283814531016	0.00370235916812447	1	1	1	1
"ZFC3H1.O60293"	"ZFC3H1.O60293"	0.991822210811816	0.588178299634507	0.117765761436911	-0.447605955862056	0.380114184087221	0.0104910332895201	1	1	1	1
"ZFP36L1.Q07352"	"ZFP36L1.Q07352"	0.765723112838906	0.041699055320857	3.54837567532597e-06	0.848991573365276	0.0192634821832189	1.12677814492696e-05	1	1	1	0.0640009986318516
"ZFP64.Q9NTW7"	"ZFP64.Q9NTW7"	0.115119316803784	0.110254372654409	0.405711575436821	-0.339920471200101	0.585011226499554	0.0649567362778296	1	1	1	1
"ZFP91.Q96JP5"	"ZFP91.Q96JP5"	0.465400846698635	0.684382271466194	0.0542711184546631	0.3988933275698	0.293265937074754	0.800293114546072	1	1	1	1
"ZFPL1.O95159"	"ZFPL1.O95159"	0.0468571161186341	0.057396674632604	0.664439583484078	0.0517910859502082	0.506259544280752	0.254608413519727	1	1	1	1
"ZFR.Q96KR1"	"ZFR.Q96KR1"	0.114859181507806	0.469463221421241	1.06733385586286e-05	-0.356977863655166	0.162180380479297	6.46062114675663e-05	1	1	1	0.357013924569772
"ZFYVE27.Q5T4F4"	"ZFYVE27.Q5T4F4"	0.000547903807458876	0.0291340179441918	0.000877239642810928	-1.02972461043234	0.961190774953272	0.166877169363777	1	1	1	1
"ZGPAT.Q8N5A5"	"ZGPAT.Q8N5A5"	0.0319588601582092	0.0468667740380722	0.025229690471539	0.434301414759471	0.318945823865394	0.129786580898136	1	1	1	1
"ZHX1.Q9UKY1"	"ZHX1.Q9UKY1"	0.0116067434686084	0.561738598069301	0.440633470894433	-0.178584755316474	0.796999388454161	0.126305432391661	1	1	1	1
"ZMAT2.Q96NC0"	"ZMAT2.Q96NC0"	0.92805287733742	0.107075530845716	0.76878721820286	0.0820990013596422	0.358409788283407	0.115323239468172	1	1	1	1
"ZMAT3.Q9HA38"	"ZMAT3.Q9HA38"	0.708949666041966	0.0317894491356755	0.896517759942732	-0.024020780397713	0.0796483389953039	0.000129065195654999	1	1	1	0.701598403580574
"ZMPSTE24.O75844"	"ZMPSTE24.O75844"	0.163603154314619	0.718552277913491	0.621614227665931	-0.0567677291171824	0.0372750416976021	1.0724697361792e-05	1	1	1	0.0609699045017872
"ZMYM2.Q9UBW7"	"ZMYM2.Q9UBW7"	0.0353983084456601	0.916210311075538	0.273034688295062	-0.182666588999172	0.582499975104142	0.0178247309930414	1	1	1	1
"ZMYM3.Q14202"	"ZMYM3.Q14202"	0.185464611011896	0.608158879060643	0.264307255761777	-0.177447530795368	0.00824643485828545	0.000655532739482472	1	1	1	1
"ZMYM4.Q5VZL5"	"ZMYM4.Q5VZL5"	0.6058216383038	0.918884071612291	0.150785770212995	0.303085013158351	0.992922561842143	0.137091798824638	1	1	1	1
"ZMYND8.Q9ULU4"	"ZMYND8.Q9ULU4"	0.259974384711293	0.137394593500505	0.469229227722383	-0.0817758199223041	0.539321251469009	0.0622903248885368	1	1	1	1
"ZMYND8.Q9ULU4.11"	"ZMYND8.Q9ULU4.11"	0.0482201670664445	0.386633555327109	0.424421586016906	-0.192712865917234	0.885882575076236	0.476257992592615	1	1	1	1
"ZNF106.Q9H2Y7"	"ZNF106.Q9H2Y7"	0.0318919508907049	1.84639845824523e-06	3.25640213554285e-05	0.666432343192942	0.00571711264013149	0.67948012072046	1	0.0104690792582505	1	1
"ZNF131.P52739"	"ZNF131.P52739"	0.313394710654592	0.282844349063541	0.722130310528362	0.0496554242521614	0.401615760268552	0.0251717962948675	1	1	1	1
"ZNF143.P52747"	"ZNF143.P52747"	0.230274412974549	0.908523227302568	0.737522328769282	-0.0636742159123384	0.00337013075677965	0.406911713351147	1	1	1	1
"ZNF148.Q9UQR1"	"ZNF148.Q9UQR1"	0.872420087759962	0.304728230885287	0.00163353405465764	0.56053725857923	0.0879251589301675	0.553063438942164	1	1	1	1
"ZNF185.O15231"	"ZNF185.O15231"	8.50234642369489e-05	0.0552660726836239	0.391689569414909	-0.0773381064299697	0.82177037574821	0.576890623548505	0.455300650988861	1	1	1
"ZNF185.O15231.3"	"ZNF185.O15231.3"	0.777008198809967	0.00811525272422607	0.175532206205843	-0.298003962560723	0.129008005780029	0.0256872709748182	1	1	1	1
"ZNF185.O15231.6"	"ZNF185.O15231.6"	0.139395755003295	0.698439871692881	0.019100425477914	-0.731983697241493	0.0424067905881007	0.757826620263876	1	1	1	1
"ZNF207.O43670"	"ZNF207.O43670"	0.317227070887378	0.81421874060859	0.512176743593969	0.0626077935742042	0.872293033163609	0.0425229591151626	1	1	1	1
"ZNF207.O43670.2"	"ZNF207.O43670.2"	0.150580531610875	0.881678957271184	0.0403045217078107	-1.0597304429457	0.105247933635172	0.218781668013923	1	1	1	1
"ZNF217.O75362"	"ZNF217.O75362"	0.247415803074543	3.10101313694707e-05	5.41348672018343e-07	0.854529611261055	0.348467770552283	0.0117976756059087	1	0.169284307145941	1	1
"ZNF22.P17026"	"ZNF22.P17026"	0.0282102216157457	0.395375309101328	0.133947136549214	0.531937330523979	0.528051777657276	0.0345985884594476	1	1	1	1
"ZNF24.P17028"	"ZNF24.P17028"	0.974179923495803	0.00304795590782652	0.470417803826721	0.193627012921861	0.265448909646736	0.00475159023035707	1	1	1	1
"ZNF277.Q9NRM2"	"ZNF277.Q9NRM2"	0.0915036564991166	0.0127904973364316	0.337599924169347	-0.389735650811383	0.169853185498744	0.0454079840496251	1	1	1	1
"ZNF280C.Q8ND82"	"ZNF280C.Q8ND82"	0.485777150738246	0.0272060593398523	0.00753894508876905	-0.415203848553746	0.524630565521432	0.000715754510261125	1	1	1	1
"ZNF281.Q9Y2X9"	"ZNF281.Q9Y2X9"	0.0181486857162997	0.0302668917885432	0.932166348622925	0.0142714514925029	0.250001322548018	0.0111814646983367	1	1	1	1
"ZNF316.A6NFI3"	"ZNF316.A6NFI3"	0.717022594394934	0.118157804608871	0.175288070573527	0.393008808894122	0.6401893228816	0.945657968613559	1	1	1	1
"ZNF326.Q5BKZ1"	"ZNF326.Q5BKZ1"	3.14061858899266e-13	1.13998270581504e-09	9.64004736575978e-13	-0.704820197788657	0.33135681604028	3.32922115414746e-07	1.85076653449338e-09	6.67231877713544e-06	1	0.00194493099825294
"ZNF330.Q9Y3S2"	"ZNF330.Q9Y3S2"	0.00902448949063431	1.29597561683593e-06	0.00182565511462431	0.41593824357751	0.194400234943058	0.0267336665211846	1	0.00737150930856275	1	1
"ZNF346.Q9UL40"	"ZNF346.Q9UL40"	3.84276714952154e-06	0.0860613040293777	0.00147392494819586	-0.395608787735242	0.176931591912866	0.0427113210815912	0.0216001941474606	1	1	1
"ZNF384.Q8TF68"	"ZNF384.Q8TF68"	0.907018969230459	0.577284950891091	0.927397940752209	-0.0129003853403575	0.990841006258944	0.0013050519046086	1	1	1	1
"ZNF428.Q96B54"	"ZNF428.Q96B54"	0.155760412065019	0.595506427242009	0.75832303269468	-0.0571810731864725	0.90317313396679	0.201138174151391	1	1	1	1
"ZNF444.Q8N0Y2"	"ZNF444.Q8N0Y2"	0.510354562786452	0.00591411144632961	0.000831058001542887	-0.752791290542099	0.75884292214412	0.0173704426749532	1	1	1	1
"ZNF451.Q9Y4E5"	"ZNF451.Q9Y4E5"	0.228552650267532	0.667502479615639	0.188414631898049	0.319726292768392	0.306540036314795	0.55007724852754	1	1	1	1
"ZNF512.Q96ME7"	"ZNF512.Q96ME7"	0.000649686953893111	1.97522853619423e-05	0.000337345942338608	-0.515701811136513	0.897557395022108	0.00134660805887543	1	0.108657321776044	1	1
"ZNF532.Q9HCE3"	"ZNF532.Q9HCE3"	0.0317442934198532	0.227039243480404	0.65499167882338	0.0998599062158347	0.0362803272219318	0.0397898626019195	1	1	1	1
"ZNF574.Q6ZN55"	"ZNF574.Q6ZN55"	0.00568065981429936	0.000544673213860353	0.000140995593417519	0.507115964582672	0.264612296821234	0.962797342067974	1	1	1	1
"ZNF580.Q9UK33"	"ZNF580.Q9UK33"	0.64507190710654	2.52166148219523e-05	0.816967435918214	0.080939049701291	0.700383190662185	5.30543267687254e-07	1	0.138313132298408	1	0.00309200616408132
"ZNF592.Q92610"	"ZNF592.Q92610"	0.827257322744337	0.115037570134229	0.475969780583524	0.109376354645666	0.923768248137546	0.000251188949134907	1	1	1	1
"ZNF593.O00488"	"ZNF593.O00488"	0.0337822897971756	0.211140809340181	0.666684969859526	-0.15242670819213	0.446468746051477	0.432629649614229	1	1	1	1
"ZNF598.Q86UK7"	"ZNF598.Q86UK7"	0.532731723451714	0.0121926929106018	0.326471032450548	0.0973411953125467	0.0421727178675016	0.000222942821526974	1	1	1	1
"ZNF609.O15014"	"ZNF609.O15014"	0.108258621647099	0.0396965828645838	0.247221941457548	0.319135790205465	0.371253228818961	0.0106354692984342	1	1	1	1
"ZNF622.Q969S3"	"ZNF622.Q969S3"	3.4857738062325e-05	0.0188648810148155	3.50591303663833e-06	-0.519470028825235	0.263951196327743	0.0018713043923879	0.190079245653858	1	1	1
"ZNF629.Q9UEG4"	"ZNF629.Q9UEG4"	0.0580488099462002	0.0193373149881884	0.0014113497490065	0.849054551288315	0.106575460623268	0.114917364058867	1	1	1	1
"ZNF638.Q14966"	"ZNF638.Q14966"	6.40667690296229e-05	2.88407459340436e-05	0.293310815606847	-0.0644325729231683	0.816112333263595	0.00573099417364523	0.345191751531608	0.157643517275482	1	1
"ZNF644.Q9H582"	"ZNF644.Q9H582"	0.154255416220698	0.259055263928316	0.0156906950627875	0.338780830588261	0.00616517087494778	0.575842042972454	1	1	1	1
"ZNF646.O15015"	"ZNF646.O15015"	0.731152133990361	0.143241412109957	0.297962450680617	0.373731425191773	0.0603319587601853	0.137346085788833	1	1	1	1
"ZNF668.Q96K58"	"ZNF668.Q96K58"	0.872861534263946	0.0579404056734738	0.215711190717097	0.334578551517414	0.664476663588261	0.12765788809293	1	1	1	1
"ZNF691.Q5VV52"	"ZNF691.Q5VV52"	0.707570407553401	0.000856020529781138	0.519800053982659	-0.192770405506778	0.753124725370013	0.00045430556377758	1	1	1	1
"ZNF697.Q5TEC3"	"ZNF697.Q5TEC3"	0.0131955360429052	0.158485722968935	0.0417820629517108	-0.646627703260291	0.00857245357325654	0.208712109512774	1	1	1	1
"ZNF706.Q9Y5V0"	"ZNF706.Q9Y5V0"	0.609998337315635	0.612577503487602	0.418615540564288	-0.228966802592371	0.154823192486924	0.356810186189406	1	1	1	1
"ZNF740.Q8NDX6"	"ZNF740.Q8NDX6"	0.252560876620329	0.00373694413312411	0.132269836205951	-0.39217378836871	0.056634502324246	0.27445964342217	1	1	1	1
"ZNF787.Q6DD87"	"ZNF787.Q6DD87"	0.928671807557125	0.838498968354899	0.994846571930607	0.00157945470445151	0.724142856211727	0.829246139990002	1	1	1	1
"ZNF830.Q96NB3"	"ZNF830.Q96NB3"	0.835949612727306	0.0802918403597684	0.282383521874085	0.139904903337738	0.290528733071203	0.00641643030483357	1	1	1	1
"ZNF865.P0CJ78"	"ZNF865.P0CJ78"	0.537876030493773	0.60834325673812	0.47621399659431	0.10740207730564	0.419626850000582	0.0180200225091026	1	1	1	1
"ZNFX1.Q9P2E3"	"ZNFX1.Q9P2E3"	0.444297482262878	0.00405241368830965	0.518572149140105	0.17592205358893	0.493032676541584	0.068651514392987	1	1	1	1
"ZNHIT3.Q15649"	"ZNHIT3.Q15649"	0.191801009400119	0.460186001287337	0.013811351538805	0.452137698098899	0.740533602096611	0.804919666994606	1	1	1	1
"ZNHIT6.Q9NWK9"	"ZNHIT6.Q9NWK9"	0.414166803928764	0.0754155611934822	0.0162963280132671	-0.562271902273027	0.0160050657970535	4.49698743292355e-05	1	1	1	0.250077471144879
"ZNRD2.O60232"	"ZNRD2.O60232"	0.215363088093073	0.000736145288962652	0.244303561030332	0.220691569499299	0.751088753527571	0.207184216213231	1	1	1	1
"ZPR1.O75312"	"ZPR1.O75312"	0.0944938869921981	0.00467001295713066	0.0838333895790705	0.379505015881197	0.590921222034586	0.10029486430637	1	1	1	1
"ZRANB2.O95218"	"ZRANB2.O95218"	0.645027575490975	0.225376026776131	0.97777158170947	-0.0043014391739114	0.567224885394069	0.683400908670746	1	1	1	1
"ZW10.O43264"	"ZW10.O43264"	3.17180437275912e-07	2.01389626892884e-05	0.00337832991010647	0.279496776469494	0.0130743420233806	0.568748175683138	0.00182283597302466	0.110703877903019	1	1
"ZWILCH.Q9H900"	"ZWILCH.Q9H900"	0.000204005000490348	1.21806031455795e-05	0.00278330568926954	0.464533351265053	0.386767738181875	0.877228677791001	1	0.0675658056485294	1	1
"ZWINT.O95229"	"ZWINT.O95229"	0.382268367294014	0.000408479766795206	0.00100560828220046	0.617041526341226	0.00873050842314385	0.0167791041272157	1	1	1	1
"ZYX.Q15942"	"ZYX.Q15942"	0.000408396925612978	8.72705777431767e-05	0.0024894548030842	-0.365298059552143	0.367357660145883	3.18928611882549e-05	1	0.467159402659225	1	0.178568129793039
